odor,comparators_learned,integrators_learned,comparators_random,integrators_random,comparators_matched,integrators_matched
0,0.046,0.046,0.016,0.012,0.002,0.004
2,0.044,0.046,0.0,0.0,0.012,0.006
3,0.0,0.008,0.0,0.0,0.002,0.006
4,0.0,0.018,0.0,0.0,0.0,0.028
5,0.002,0.002,0.0,0.0,0.0,0.0
7,0.046,0.046,0.012,0.006,0.026,0.012
8,0.046,0.046,0.006,0.016,0.004,0.002
9,0.046,0.044,0.0,0.0,0.02,0.012
10,0.04,0.036,0.004,0.002,0.028,0.026
13,0.022,0.036,0.0,0.004,0.006,0.026
14,0.046,0.046,0.004,0.002,0.032,0.024
15,0.042,0.04,0.0,0.0,0.004,0.002
16,0.046,0.046,0.002,0.006,0.01,0.0
17,0.012,0.016,0.002,0.0,0.036,0.026
19,0.04,0.044,0.0,0.0,0.004,0.01
20,0.046,0.046,0.0,0.004,0.002,0.004
21,0.036,0.038,0.0,0.0,0.038,0.034
22,0.046,0.046,0.002,0.016,0.012,0.014
23,0.0,0.01,0.0,0.0,0.0,0.03
26,0.04,0.04,0.002,0.01,0.016,0.018
28,0.03,0.04,0.0,0.0,0.0,0.0
29,0.03,0.026,0.0,0.0,0.01,0.014
30,0.046,0.046,0.008,0.022,0.008,0.002
31,0.046,0.046,0.0,0.0,0.01,0.014
32,0.046,0.044,0.008,0.0,0.002,0.004
33,0.044,0.044,0.0,0.0,0.002,0.0
37,0.046,0.046,0.0,0.004,0.012,0.014
39,0.044,0.04,0.0,0.0,0.006,0.006
40,0.026,0.022,0.0,0.0,0.0,0.0
41,0.012,0.026,0.0,0.012,0.014,0.024
43,0.008,0.012,0.0,0.0,0.032,0.036
45,0.0,0.0,0.0,0.0,0.0,0.004
46,0.0,0.0,0.0,0.0,0.0,0.0
48,0.046,0.042,0.002,0.002,0.034,0.024
50,0.0,0.02,0.0,0.002,0.004,0.038
53,0.0,0.0,0.0,0.0,0.0,0.0
54,0.01,0.03,0.0,0.0,0.0,0.002
55,0.0,0.004,0.0,0.0,0.0,0.002
56,0.002,0.008,0.0,0.004,0.012,0.034
57,0.002,0.01,0.0,0.0,0.0,0.0
58,0.0,0.0,0.0,0.0,0.0,0.004
59,0.0,0.0,0.0,0.0,0.0,0.0
60,0.0,0.006,0.0,0.0,0.0,0.0
61,0.0,0.0,0.0,0.0,0.0,0.004
62,0.002,0.006,0.0,0.0,0.014,0.028
64,0.04,0.038,0.0,0.0,0.006,0.006
70,0.01,0.01,0.0,0.0,0.03,0.03
76,0.0,0.006,0.0,0.008,0.0,0.012
77,0.0,0.0,0.0,0.0,0.0,0.006
79,0.0,0.0,0.0,0.0,0.0,0.004
80,0.0,0.0,0.0,0.0,0.0,0.0
83,0.0,0.0,0.0,0.0,0.0,0.0
84,0.042,0.042,0.004,0.008,0.002,0.006
85,0.0,0.026,0.0,0.0,0.002,0.024
86,0.0,0.026,0.0,0.0,0.0,0.004
87,0.0,0.02,0.0,0.0,0.0,0.022
88,0.0,0.0,0.0,0.0,0.0,0.004
90,0.0,0.0,0.0,0.0,0.0,0.004
91,0.0,0.01,0.0,0.0,0.0,0.034
93,0.0,0.0,0.0,0.0,0.0,0.0
94,0.0,0.004,0.0,0.0,0.0,0.018
96,0.0,0.002,0.0,0.0,0.0,0.016
97,0.002,0.008,0.0,0.0,0.0,0.004
98,0.0,0.0,0.0,0.0,0.0,0.0
100,0.044,0.042,0.02,0.022,0.014,0.006
101,0.0,0.002,0.0,0.0,0.0,0.0
102,0.0,0.004,0.0,0.0,0.0,0.01
103,0.036,0.036,0.0,0.01,0.008,0.004
104,0.0,0.022,0.0,0.0,0.0,0.034
105,0.036,0.044,0.002,0.008,0.028,0.028
106,0.044,0.044,0.004,0.0,0.012,0.01
107,0.0,0.004,0.0,0.0,0.0,0.012
108,0.0,0.008,0.0,0.0,0.0,0.03
