auc,bal_acc,orientation,id,group,cell_type,side,detector
0.7261111111111112,0.7083333333333333,suppression,720575940606664894,comparator,CRE042,right,False
0.7211111111111111,0.6583333333333333,suppression,720575940630765253,comparator,CB1079,right,False
0.7005555555555556,0.6333333333333333,activation,720575940638028607,comparator,MBON06,right,False
0.6994444444444444,0.625,suppression,720575940627486485,comparator,CB4159,right,False
0.6961111111111111,0.575,suppression,720575940623891637,comparator,CB1079,right,False
0.6955555555555556,0.5916666666666667,suppression,720575940629947964,comparator,CB1079,right,False
0.6911111111111111,0.5833333333333334,suppression,720575940617577702,comparator,CB1079,right,False
0.6866666666666666,0.5416666666666666,suppression,720575940620252075,comparator,LHPV4m1,right,False
0.6861111111111111,0.575,suppression,720575940627109202,comparator,CB1079,right,False
0.6833333333333333,0.625,suppression,720575940624803511,comparator,CB2018,right,False
0.6822222222222222,0.6166666666666667,suppression,720575940633333916,comparator,CB2018,right,False
0.6794444444444444,0.675,activation,720575940641282267,integrator,CB0519,right,False
0.6794444444444444,0.675,activation,720575940635113976,integrator,SAD082,left,False
0.6794444444444444,0.675,activation,720575940644914967,integrator,VES002,right,False
0.6794444444444444,0.675,activation,720575940625680688,integrator,"SAD045,SAD046",left,False
0.6794444444444444,0.675,activation,720575940625167546,integrator,SAD035,right,False
0.6794444444444444,0.675,activation,720575940642428405,integrator,SAD035,left,False
0.6755555555555556,0.625,suppression,720575940628342171,comparator,CRE077,right,False
0.6744444444444444,0.5916666666666667,suppression,720575940631142956,comparator,CRE048,right,False
0.6588888888888889,0.625,activation,720575940624547622,comparator,APL,left,False
0.6588888888888889,0.6333333333333333,suppression,720575940628455942,comparator,CRE011,right,False
0.6577777777777778,0.625,suppression,720575940631365260,integrator,mALD4,left,False
0.6544444444444445,0.5833333333333333,activation,720575940619979387,comparator,SMPp&v1A_S02,left,False
0.6522222222222223,0.6083333333333334,suppression,720575940633126983,integrator,LAL199,right,False
0.6444444444444445,0.5916666666666667,activation,720575940627619057,comparator,SMPp&v1A_S02,right,False
0.6405555555555555,0.625,activation,720575940644849431,comparator,SMP075a,right,False
0.6388888888888888,0.6333333333333333,suppression,720575940632732845,comparator,CB2357,right,False
0.6383333333333333,0.5833333333333333,suppression,720575940627008954,comparator,CB2357,right,False
0.6361111111111111,0.575,suppression,720575940639505792,comparator,SIP018,right,False
0.6344444444444445,0.5416666666666666,activation,720575940613583001,comparator,APL,right,False
0.6333333333333333,0.5666666666666667,suppression,720575940615409150,comparator,WEDPN4,right,False
0.6327777777777778,0.625,activation,720575940619814997,comparator,SMP075b,right,False
0.6305555555555555,0.675,suppression,720575940619134789,comparator,SMP177,right,False
0.63,0.575,activation,720575940624911548,comparator,LHCENT4,right,False
0.6272222222222222,0.55,suppression,720575940632998028,comparator,CB0687,right,False
0.6272222222222222,0.6083333333333334,suppression,720575940605007206,comparator,CRE102,right,False
0.6244444444444445,0.65,activation,720575940628734376,comparator,MBON04,right,False
0.6183333333333333,0.6583333333333333,activation,720575940622791364,integrator,LAL135,left,False
0.6183333333333333,0.5666666666666667,activation,720575940631758393,comparator,PPL103,right,False
0.6177777777777778,0.5416666666666667,suppression,720575940628510480,comparator,LHPD5d1,right,False
0.6088888888888889,0.6333333333333333,suppression,720575940612281586,comparator,CRE022,right,False
0.6077777777777778,0.6583333333333333,suppression,720575940610167665,comparator,CB2357,right,False
0.6077777777777778,0.5333333333333333,suppression,720575940630826827,integrator,CB0258,left,False
0.6077777777777778,0.5333333333333333,suppression,720575940636635760,integrator,CB0258,right,False
0.6055555555555555,0.6,suppression,720575940615886534,comparator,LHCENT6,right,False
0.6027777777777777,0.5833333333333334,suppression,720575940622999688,comparator,LHPV5e1,right,False
0.6011111111111112,0.5833333333333334,suppression,720575940623636957,comparator,LHCENT9,right,False
0.6005555555555555,0.55,suppression,720575940633626337,comparator,LHCENT2,right,False
0.5994444444444444,0.6,suppression,720575940631154396,comparator,LHPV7c1,right,False
0.5955555555555555,0.5583333333333333,suppression,720575940620402345,comparator,CB2357,right,False
0.595,0.5583333333333333,suppression,720575940619709899,comparator,SIP029,right,False
0.5938888888888889,0.6,suppression,720575940624544748,comparator,LHPD5d1,right,False
0.5905555555555555,0.575,activation,720575940619245016,comparator,PPL107,right,False
0.5833333333333334,0.6333333333333333,suppression,720575940627808122,comparator,CB2357,right,False
0.5833333333333334,0.575,suppression,720575940621589887,comparator,LHPV10d1,left,False
0.5822222222222222,0.575,activation,720575940618551481,comparator,LHPV4m1,left,False
0.5822222222222222,0.5833333333333334,activation,720575940617691170,comparator,PPL101,right,False
0.5811111111111111,0.5833333333333333,activation,720575940637098352,comparator,LHCENT3,right,False
0.5794444444444444,0.5416666666666666,suppression,720575940621667711,comparator,LAL129,right,False
0.5783333333333334,0.5916666666666667,suppression,720575940632457514,comparator,SIP088,right,False
0.5766666666666667,0.5833333333333333,activation,720575940625990500,comparator,SMP586,right,False
0.5766666666666667,0.525,suppression,720575940653480438,comparator,CRE100,right,False
0.575,0.575,suppression,720575940624155672,comparator,LHPV5e1,left,False
0.5705555555555556,0.5833333333333333,suppression,720575940639939712,comparator,LHPV7c1,right,False
0.5694444444444444,0.5666666666666667,activation,720575940613792296,comparator,LHMB1,right,False
0.5688888888888889,0.5916666666666667,activation,720575940624206472,comparator,AL-MBDL1,right,False
0.5688888888888889,0.5916666666666667,suppression,720575940623387786,comparator,SMP177,left,False
0.5683333333333334,0.575,suppression,720575940621684358,comparator,SIP087,right,False
0.5672222222222222,0.5249999999999999,suppression,720575940621129607,comparator,LHCENT9,left,False
0.5661111111111111,0.5583333333333333,activation,720575940617532089,comparator,CRE050,right,False
0.5566666666666666,0.5916666666666667,activation,720575940629981440,comparator,MBON26,left,False
0.5555555555555556,0.5666666666666667,activation,720575940622930200,comparator,CB3369,right,False
0.555,0.48333333333333334,suppression,720575940626385182,comparator,CB3112,right,False
0.555,0.525,suppression,720575940624169255,comparator,SMP031,right,False
0.5505555555555556,0.4916666666666667,suppression,720575940628773711,comparator,SIP019,right,False
0.5483333333333333,0.5,suppression,720575940636489140,comparator,LHCENT3,left,False
0.5472222222222223,0.6083333333333334,suppression,720575940642506459,comparator,LHPV5e3,right,False
0.5466666666666666,0.5833333333333334,activation,720575940624891941,comparator,"LAL171,LAL172",right,False
0.5388888888888889,0.5833333333333333,activation,720575940630644727,comparator,SMP163,right,False
0.5388888888888889,0.5916666666666667,activation,720575940659019649,comparator,"LAL171,LAL172",right,False
0.5344444444444445,0.5666666666666667,activation,720575940639917400,comparator,CB3369,right,False
0.5294444444444445,0.5333333333333333,suppression,720575940626654041,comparator,LAL185,right,False
0.5255555555555556,0.575,suppression,720575940627047185,comparator,SMP030,right,False
0.5244444444444445,0.5083333333333333,activation,720575940617071372,comparator,CRE050,left,False
0.5238888888888888,0.5666666666666667,activation,720575940645716771,comparator,"LAL171,LAL172",left,False
0.5194444444444445,0.5166666666666667,suppression,720575940624449318,comparator,SIP087,left,False
0.5188888888888888,0.6083333333333334,activation,720575940645239844,comparator,"LAL173,LAL174",left,False
0.5122222222222222,0.4833333333333333,activation,720575940625934094,comparator,DPM,right,False
0.5105555555555555,0.525,activation,720575940637966682,comparator,LHAV3k1,right,False
0.5027777777777778,0.5583333333333333,suppression,720575940615651670,comparator,"LAL171,LAL172",left,False
0.5,0.5,activation,720575940617638946,integrator,VES002,left,False
0.49944444444444447,0.5333333333333333,activation,720575940605625958,comparator,CB1870,right,False
0.4905555555555556,0.5166666666666667,activation,720575940617828893,comparator,CB1308,right,False
0.47888888888888886,0.525,suppression,720575940621766938,comparator,LAL159,right,False
0.47888888888888886,0.5416666666666667,suppression,720575940631177803,comparator,MBON24,left,False
0.465,0.4833333333333334,activation,720575940615166111,comparator,LHPV10d1,right,False
