dataset,circuit,rho_Lhat_leak,rho_H_specific
BANC_left,input_comp_0.5,0.675864090229179,0.6794495083034969
BANC_left,input_comp_1.0,0.782945651131045,
BANC_left,original,0.849282309324186,0.5966074407151609
BANC_right,input_comp_0.5,0.7353540693643158,0.6632901062309132
BANC_right,input_comp_1.0,0.5988087450360408,0.37255539071991106
BANC_right,original,0.2997219068921347,0.521127937784748
FlyWire_left,input_comp_0.5,0.7934310890545103,0.789136000652234
FlyWire_left,input_comp_1.0,0.7505335601932595,-0.199047413622163
FlyWire_left,original,0.9192959779673008,0.850183672834274
FlyWire_right,input_comp_0.5,0.8107382382913417,0.8451858089634299
FlyWire_right,input_comp_1.0,0.7696393713760094,-0.17086789596520693
FlyWire_right,original,0.9254468280031942,0.8994166861851727
hemibrain_right,input_comp_0.5,0.8541702667924683,0.5149462255486875
hemibrain_right,input_comp_1.0,0.759586166475423,-0.08319078809102512
hemibrain_right,original,0.8883310615753703,0.7904509134298978
