kind,graph,window,target,residual,ALL_dprime,ALL_accuracy,active_fraction,eta,CI,CI_ester,fidelity,mean_GI
disc,0,0.5,0.1,1.0299990027551331e-12,18.185594479075817,0.9376712328767123,0.09634501151654747,,,,,
disc,0,0.5,0.05,4.331188185879853e-13,17.34678206673511,0.9267123287671233,0.047571422798723076,,,,,
disc,0,0.25,0.1,1.0330451771789484e-12,12.625523041793208,0.8486301369863014,0.09595163050066675,,,,,
disc,0,0.25,0.05,4.876481163318402e-13,12.16310013636134,0.8363013698630137,0.04745746959227381,,,,,
gen,0,,,8.80264611202719e-13,,,,5.0,0.09471442051076329,0.05201805582447094,0.6210902051696848,0.6059511607442448
gen,0,,,8.80264611202719e-13,,,,20.0,0.08889644618196035,0.04985323085256066,0.6137345631323846,0.635724033527581
disc,1,0.5,0.1,1.1431376678583405e-12,18.245810146903555,0.9417808219178082,0.09109205156180547,,,,,
disc,1,0.5,0.05,4.662277508504786e-13,17.531983325750964,0.9205479452054794,0.04573463450115166,,,,,
disc,1,0.25,0.1,1.1236775399048327e-12,12.867111308306734,0.8609589041095891,0.09122883581848305,,,,,
disc,1,0.25,0.05,4.911175632837939e-13,12.346281482310378,0.8404109589041096,0.04583121186406433,,,,,
gen,1,,,9.940763490146054e-13,,,,5.0,0.08985337240525659,0.0450016512157162,0.5937972340404315,0.6386565039703214
gen,1,,,9.940763490146054e-13,,,,20.0,0.08483383880599604,0.043956857699325,0.5959453935020118,0.6663798664505021
disc,2,0.5,0.1,1.075486921742197e-12,17.750957552920646,0.9417808219178082,0.09182022063280397,,,,,
disc,2,0.5,0.05,4.218396465471841e-13,16.309879577173234,0.9143835616438356,0.04438416777791247,,,,,
disc,2,0.25,0.1,9.704806402943689e-13,12.56665096274072,0.8554794520547945,0.09187638905725946,,,,,
disc,2,0.25,0.05,4.164463912603722e-13,11.647515323048491,0.8301369863013699,0.04457671636966097,,,,,
gen,2,,,9.751401075508426e-13,,,,5.0,0.08747956918984656,0.04762378546392654,0.6367667768021604,0.6350993621340768
gen,2,,,9.751401075508426e-13,,,,20.0,0.08250470391653475,0.04467603417054489,0.6357488358457287,0.6600299715367013
disc,3,0.5,0.1,1.0181994136715389e-12,18.464103909244802,0.9397260273972603,0.09474219097264315,,,,,
disc,3,0.5,0.05,4.321230873127746e-13,17.80938593698673,0.9315068493150684,0.0460112336848911,,,,,
disc,3,0.25,0.1,1.0037110032001806e-12,12.990509435400472,0.8575342465753425,0.09458277771042954,,,,,
disc,3,0.25,0.05,4.040656698123257e-13,12.550600462925152,0.8383561643835616,0.04595829797551218,,,,,
gen,3,,,8.739918511135869e-13,,,,5.0,0.08983051365749228,0.04323903053961131,0.627424017442971,0.6206586950073038
gen,3,,,8.739918511135869e-13,,,,20.0,0.08410699598397142,0.04342697945391416,0.632322912593247,0.6478968094354611
disc,4,0.5,0.1,1.0989820165008268e-12,18.734006684293714,0.9424657534246575,0.09301955792621328,,,,,
disc,4,0.5,0.05,4.3159573137607765e-13,18.158171426428,0.9301369863013699,0.04548389703802481,,,,,
disc,4,0.25,0.1,1.0716462439663843e-12,13.223722256273625,0.8534246575342466,0.09291651513314746,,,,,
disc,4,0.25,0.05,4.2470540972949777e-13,12.863572637717708,0.8431506849315068,0.04562795490362468,,,,,
gen,4,,,8.718963051546069e-13,,,,5.0,0.08834849611449591,0.04933361742069986,0.6301253913728384,0.6259486558181394
gen,4,,,8.718963051546069e-13,,,,20.0,0.0841265244858499,0.04875065308082671,0.6279788969173774,0.652079899698689
disc,5,0.5,0.1,1.0972854569413215e-12,18.52667290569245,0.9424657534246575,0.09282519093223421,,,,,
disc,5,0.5,0.05,4.11226608321158e-13,18.424615014307566,0.9383561643835616,0.0453058956641209,,,,,
disc,5,0.25,0.1,1.1295860080640097e-12,12.917866691788113,0.8527397260273972,0.09275871822847213,,,,,
disc,5,0.25,0.05,4.4210468619354515e-13,12.807391409826343,0.8424657534246576,0.04543035519456904,,,,,
gen,5,,,7.740058594052357e-13,,,,5.0,0.09555871472461963,0.059033961202770935,0.6124090051656196,0.6123767401237407
gen,5,,,7.740058594052357e-13,,,,20.0,0.08995653135862414,0.05505481492987008,0.6069047072677336,0.6416594223073221
disc,6,0.5,0.1,1.0888408230602664e-12,18.211090199498898,0.9410958904109589,0.09264981613933002,,,,,
disc,6,0.5,0.05,4.120176422262034e-13,17.489631545579282,0.9294520547945205,0.04576332484745626,,,,,
disc,6,0.25,0.1,1.0469750066910422e-12,12.632345599754279,0.8609589041095891,0.09245565119004323,,,,,
disc,6,0.25,0.05,4.884703752594532e-13,12.220289926004476,0.8513698630136987,0.045847375439447204,,,,,
gen,6,,,7.654051004113427e-13,,,,5.0,0.08498638389438751,0.045148988936898116,0.6105645272075144,0.6399330559996667
gen,6,,,7.654051004113427e-13,,,,20.0,0.0808343970046943,0.04607552239995183,0.6124149798279197,0.6636283215553361
disc,7,0.5,0.1,1.0673649464276735e-12,18.804980622808287,0.9424657534246575,0.09277003273124015,,,,,
disc,7,0.5,0.05,4.0131092893247455e-13,18.04659154385982,0.9253424657534246,0.045582494847860346,,,,,
disc,7,0.25,0.1,9.676703882632864e-13,13.080234924020122,0.8582191780821918,0.09268497191578777,,,,,
disc,7,0.25,0.05,4.152130028689527e-13,12.578217375408402,0.8335616438356165,0.04578413545076171,,,,,
gen,7,,,9.858537597384753e-13,,,,5.0,0.08365673106477833,0.034114484704376835,0.5986341011033937,0.6264424573368036
gen,7,,,9.858537597384753e-13,,,,20.0,0.07832812871269212,0.034240080470130274,0.6012486127846611,0.6499627930590681
disc,8,0.5,0.1,1.1114685560809079e-12,18.487216729875048,0.939041095890411,0.09372550208106033,,,,,
disc,8,0.5,0.05,4.4108813823662274e-13,18.14354216472778,0.9328767123287671,0.046183981896795574,,,,,
disc,8,0.25,0.1,1.1212454575915132e-12,12.962355382746376,0.8616438356164383,0.09348587707600921,,,,,
disc,8,0.25,0.05,4.4787784592159596e-13,12.73674451947945,0.8431506849315068,0.04618034509233442,,,,,
gen,8,,,9.41972194690166e-13,,,,5.0,0.08791365425036712,0.04434262440159786,0.6326686171996981,0.6083358766635076
gen,8,,,9.41972194690166e-13,,,,20.0,0.08243244170980824,0.04344693491066798,0.6296403870600119,0.6391022832814988
disc,9,0.5,0.1,1.038981400913741e-12,18.958424523928176,0.9486301369863014,0.09341738392532428,,,,,
disc,9,0.5,0.05,3.8457084738929836e-13,18.409240115835523,0.9321917808219178,0.04587343920475209,,,,,
disc,9,0.25,0.1,1.0494695390494968e-12,13.18615421859373,0.8678082191780822,0.0933783892997131,,,,,
disc,9,0.25,0.05,4.635701544852822e-13,12.76002040645003,0.8445205479452055,0.045946781428051885,,,,,
gen,9,,,8.179117105822087e-13,,,,5.0,0.09186367047345123,0.04788744548793622,0.6147375429731929,0.6019610778315027
gen,9,,,8.179117105822087e-13,,,,20.0,0.08614938583168241,0.04693491612178946,0.6161368121035501,0.6330619119559197
disc,10,0.5,0.1,1.0319002596848037e-12,18.215552415700014,0.939041095890411,0.0922305734028367,,,,,
disc,10,0.5,0.05,4.169234402162658e-13,17.660687824760306,0.9253424657534246,0.04600719279104538,,,,,
disc,10,0.25,0.1,1.0972299457900903e-12,12.713014374492545,0.8513698630136987,0.09221703640845355,,,,,
disc,10,0.25,0.05,4.170760958821518e-13,12.389304615377313,0.8363013698630137,0.04600618256758395,,,,,
gen,10,,,9.046825788505686e-13,,,,5.0,0.08872384267960698,0.047137971648847365,0.6099500815233563,0.638912255384849
gen,10,,,9.046825788505686e-13,,,,20.0,0.08231319585484886,0.0442322760389362,0.6153589634335579,0.6655295803206722
disc,11,0.5,0.1,1.0572549780096807e-12,18.4783008869511,0.9397260273972603,0.09477047722956318,,,,,
disc,11,0.5,0.05,3.97090346715423e-13,18.01493856917216,0.9226027397260274,0.04513011678183214,,,,,
disc,11,0.25,0.1,1.1670074628877813e-12,12.924765619780935,0.8472602739726027,0.09461550895057987,,,,,
disc,11,0.25,0.05,4.1568831710137033e-13,12.594280905957945,0.8294520547945206,0.045343273932193805,,,,,
gen,11,,,8.366259074410465e-13,,,,5.0,0.091483599388548,0.04969856190404498,0.6234881224187415,0.6213810230652077
gen,11,,,8.366259074410465e-13,,,,20.0,0.08352467652743834,0.0474858419249633,0.6196298815590511,0.6482568745832848
disc,12,0.5,0.1,1.02379563160504e-12,17.900747072051587,0.936986301369863,0.09306420980320847,,,,,
disc,12,0.5,0.05,4.0948494595127727e-13,16.976189090357096,0.9212328767123288,0.04661676162767204,,,,,
disc,12,0.25,0.1,1.1004322453267434e-12,12.438573689661466,0.852054794520548,0.09310764941204995,,,,,
disc,12,0.25,0.05,4.242682594135516e-13,11.9204179385215,0.8363013698630137,0.04659413262213602,,,,,
gen,12,,,8.593646627641505e-13,,,,5.0,0.08690754653459087,0.04862552967899103,0.5999368768320212,0.6439948203217948
gen,12,,,8.593646627641505e-13,,,,20.0,0.0821738358953773,0.04410233163094013,0.6081256324196498,0.668108642539667
disc,13,0.5,0.1,1.0477452239143759e-12,18.476215730863156,0.9452054794520548,0.09272942174809068,,,,,
disc,13,0.5,0.05,3.9602175705422127e-13,18.370044540309625,0.939041095890411,0.04499252434638542,,,,,
disc,13,0.25,0.1,1.0020491381101948e-12,12.929778662379151,0.8561643835616438,0.09279932921162161,,,,,
disc,13,0.25,0.05,3.8630036669484724e-13,12.806099968143162,0.8486301369863014,0.045142239463369295,,,,,
gen,13,,,9.759623664784556e-13,,,,5.0,0.08690581347824,0.04352145437536914,0.6160393296208775,0.6378731539001065
gen,13,,,9.759623664784556e-13,,,,20.0,0.08146232038872747,0.04507801014910351,0.6223505746253514,0.6634385560439743
disc,14,0.5,0.1,1.0081241397230656e-12,18.10135823852294,0.9438356164383561,0.09145128702468987,,,,,
disc,14,0.5,0.05,4.1330827649233015e-13,17.564169607813533,0.9342465753424658,0.044739362346951146,,,,,
disc,14,0.25,0.1,1.0974519903950153e-12,12.826435896031231,0.8616438356164383,0.0915153351921445,,,,,
disc,14,0.25,0.05,4.305444889496357e-13,12.469011639531379,0.8410958904109589,0.044877560916474726,,,,,
gen,14,,,8.012999985762548e-13,,,,5.0,0.08125559880177113,0.043748017199216505,0.6226831975365059,0.6395849115029482
gen,14,,,8.012999985762548e-13,,,,20.0,0.07798789600735434,0.042907279070167004,0.6330309821370195,0.6639243401996142
disc,15,0.5,0.1,1.0266162919769783e-12,18.37719733707965,0.9410958904109589,0.09393017335434597,,,,,
disc,15,0.5,0.05,4.016960375441414e-13,17.923544052352405,0.9321917808219178,0.04623631147209763,,,,,
disc,15,0.25,0.1,1.078394318287934e-12,12.901637112266348,0.8575342465753425,0.09376288034913323,,,,,
disc,15,0.25,0.05,4.0834349790408453e-13,12.576086321783905,0.8452054794520548,0.0462482321089425,,,,,
gen,15,,,9.514992960202306e-13,,,,5.0,0.09277979324784347,0.05295636300153139,0.5978107016269,0.6278808787573988
gen,15,,,9.514992960202306e-13,,,,20.0,0.08761887564950721,0.05157665502754172,0.6065950410404504,0.6508272733770772
disc,16,0.5,0.1,1.1078499229100203e-12,18.27124963738653,0.9397260273972603,0.092102881157312,,,,,
disc,16,0.5,0.05,4.337918912966643e-13,17.69573196915543,0.9184931506849315,0.044873520022629,,,,,
disc,16,0.25,0.1,1.0941351991089476e-12,12.964362831247739,0.8547945205479452,0.09213823897846203,,,,,
disc,16,0.25,0.05,4.2631523311520425e-13,12.624420762103618,0.8397260273972603,0.04514446195498444,,,,,
gen,16,,,1.0338709055535134e-12,,,,5.0,0.09187521043914981,0.05371014268265817,0.6120269867722372,0.6316389528775224
gen,16,,,1.0338709055535134e-12,,,,20.0,0.08600879423436902,0.05172777896848235,0.6210328174499151,0.6548722401183947
disc,17,0.5,0.1,9.727427197070426e-13,18.353896511956524,0.9445205479452055,0.09479957166525235,,,,,
disc,17,0.5,0.05,3.9075687130463166e-13,17.843846384268222,0.9356164383561644,0.0472752252798319,,,,,
disc,17,0.25,0.1,1.1403482325089698e-12,12.809239620577454,0.8561643835616438,0.0945504505596638,,,,,
disc,17,0.25,0.05,4.332090242087361e-13,12.533595828946275,0.8438356164383561,0.04723724087768214,,,,,
gen,17,,,8.514543237136962e-13,,,,5.0,0.09779875059987031,0.056360357922231374,0.6168622156828985,0.6155433778290759
gen,17,,,8.514543237136962e-13,,,,20.0,0.0871683869148574,0.05016994997209201,0.6178889658019412,0.6483688133718505
disc,18,0.5,0.1,1.0242397208148901e-12,18.077090357938026,0.9458904109589041,0.0932001858811169,,,,,
disc,18,0.5,0.05,4.0883615937126194e-13,17.26015317932778,0.928082191780822,0.04572938133915222,,,,,
disc,18,0.25,0.1,1.0510481374126357e-12,12.625874084561655,0.8561643835616438,0.09300076776983068,,,,,
disc,18,0.25,0.05,3.9456285461092477e-13,12.02437589905993,0.8308219178082191,0.04582232189760375,,,,,
gen,18,,,7.623623954344794e-13,,,,5.0,0.08977975426593376,0.05272936527151406,0.6145025957256668,0.6264966676474035
gen,18,,,7.623623954344794e-13,,,,20.0,0.08116691326461523,0.046141893614504714,0.609114574513721,0.6546074575456354
disc,19,0.5,0.1,1.0429192232042084e-12,18.739946991229527,0.9458904109589041,0.09490746353093304,,,,,
disc,19,0.5,0.05,3.6614808407442467e-13,18.243175770696936,0.9294520547945205,0.04575564714914939,,,,,
disc,19,0.25,0.1,9.962274061248166e-13,13.031458745155833,0.8595890410958904,0.09469167979957166,,,,,
disc,19,0.25,0.05,4.0551589863824233e-13,12.626014505938576,0.8472602739726027,0.045832020042833474,,,,,
gen,19,,,8.71587524375883e-13,,,,5.0,0.09520044227970881,0.05059910448180793,0.6479472604188677,0.614043492073388
gen,19,,,8.71587524375883e-13,,,,20.0,0.0856602160166442,0.04422260103724762,0.6446883785323351,0.6450050170958082
disc,20,0.5,0.1,1.107502978214825e-12,18.313840286563554,0.9486301369863014,0.09433244433668728,,,,,
disc,20,0.5,0.05,3.651575569696419e-13,17.45433654337826,0.934931506849315,0.045038590536226615,,,,,
disc,20,0.25,0.1,1.0566547636869927e-12,12.809221770578095,0.8609589041095891,0.09400230330949207,,,,,
disc,20,0.25,0.05,4.0650989518997704e-13,12.257151857043388,0.8527397260273972,0.04519052814482564,,,,,
gen,20,,,8.522037242553182e-13,,,,5.0,0.09225248208943115,0.046896150905274214,0.646934891317463,0.6083989743335976
gen,20,,,8.522037242553182e-13,,,,20.0,0.08500086526686879,0.043666458908632966,0.6410168243760587,0.6389709977738682
disc,21,0.5,0.1,1.1838169333699966e-12,18.703041891040403,0.9486301369863014,0.09195195377217441,,,,,
disc,21,0.5,0.05,4.549728649383411e-13,18.11277745528675,0.934931506849315,0.04460540671596557,,,,,
disc,21,0.25,0.1,1.1028435109583512e-12,13.08870177218045,0.8616438356164383,0.09194508425263669,,,,,
disc,21,0.25,0.05,4.647289497672347e-13,12.688988905152208,0.85,0.04482341293894209,,,,,
gen,21,,,8.10636280323962e-13,,,,5.0,0.09252006707003024,0.05456476335510585,0.6180796924437286,0.6277847087970263
gen,21,,,8.10636280323962e-13,,,,20.0,0.08623907560894839,0.05223754588518237,0.6200273507512487,0.651342118633699
disc,22,0.5,0.1,1.0120689009074368e-12,18.4310942353619,0.9465753424657535,0.09381601810320443,,,,,
disc,22,0.5,0.05,4.2163147973006687e-13,18.01557835578032,0.936986301369863,0.046839616923263425,,,,,
disc,22,0.25,0.1,1.0800353666962081e-12,12.822425266978358,0.8554794520547945,0.0937200468743686,,,,,
disc,22,0.25,0.05,4.4458187131724003e-13,12.590119422769682,0.8493150684931506,0.04677859942619307,,,,,
gen,22,,,6.790401574363614e-13,,,,5.0,0.0929339617578987,0.057473209887180854,0.620617183904858,0.6153032378643652
gen,22,,,6.790401574363614e-13,,,,20.0,0.08402029388089727,0.051180339753459814,0.6219540239447605,0.6470128231618081
disc,23,0.5,0.1,1.0512805903584166e-12,18.517207849068566,0.9472602739726027,0.09517315230128905,,,,,
disc,23,0.5,0.05,4.58497823041526e-13,17.98115247998459,0.9232876712328767,0.04690103850971835,,,,,
disc,23,0.25,0.1,1.0960156393569065e-12,12.932142434018113,0.8664383561643836,0.09490503899462562,,,,,
disc,23,0.25,0.05,4.246741847069302e-13,12.669699654628584,0.8486301369863014,0.04690932234210207,,,,,
gen,23,,,7.586743733245527e-13,,,,5.0,0.08669247365734067,0.047373600784544556,0.6232381093465178,0.6280769350196146
gen,23,,,7.586743733245527e-13,,,,20.0,0.08163782278177456,0.04816526034797319,0.6176441224713682,0.6594953527243808
disc,24,0.5,0.1,1.1552286904858988e-12,18.222113843611783,0.9363013698630137,0.09241766678789348,,,,,
disc,24,0.5,0.05,4.216071936014032e-13,17.405506737251926,0.9157534246575343,0.045412979351032445,,,,,
disc,24,0.25,0.1,1.132482996268891e-12,12.834233686812178,0.8527397260273972,0.09239483573766517,,,,,
disc,24,0.25,0.05,4.188697999563118e-13,12.330221932633647,0.8253424657534246,0.04555198609932517,,,,,
gen,24,,,8.522869909821651e-13,,,,5.0,0.08463369348274741,0.04203803494359826,0.6414531087848852,0.6270095949490169
gen,24,,,8.522869909821651e-13,,,,20.0,0.08012678343191304,0.040226114307543526,0.6412588350798426,0.6525335821479764
disc,25,0.5,0.1,1.056783133224215e-12,18.557479399603302,0.947945205479452,0.09341920232755485,,,,,
disc,25,0.5,0.05,4.017029764380453e-13,18.011301507041242,0.934931506849315,0.04568432537277246,,,,,
disc,25,0.25,0.1,1.1155139312268858e-12,12.964348452790805,0.8547945205479452,0.09326221360164869,,,,,
disc,25,0.25,0.05,4.3555437034825673e-13,12.725157354176343,0.8376712328767123,0.04579120701499172,,,,,
gen,25,,,9.724027139057512e-13,,,,5.0,0.08919227245102745,0.054741222088520725,0.6128929815392651,0.6360937499574172
gen,25,,,9.724027139057512e-13,,,,20.0,0.08340339266161012,0.052325094064852196,0.6133172781122018,0.6585256733212423
disc,26,0.5,0.1,1.0743385348011003e-12,17.911224766450072,0.9431506849315069,0.09349719157877723,,,,,
disc,26,0.5,0.05,4.235813089170648e-13,17.358036358566114,0.9301369863013699,0.046936396330868387,,,,,
disc,26,0.25,0.1,1.1063407134859204e-12,12.499168839332645,0.85,0.09335899300925364,,,,,
disc,26,0.25,0.05,4.3392373028083853e-13,12.169910843603184,0.8376712328767123,0.04685214369418515,,,,,
gen,26,,,9.020631464018436e-13,,,,5.0,0.08245480176503694,0.03484716956199918,0.6130322383627992,0.6317829429551757
gen,26,,,9.020631464018436e-13,,,,20.0,0.07605745214953707,0.034302786842327126,0.608448944549971,0.6631534094128541
disc,27,0.5,0.1,1.099863256026623e-12,18.18132368414501,0.9417808219178082,0.09381581605851215,,,,,
disc,27,0.5,0.05,4.1928266414359427e-13,17.397595849819584,0.9205479452054794,0.045858891986907506,,,,,
disc,27,0.25,0.1,1.0840252306909548e-12,12.620569858646444,0.8568493150684932,0.09370832828221602,,,,,
disc,27,0.25,0.05,4.288097654736589e-13,12.20345819959094,0.8486301369863014,0.045892633450519256,,,,,
gen,27,,,7.808788338170558e-13,,,,5.0,0.08887843329314937,0.05232656785395895,0.6291515638150418,0.6298252995984215
gen,27,,,7.808788338170558e-13,,,,20.0,0.08356160807134172,0.051153812181863656,0.6301670389386976,0.655815560128989
disc,28,0.5,0.1,1.0925531312988568e-12,18.063677403583945,0.9465753424657535,0.09146785468945731,,,,,
disc,28,0.5,0.05,4.509032036636995e-13,17.50780934960279,0.9287671232876712,0.04518830565321049,,,,,
disc,28,0.25,0.1,1.1075793060477679e-12,12.60849813837279,0.8554794520547945,0.09146159130399645,,,,,
disc,28,0.25,0.05,4.557534905025307e-13,12.241091561032363,0.8479452054794521,0.045356608881884676,,,,,
gen,28,,,9.277023593767808e-13,,,,5.0,0.09333248559925567,0.05384087556351569,0.6106062495060925,0.6432049546851767
gen,28,,,9.277023593767808e-13,,,,20.0,0.08885630864244287,0.054298811296280225,0.6190215598638515,0.665084080950542
disc,29,0.5,0.1,1.1191984838898605e-12,17.69519806455512,0.9404109589041096,0.0928326665858488,,,,,
disc,29,0.5,0.05,4.201569647754866e-13,17.234320351062724,0.9219178082191781,0.04623752374025134,,,,,
disc,29,0.25,0.1,1.095835228115405e-12,12.384756002068775,0.8472602739726027,0.09253323635188104,,,,,
disc,29,0.25,0.05,4.3188022602613785e-13,12.139096320874007,0.8280821917808219,0.04639673495777266,,,,,
gen,29,,,9.654707588957478e-13,,,,5.0,0.08470779204089374,0.045229461305438035,0.615299215700322,0.631684103985393
gen,29,,,9.654707588957478e-13,,,,20.0,0.08164216199818086,0.04599101032354558,0.6162659605809107,0.6590026660763934
disc,30,0.5,0.1,1.0868909938732685e-12,18.269021651719935,0.9486301369863014,0.09294641774760577,,,,,
disc,30,0.5,0.05,3.94096213995887e-13,17.29464122646047,0.9301369863013699,0.045840303875217196,,,,,
disc,30,0.25,0.1,1.0290067409268744e-12,12.723061502638972,0.8561643835616438,0.09302622540105872,,,,,
disc,30,0.25,0.05,4.1706221809434396e-13,12.108527248551571,0.8294520547945206,0.04607002869034631,,,,,
gen,30,,,9.456914418226603e-13,,,,5.0,0.08939424691035558,0.04835313353180082,0.5942006547187655,0.6289832198937607
gen,30,,,9.456914418226603e-13,,,,20.0,0.08659884403923268,0.0498129107799401,0.6028636269477751,0.6500889543739542
disc,31,0.5,0.1,1.1007757205749868e-12,18.068161746469126,0.934931506849315,0.09393522447165313,,,,,
disc,31,0.5,0.05,4.437318568140114e-13,16.905901344044754,0.9171232876712329,0.047993292116216106,,,,,
disc,31,0.25,0.1,1.0608111611354332e-12,12.628026075667453,0.8589041095890411,0.09405685537640926,,,,,
disc,31,0.25,0.05,4.652771223856433e-13,11.851279393801775,0.834931506849315,0.04796743039560351,,,,,
gen,31,,,8.420278363452383e-13,,,,5.0,0.08992448650200191,0.05068743981833834,0.6052380337136755,0.6349244086729968
gen,31,,,8.420278363452383e-13,,,,20.0,0.08329690736499618,0.04911618874085599,0.6083965673224648,0.6625359970934414
disc,32,0.5,0.1,1.0628789515187975e-12,18.142505491034647,0.9452054794520548,0.09329433870772215,,,,,
disc,32,0.5,0.05,4.550734788999478e-13,17.489696521121918,0.9301369863013699,0.04717703155938093,,,,,
disc,32,0.25,0.1,1.0270707895276843e-12,12.633871041444978,0.8486301369863014,0.0931686669091203,,,,,
disc,32,0.25,0.05,4.652840612795472e-13,12.2519111399178,0.834931506849315,0.04721501596153069,,,,,
gen,32,,,8.006477425492875e-13,,,,5.0,0.0818362048137794,0.04587927898009925,0.6226403493204745,0.6485048870861226
gen,32,,,8.006477425492875e-13,,,,20.0,0.07571629334629038,0.04336168482898428,0.6261898443380103,0.674131065450284
disc,33,0.5,0.1,1.0703070374429302e-12,18.101296297023293,0.9445205479452055,0.09512870246898614,,,,,
disc,33,0.5,0.05,3.932600772804662e-13,17.512324103132105,0.9287671232876712,0.046256717986018506,,,,,
disc,33,0.25,0.1,1.0871269162660013e-12,12.751884857290866,0.8534246575342466,0.09467187941972764,,,,,
disc,33,0.25,0.05,4.134470543704083e-13,12.287377820513305,0.836986301369863,0.04638501636562008,,,,,
gen,33,,,8.814442231663833e-13,,,,5.0,0.0937256742391076,0.05453882519391451,0.6086813255578093,0.6101089969282711
gen,33,,,8.814442231663833e-13,,,,20.0,0.08678389403772169,0.053172977596770754,0.6118393231310798,0.6417647823972952
disc,34,0.5,0.1,1.017370215850022e-12,18.012960881112946,0.9397260273972603,0.0942890047278458,,,,,
disc,34,0.5,0.05,4.4039771829318397e-13,17.545176027600323,0.9308219178082192,0.04784054632884794,,,,,
disc,34,0.25,0.1,1.061952609182626e-12,12.586042489623264,0.8575342465753425,0.0942431405826969,,,,,
disc,34,0.25,0.05,5.043743200872086e-13,12.311755180265429,0.8458904109589042,0.04771346021740009,,,,,
gen,34,,,1.030158597314923e-12,,,,5.0,0.0879050637099067,0.049661681244064115,0.606286695646319,0.6454165458037311
gen,34,,,1.030158597314923e-12,,,,20.0,0.08098840285608921,0.04632684967929335,0.6014427352895231,0.6750448676786519
disc,35,0.5,0.1,1.0613281087312743e-12,18.24523847080218,0.9383561643835616,0.09287711641815169,,,,,
disc,35,0.5,0.05,3.911732049388661e-13,17.60979915587843,0.9226027397260274,0.04585666949529236,,,,,
disc,35,0.25,0.1,9.888236063293476e-13,12.82462361608433,0.8554794520547945,0.0927880147088536,,,,,
disc,35,0.25,0.05,4.401930209230187e-13,12.395144076283312,0.8410958904109589,0.045999515092738516,,,,,
gen,35,,,1.0255685189974884e-12,,,,5.0,0.08623189119110386,0.04468915311901733,0.6329627642099112,0.6258673599625036
gen,35,,,1.0255685189974884e-12,,,,20.0,0.08277584469608246,0.0456441450246724,0.6372745208866212,0.6510152279966961
disc,36,0.5,0.1,1.099492025202764e-12,17.438931053990014,0.9417808219178082,0.09190851416333293,,,,,
disc,36,0.5,0.05,4.654332474984813e-13,16.157730490689133,0.9301369863013699,0.0461360973047238,,,,,
disc,36,0.25,0.1,1.0692176311000168e-12,12.196774968627938,0.8465753424657534,0.09182446357134198,,,,,
disc,36,0.25,0.05,4.84896844898941e-13,11.364387564584046,0.8287671232876712,0.04612336848910979,,,,,
gen,36,,,9.638262410405218e-13,,,,5.0,0.0823579073550691,0.04858358458893153,0.5958758492599644,0.6548569951819556
gen,36,,,9.638262410405218e-13,,,,20.0,0.07699134401659158,0.046480566538792845,0.6098025324905593,0.6753756684226137
disc,37,0.5,0.1,1.0483766632596314e-12,18.07873817410322,0.9424657534246575,0.09348001777993292,,,,,
disc,37,0.5,0.05,4.2406356204338636e-13,16.795556296314526,0.9294520547945205,0.04578615589768457,,,,,
disc,37,0.25,0.1,1.120662590503585e-12,12.53212726451563,0.8547945205479452,0.09328524669656928,,,,,
disc,37,0.25,0.05,4.2678707790066994e-13,11.811932604724385,0.8356164383561644,0.045767567785994265,,,,,
gen,37,,,1.05926031834791e-12,,,,5.0,0.09190350110738787,0.05408407574166807,0.6124453945179466,0.6316334861075946
gen,37,,,1.05926031834791e-12,,,,20.0,0.08709702445910172,0.05068725196746793,0.6140585838010465,0.6560075222850141
disc,38,0.5,0.1,1.0380689363653772e-12,18.37945306170297,0.9417808219178082,0.09225986988321817,,,,,
disc,38,0.5,0.05,4.251911323027713e-13,17.862796474745195,0.9308219178082192,0.046194690265486726,,,,,
disc,38,0.25,0.1,1.040105501726174e-12,13.02134653035963,0.8616438356164383,0.09197700731401787,,,,,
disc,38,0.25,0.05,4.2936834643292343e-13,12.751034804405906,0.8458904109589042,0.046170242857720124,,,,,
gen,38,,,9.34863297885613e-13,,,,5.0,0.08284069290214047,0.04199601719460255,0.6146934693348624,0.6369390862893883
gen,38,,,9.34863297885613e-13,,,,20.0,0.07433921764220774,0.03973173515212358,0.6216306575516851,0.662606004402651
disc,39,0.5,0.1,1.0578864173549363e-12,18.76853744296002,0.9445205479452055,0.09472016810118399,,,,,
disc,39,0.5,0.05,4.1935205308263335e-13,18.794510803692788,0.9363013698630137,0.047084697135006265,,,,,
disc,39,0.25,0.1,1.0062020661116833e-12,12.983061846655879,0.8705479452054794,0.0943952802359882,,,,,
disc,39,0.25,0.05,4.1905368064476534e-13,12.874415992902378,0.8602739726027397,0.047121267224310016,,,,,
gen,39,,,7.459900752682103e-13,,,,5.0,0.09595755512122328,0.052086590176434355,0.604476651430311,0.6186020043062919
gen,39,,,7.459900752682103e-13,,,,20.0,0.08925310041772294,0.048673757804391315,0.5987399679448657,0.6504855884725498
disc,40,0.5,0.1,1.0133560657266116e-12,18.026744980394728,0.9410958904109589,0.0919347799733301,,,,,
disc,40,0.5,0.05,3.9362263448694534e-13,17.127743372597735,0.9260273972602739,0.04583323231098719,,,,,
disc,40,0.25,0.1,1.061869342455779e-12,12.589376953950937,0.8547945205479452,0.09207116014062311,,,,,
disc,40,0.25,0.05,4.226931304973647e-13,12.03560350517035,0.8445205479452055,0.04576615347314826,,,,,
gen,40,,,9.954641277953868e-13,,,,5.0,0.08992034325514764,0.04867950775397423,0.6120988704883963,0.6442254935544899
gen,40,,,9.954641277953868e-13,,,,20.0,0.08122692528713582,0.043982743232847676,0.6209457151823042,0.6706505218751684
disc,41,0.5,0.1,9.67025071130223e-13,18.69014119703482,0.9397260273972603,0.09253970178203419,,,,,
disc,41,0.5,0.05,4.1938327810520093e-13,17.90398442168518,0.9219178082191781,0.045192548591748496,,,,,
disc,41,0.25,0.1,1.022223972135805e-12,12.938645258181042,0.8568493150684932,0.09242251586050834,,,,,
disc,41,0.25,0.05,4.725005109396108e-13,12.423857748951955,0.8287671232876712,0.04531155291550491,,,,,
gen,41,,,1.0077667866870144e-12,,,,5.0,0.08351976544179118,0.04840900978837859,0.6095244430921852,0.6415204567142431
gen,41,,,1.0077667866870144e-12,,,,20.0,0.08029322041365705,0.0488390655100559,0.6125687910045903,0.6623094325523816
disc,42,0.5,0.1,1.1678158440275865e-12,17.751159811721067,0.9445205479452055,0.09341112053986342,,,,,
disc,42,0.5,0.05,4.4885969940899884e-13,16.977000586476894,0.9328767123287671,0.046621610700286906,,,,,
disc,42,0.25,0.1,1.083189093975534e-12,12.47099007155522,0.8534246575342466,0.09337960156786682,,,,,
disc,42,0.25,0.05,4.488111271516715e-13,11.950556274222015,0.8397260273972603,0.04656524023113913,,,,,
gen,42,,,8.751749325242031e-13,,,,5.0,0.09309896851979649,0.05780974948822126,0.6135398170915782,0.62990168187495
gen,42,,,8.751749325242031e-13,,,,20.0,0.08525678718045449,0.050515365813773694,0.6129221069684585,0.6591600037367846
disc,43,0.5,0.1,1.0109274528602441e-12,17.743001825631662,0.9404109589041096,0.09398492746595546,,,,,
disc,43,0.5,0.05,4.1591730060019927e-13,16.67542274732054,0.9226027397260274,0.04553420616640401,,,,,
disc,43,0.25,0.1,1.0510724235412994e-12,12.356380405466027,0.85,0.0940160423485675,,,,,
disc,43,0.25,0.05,4.426008171076745e-13,11.733315514407526,0.8342465753424657,0.04568533559623389,,,,,
gen,43,,,8.526096495486968e-13,,,,5.0,0.09642942414234135,0.05677019461032429,0.5998220363743224,0.6273589970131017
gen,43,,,8.526096495486968e-13,,,,20.0,0.09089096799423968,0.054312880940926234,0.5944602698004401,0.6493801658103536
disc,44,0.5,0.1,1.076375100161897e-12,19.037489159776033,0.9445205479452055,0.0941411080130925,,,,,
disc,44,0.5,0.05,4.327579961049821e-13,18.94251492110688,0.9376712328767123,0.045556835171940036,,,,,
disc,44,0.25,0.1,1.0465066313525284e-12,13.206406820300238,0.85,0.09394916555542086,,,,,
disc,44,0.25,0.05,4.1715242371509476e-13,13.160559150886632,0.8294520547945206,0.0456952357861559,,,,,
gen,44,,,1.0275010009497265e-12,,,,5.0,0.09632371547178531,0.05440769883545693,0.6203792421443468,0.6085661485729095
gen,44,,,1.0275010009497265e-12,,,,20.0,0.08931946719324091,0.04941472645582079,0.6230537107688294,0.6361729116549326
disc,45,0.5,0.1,1.06748290762404e-12,19.04760842953172,0.9452054794520548,0.09402311391279751,,,,,
disc,45,0.5,0.05,4.389440200203154e-13,18.364683861843957,0.9335616438356165,0.046441588879460136,,,,,
disc,45,0.25,0.1,1.0903569713782701e-12,13.285599534071626,0.8636986301369863,0.09408271709702186,,,,,
disc,45,0.25,0.05,4.318767565791859e-13,12.914693533074571,0.8465753424657534,0.04653170081221966,,,,,
gen,45,,,9.097653186351806e-13,,,,5.0,0.0936374535832607,0.04469892597248615,0.5964716054499287,0.6196107118335591
gen,45,,,9.097653186351806e-13,,,,20.0,0.0874814390531864,0.04584130056072988,0.5945466726891522,0.6491694566423001
disc,46,0.5,0.1,1.1079921702350504e-12,18.407916127189658,0.939041095890411,0.09303127651836586,,,,,
disc,46,0.5,0.05,4.1881428880508054e-13,18.052245460629507,0.9219178082191781,0.04605932032165515,,,,,
disc,46,0.25,0.1,1.0937466210503288e-12,12.964972579183414,0.8616438356164383,0.09294985250737463,,,,,
disc,46,0.25,0.05,4.447796297935014e-13,12.823102989832952,0.85,0.04627247747201681,,,,,
gen,46,,,8.456152444935583e-13,,,,5.0,0.0925028905742028,0.051171544850700856,0.6000709003529292,0.6288417111816377
gen,46,,,8.456152444935583e-13,,,,20.0,0.08453805026727024,0.047816495151449034,0.6016382385108576,0.6556722148172474
disc,47,0.5,0.1,1.1189035808989445e-12,17.641075577616764,0.9424657534246575,0.09334646623833191,,,,,
disc,47,0.5,0.05,4.667065345298482e-13,16.812705105156134,0.9253424657534246,0.04642239463369297,,,,,
disc,47,0.25,0.1,1.1441750324969746e-12,12.397468659241142,0.8479452054794521,0.09315209924435285,,,,,
disc,47,0.25,0.05,5.000895531015459e-13,11.986736376567139,0.8315068493150685,0.04649048369499333,,,,,
gen,47,,,9.263076417020955e-13,,,,5.0,0.08083697147444524,0.03907592998658116,0.6082310295621669,0.6331672709846815
gen,47,,,9.263076417020955e-13,,,,20.0,0.0741549508253605,0.03652254178355241,0.6091032333205495,0.6591652846904789
disc,48,0.5,0.1,1.0585386733819035e-12,18.593451681069986,0.9486301369863014,0.09224188790560472,,,,,
disc,48,0.5,0.05,4.0333014705851156e-13,17.851104186335704,0.9315068493150684,0.04489998787731846,,,,,
disc,48,0.25,0.1,1.100917967900017e-12,12.792351689865235,0.8705479452054794,0.09230310744736736,,,,,
disc,48,0.25,0.05,4.559026767214647e-13,12.50654674010746,0.852054794520548,0.04507516062553037,,,,,
gen,48,,,7.182969496977165e-13,,,,5.0,0.08649805098918706,0.0462742342266208,0.6134588693443986,0.636763343326321
gen,48,,,7.182969496977165e-13,,,,20.0,0.08216431774520372,0.04565122027818602,0.6141588810773523,0.6592699440197404
disc,49,0.5,0.1,1.077728184473159e-12,18.028846820947393,0.9452054794520548,0.09334586010425507,,,,,
disc,49,0.5,0.05,4.3851380859827316e-13,17.474639026464594,0.936986301369863,0.04711944882207944,,,,,
disc,49,0.25,0.1,1.1529874277549368e-12,12.65986286430014,0.852054794520548,0.09315917080858285,,,,,
disc,49,0.25,0.05,4.615509363592452e-13,12.37893886141583,0.8397260273972603,0.04721824867660727,,,,,
gen,49,,,7.945658020425128e-13,,,,5.0,0.0891988730273352,0.04975168512112449,0.6050765166708012,0.6416631876674955
gen,49,,,7.945658020425128e-13,,,,20.0,0.08376829368152217,0.04745036514195,0.6142169890623239,0.6679216281080312
disc,50,0.5,0.1,1.0931706928563045e-12,18.894152500296407,0.9472602739726027,0.09272760334586011,,,,,
disc,50,0.5,0.05,4.0193889883077816e-13,18.682601494192202,0.9342465753424658,0.04600537438881481,,,,,
disc,50,0.25,0.1,1.0965985064448347e-12,13.219235769216034,0.8636986301369863,0.09285509354669252,,,,,
disc,50,0.25,0.05,3.9861863809775855e-13,13.106599937550122,0.8582191780821918,0.04604679355073342,,,,,
gen,50,,,8.124403927389778e-13,,,,5.0,0.0966380913028343,0.054429564259261154,0.6311583701899139,0.6212303626084906
gen,50,,,8.124403927389778e-13,,,,20.0,0.09108594407908888,0.05368140798524479,0.6249789937394782,0.6486860054820792
disc,51,0.5,0.1,1.1293500856712768e-12,18.83021402018875,0.9410958904109589,0.09269729664201722,,,,,
disc,51,0.5,0.05,4.3152287299008663e-13,17.749556528125808,0.9267123287671233,0.04536731725057583,,,,,
disc,51,0.25,0.1,1.0927023175177908e-12,13.148699725645821,0.863013698630137,0.09278882288762275,,,,,
disc,51,0.25,0.05,4.283830234985686e-13,12.444746670086028,0.852054794520548,0.04550511173071484,,,,,
gen,51,,,9.74508668205587e-13,,,,5.0,0.0930834307949302,0.050285651956849864,0.6381766014259896,0.6071760936293871
gen,51,,,9.74508668205587e-13,,,,20.0,0.08776630316254441,0.049127406221509906,0.6350144711403017,0.6329652625283311
disc,52,0.5,0.1,1.0720556387067148e-12,18.260324595405624,0.9458904109589041,0.09298460419444782,,,,,
disc,52,0.5,0.05,4.463998615200637e-13,17.617836951618884,0.9301369863013699,0.04642805188507698,,,,,
disc,52,0.25,0.1,1.1018200241075249e-12,12.813774181430265,0.8616438356164383,0.09284054632884794,,,,,
disc,52,0.25,0.05,4.5113218716252845e-13,12.42914833341576,0.8438356164383561,0.04646704651068816,,,,,
gen,52,,,9.769338116250026e-13,,,,5.0,0.09066234931642547,0.044157338744058694,0.608028847858692,0.6255627805041326
gen,52,,,9.769338116250026e-13,,,,20.0,0.08389379045692047,0.042840753081195615,0.6052560436744279,0.6566855197160916
disc,53,0.5,0.1,1.0590556209777446e-12,18.049081387392803,0.939041095890411,0.09365317008122197,,,,,
disc,53,0.5,0.05,3.8978542615808465e-13,16.702569873919117,0.9184931506849315,0.04524467612235827,,,,,
disc,53,0.25,0.1,1.0327919075514558e-12,12.58230405639268,0.8589041095890411,0.0935048692770841,,,,,
disc,53,0.25,0.05,4.2549297418759124e-13,11.68952278619245,0.8239726027397261,0.045452176021335916,,,,,
gen,53,,,8.390198258378945e-13,,,,5.0,0.08278650104618845,0.03893783236898829,0.6120701552217855,0.632458840794715
gen,53,,,8.390198258378945e-13,,,,20.0,0.08060574684228194,0.040371991666012574,0.6169232278354511,0.6516579478987852
disc,54,0.5,0.1,1.0827068408492124e-12,18.671684561806376,0.9513698630136986,0.09315553400412172,,,,,
disc,54,0.5,0.05,4.0971046000315425e-13,18.367536575155732,0.9335616438356165,0.04502222491615145,,,,,
disc,54,0.25,0.1,1.071368688210228e-12,13.102335852290103,0.8657534246575342,0.09313977451812341,,,,,
disc,54,0.25,0.05,4.009570453433753e-13,12.915020973846572,0.8486301369863014,0.04515921121752132,,,,,
gen,54,,,7.01657482116147e-13,,,,5.0,0.09661688647195432,0.05234302677866731,0.6210014945873487,0.607111619021912
gen,54,,,7.01657482116147e-13,,,,20.0,0.08883090649670289,0.04846643546397211,0.6188989867555204,0.6375936933523633
disc,55,0.5,0.1,1.1166796654027422e-12,18.089352528610426,0.9404109589041096,0.09299814118883097,,,,,
disc,55,0.5,0.05,4.070979664483332e-13,17.304478679775972,0.9287671232876712,0.04652341697983594,,,,,
disc,55,0.25,0.1,1.1269145339110054e-12,12.769112525755656,0.8554794520547945,0.09290459449630258,,,,,
disc,55,0.25,0.05,3.9694983411386886e-13,12.386200702246512,0.8452054794520548,0.0463286458964723,,,,,
gen,55,,,8.885253643953206e-13,,,,5.0,0.08542877011590078,0.044762134157693256,0.6252516246656135,0.6359830793009773
gen,55,,,8.885253643953206e-13,,,,20.0,0.08257931874101443,0.04411063794382297,0.6308437983876105,0.6634586376876324
disc,56,0.5,0.1,1.0449072163076778e-12,17.398233093370006,0.9383561643835616,0.0944958984927466,,,,,
disc,56,0.5,0.05,4.3594988730077944e-13,16.647626130783358,0.9294520547945205,0.04671030832020043,,,,,
disc,56,0.25,0.1,1.1186052084610765e-12,12.383786178660314,0.8534246575342466,0.094211419566008,,,,,
disc,56,0.25,0.05,4.673275655342479e-13,12.03400061095442,0.8342465753424657,0.04664141108013092,,,,,
gen,56,,,8.445466548323566e-13,,,,5.0,0.08433983666700462,0.04433446577062661,0.640651376800819,0.6282333454129613
gen,56,,,8.445466548323566e-13,,,,20.0,0.07748649947477537,0.03985201461072818,0.6332727050816713,0.6601906778430676
disc,57,0.5,0.1,1.0122735982776021e-12,17.999090756857598,0.936986301369863,0.09278902493231503,,,,,
disc,57,0.5,0.05,4.3669581839544946e-13,17.341050372975857,0.9246575342465754,0.04563886531700812,,,,,
disc,57,0.25,0.1,1.0451327303595548e-12,12.595226961089272,0.852054794520548,0.09259182931264395,,,,,
disc,57,0.25,0.05,4.58123122770715e-13,12.135937700036589,0.8273972602739726,0.04568836626661817,,,,,
gen,57,,,9.435854875228245e-13,,,,5.0,0.0911157410509078,0.052777072409304515,0.6167983453681428,0.6290754283053105
gen,57,,,9.435854875228245e-13,,,,20.0,0.08227536920349632,0.04689080363284104,0.6191964349118522,0.6550251751040836
disc,58,0.5,0.1,9.86925818846629e-13,18.08170059963842,0.9424657534246575,0.09112276235503293,,,,,
disc,58,0.5,0.05,4.0534242629064465e-13,17.50680484406012,0.9246575342465754,0.04529740978704489,,,,,
disc,58,0.25,0.1,1.000609317625134e-12,12.68264474234396,0.8616438356164383,0.09105305693619428,,,,,
disc,58,0.25,0.05,3.991217079057918e-13,12.398163291550633,0.8458904109589042,0.04542186931749303,,,,,
gen,58,,,9.978719239800427e-13,,,,5.0,0.08135749824397454,0.04444784929212464,0.6056161171553175,0.6391915577870458
gen,58,,,9.978719239800427e-13,,,,20.0,0.07605380315959609,0.04150822722210312,0.6078451903631188,0.6640585299148501
disc,59,0.5,0.1,1.0492093305281003e-12,17.269868206788562,0.9452054794520548,0.09403018547702752,,,,,
disc,59,0.5,0.05,4.1842571074646173e-13,16.04464617719416,0.9232876712328767,0.04552167939548228,,,,,
disc,59,0.25,0.1,1.0034334474440243e-12,12.124974351450408,0.8527397260273972,0.09371378348890774,,,,,
disc,59,0.25,0.05,4.1004005746358985e-13,11.407495238786513,0.8280821917808219,0.04562492423324039,,,,,
gen,59,,,7.627717901748099e-13,,,,5.0,0.09157800115923143,0.05704813751014226,0.6164293446233535,0.6201314399362906
gen,59,,,7.627717901748099e-13,,,,20.0,0.08280643453062064,0.05083427485060299,0.6210715119284468,0.6482212376466023
disc,60,0.5,0.1,1.1032182112291622e-12,18.474318499766543,0.9472602739726027,0.09326726471895583,,,,,
disc,60,0.5,0.05,4.2491704599356694e-13,17.789084973040964,0.9363013698630137,0.045717864791691924,,,,,
disc,60,0.25,0.1,1.1159823065653995e-12,12.906502264716558,0.8589041095890411,0.09315715036166,,,,,
disc,60,0.25,0.05,4.429824562723894e-13,12.479228060690533,0.8356164383561644,0.04578494362953085,,,,,
gen,60,,,8.907249937628592e-13,,,,5.0,0.08720317442837344,0.05143475274693099,0.6404055621530692,0.6196822877693384
gen,60,,,8.907249937628592e-13,,,,20.0,0.08372652569539274,0.048736303103608325,0.6480792897488667,0.6466806155146385
disc,61,0.5,0.1,1.1175851910572021e-12,18.065292906642323,0.9417808219178082,0.09401725461672122,,,,,
disc,61,0.5,0.05,4.182279522702004e-13,17.216482645225547,0.9205479452054794,0.04438841071645048,,,,,
disc,61,0.25,0.1,1.0985518050787846e-12,12.60642184198423,0.8472602739726027,0.09385460863943104,,,,,
disc,61,0.25,0.05,4.166909872704849e-13,12.046329262459281,0.8342465753424657,0.04466743443649735,,,,,
gen,61,,,9.33447763529216e-13,,,,5.0,0.08851049395712707,0.045247870193288464,0.6055731041387221,0.6163813430278435
gen,61,,,9.33447763529216e-13,,,,20.0,0.08309907291253682,0.045485292959531964,0.6040747664850643,0.6390938035925894
disc,62,0.5,0.1,1.1064101024249595e-12,18.394886371023638,0.9404109589041096,0.0953834808259587,,,,,
disc,62,0.5,0.05,3.7132449892673947e-13,17.22620691213089,0.9205479452054794,0.0462769224552471,,,,,
disc,62,0.25,0.1,9.997627725688574e-13,12.856881949641965,0.8541095890410959,0.0952254818765911,,,,,
disc,62,0.25,0.05,4.1253805926899645e-13,12.104352706563146,0.8328767123287671,0.04635390148300804,,,,,
gen,62,,,8.861661404679921e-13,,,,5.0,0.08985491950250057,0.0480905009868654,0.628693487428646,0.6227001430898785
gen,62,,,8.861661404679921e-13,,,,20.0,0.08762627795992528,0.048247195766660034,0.6231723711995173,0.648052012927281
disc,63,0.5,0.1,1.0207217016056092e-12,18.697202837882983,0.9438356164383561,0.09316321170242858,,,,,
disc,63,0.5,0.05,4.026015631986013e-13,17.922422765369113,0.9198630136986301,0.04551683032286742,,,,,
disc,63,0.25,0.1,1.0405461214890721e-12,13.140682740315297,0.8547945205479452,0.09305188507697902,,,,,
disc,63,0.25,0.05,3.676139254116251e-13,12.652543761168603,0.8328767123287671,0.04556754354063119,,,,,
gen,63,,,8.408655716163338e-13,,,,5.0,0.09118574256053724,0.045535497960535354,0.6281032595863594,0.6219879215763467
gen,63,,,8.408655716163338e-13,,,,20.0,0.08600013827206165,0.04682281813841438,0.6304807981874835,0.6505636017887938
disc,64,0.5,0.1,1.1035478086895978e-12,17.584661436168712,0.9376712328767123,0.09349759566816179,,,,,
disc,64,0.5,0.05,4.1342970713564853e-13,16.088130882905503,0.9178082191780822,0.04654018668929567,,,,,
disc,64,0.25,0.1,1.0641279524215008e-12,12.260873809307865,0.8534246575342466,0.09339798763486483,,,,,
disc,64,0.25,0.05,4.2839343183942447e-13,11.467489554214112,0.8424657534246576,0.04645734836545844,,,,,
gen,64,,,8.254126548923324e-13,,,,5.0,0.08182667605331784,0.03975440600097058,0.6185957580199106,0.6306848607691187
gen,64,,,8.254126548923324e-13,,,,20.0,0.07811745481048604,0.038692999192660116,0.617211041299778,0.6579430589228575
disc,65,0.5,0.1,1.1023161550216543e-12,18.045286097056984,0.9363013698630137,0.09248717016203985,,,,,
disc,65,0.5,0.05,4.320120650103121e-13,17.32459053797233,0.9287671232876712,0.0453058956641209,,,,,
disc,65,0.25,0.1,1.1092342322438498e-12,12.585623452168647,0.8527397260273972,0.09250858689942215,,,,,
disc,65,0.25,0.05,4.637887296432552e-13,12.115280506731464,0.8431506849315068,0.04538045015557441,,,,,
gen,65,,,9.279244039817058e-13,,,,5.0,0.08925825721611069,0.04797747989384227,0.5999987300572629,0.6298655645485829
gen,65,,,9.279244039817058e-13,,,,20.0,0.08412166397492404,0.047638664769667716,0.6153133664828984,0.6538790318341613
disc,66,0.5,0.1,1.0508954817467497e-12,18.1253896522511,0.9410958904109589,0.09218147654261123,,,,,
disc,66,0.5,0.05,4.4400594312321573e-13,17.609487074725784,0.9191780821917809,0.04566674748454358,,,,,
disc,66,0.25,0.1,1.0375172943000166e-12,12.677632506734634,0.863013698630137,0.09210732614054229,,,,,
disc,66,0.25,0.05,4.191612335002759e-13,12.451724642212877,0.8452054794520548,0.04583848547298663,,,,,
gen,66,,,8.921197114375445e-13,,,,5.0,0.09462433705381534,0.05167008450762012,0.619033056489976,0.6208030169677979
gen,66,,,8.921197114375445e-13,,,,20.0,0.08786505816156875,0.04909669244003123,0.6210327291168128,0.647806364487951
disc,67,0.5,0.1,1.0865752742006407e-12,18.073773215382683,0.9438356164383561,0.0915640279629854,,,,,
disc,67,0.5,0.05,4.293336519634039e-13,17.4848891341477,0.9178082191780822,0.044061704449024124,,,,,
disc,67,0.25,0.1,1.119611348077143e-12,12.619476869350654,0.8602739726027397,0.09151008203014507,,,,,
disc,67,0.25,0.05,4.4506065499660963e-13,12.203423259123792,0.834931506849315,0.04428152907423122,,,,,
gen,67,,,8.096787129652228e-13,,,,5.0,0.09774402171568308,0.0484699105069184,0.6011256761436333,0.6265174063924602
gen,67,,,8.096787129652228e-13,,,,20.0,0.09192886995738558,0.047181243856064925,0.6123139925403261,0.6456464457610973
disc,68,0.5,0.1,1.0126240124197494e-12,17.973359704843865,0.9417808219178082,0.09457530205681497,,,,,
disc,68,0.5,0.05,4.080763504887841e-13,17.433655196562533,0.9328767123287671,0.04638340000808179,,,,,
disc,68,0.25,0.1,9.946800327842453e-13,12.76578951245797,0.8595890410958904,0.09423768537600517,,,,,
disc,68,0.25,0.05,4.0828104785894936e-13,12.56044989877285,0.8452054794520548,0.04646583424253445,,,,,
gen,68,,,7.382393307775459e-13,,,,5.0,0.08947856285521405,0.0560403303528767,0.6287019264665378,0.6286261863341498
gen,68,,,7.382393307775459e-13,,,,20.0,0.08366223167139397,0.05212879332682829,0.6308869807844908,0.657099360416369
disc,69,0.5,0.1,1.0429990204841033e-12,18.28119787446516,0.9458904109589041,0.09248009859780984,,,,,
disc,69,0.5,0.05,4.407550713292352e-13,18.00844255572189,0.9315068493150684,0.046193680042025294,,,,,
disc,69,0.25,0.1,1.0466419397836546e-12,12.85628335311613,0.8486301369863014,0.09236614539136057,,,,,
disc,69,0.25,0.05,4.3927708692770295e-13,12.692677647174321,0.8404109589041096,0.046222976522406756,,,,,
gen,69,,,9.83414738531252e-13,,,,5.0,0.09182470795170639,0.05395694030767251,0.6153963025922511,0.6304729563542366
gen,69,,,9.83414738531252e-13,,,,20.0,0.0840744937962089,0.051922270966962225,0.6181597980773734,0.660893288302811
disc,70,0.5,0.1,1.2171270935557033e-12,17.687554312955143,0.9417808219178082,0.09327009334464784,,,,,
disc,70,0.5,0.05,4.62910959564411e-13,16.836806821449677,0.9260273972602739,0.04674243342627389,,,,,
disc,70,0.25,0.1,1.0782277848342403e-12,12.532705615190356,0.8486301369863014,0.09303915626136501,,,,,
disc,70,0.25,0.05,4.606558190456411e-13,12.008211187792895,0.8301369863013699,0.0467868832585768,,,,,
gen,70,,,1.014750783401297e-12,,,,5.0,0.0847427176188863,0.043833736066306805,0.6134426388133993,0.628536257988619
gen,70,,,1.014750783401297e-12,,,,20.0,0.08014550517568098,0.04269847329343823,0.6134840347027761,0.657247297864059
disc,71,0.5,0.1,1.0541775785632979e-12,18.6185351483692,0.9458904109589041,0.09286095284276882,,,,,
disc,71,0.5,0.05,3.9237363358424204e-13,18.124656237495486,0.9356164383561644,0.04504323756414919,,,,,
disc,71,0.25,0.1,1.0355154234087394e-12,13.022935795350383,0.8582191780821918,0.09265628156948318,,,,,
disc,71,0.25,0.05,4.5127443448755855e-13,12.773456524609125,0.8445205479452055,0.04523659433466683,,,,,
gen,71,,,7.961131753830841e-13,,,,5.0,0.09531094923955863,0.04964867495201819,0.6239270899195294,0.6170810268545034
gen,71,,,7.961131753830841e-13,,,,20.0,0.0886011947947708,0.04523456380248636,0.6262454200148628,0.6433965845657194
disc,72,0.5,0.1,1.0494730084964488e-12,18.753404532735498,0.9404109589041096,0.0930983553562048,,,,,
disc,72,0.5,0.05,4.361684624587525e-13,18.23512715576738,0.9260273972602739,0.04642522325938497,,,,,
disc,72,0.25,0.1,1.0105284664607694e-12,13.08296405733862,0.8643835616438356,0.09281347234008162,,,,,
disc,72,0.25,0.05,4.5003931137266306e-13,12.74509739986785,0.8410958904109589,0.04653614579544996,,,,,
gen,72,,,7.787485933885563e-13,,,,5.0,0.090689932574749,0.055419944727926995,0.6145540652663612,0.6260784874429479
gen,72,,,7.787485933885563e-13,,,,20.0,0.0838550935923229,0.0541026418720294,0.623258902251026,0.6530039080432309
disc,73,0.5,0.1,1.0423224783284724e-12,18.22378166562209,0.9301369863013699,0.09429789469430638,,,,,
disc,73,0.5,0.05,4.3810441385794263e-13,17.5341037714268,0.9205479452054794,0.04645896472299672,,,,,
disc,73,0.25,0.1,9.5842431213633e-13,12.791527455793657,0.8486301369863014,0.09414636117509192,,,,,
disc,73,0.25,0.05,4.1158743080416116e-13,12.373594406830655,0.8321917808219178,0.04639592677900352,,,,,
gen,73,,,6.087456927428292e-13,,,,5.0,0.08556314332569381,0.04037510608207706,0.6222475227856816,0.6221268829412704
gen,73,,,6.087456927428292e-13,,,,20.0,0.08084190625378906,0.04101110829802235,0.6171785683721388,0.6497316538460093
disc,74,0.5,0.1,9.962967950638557e-13,18.62084216257348,0.947945205479452,0.09313633975835454,,,,,
disc,74,0.5,0.05,4.15788931062977e-13,18.166752838588852,0.9342465753424658,0.04621792540509961,,,,,
disc,74,0.25,0.1,1.0305888087369652e-12,13.100619701869501,0.8582191780821918,0.09289449226168829,,,,,
disc,74,0.25,0.05,4.680839049697738e-13,12.875888541788324,0.8445205479452055,0.04625328322624964,,,,,
gen,74,,,8.492789804748213e-13,,,,5.0,0.08854667302601882,0.046475917333211214,0.6242073011164911,0.634475563780616
gen,74,,,8.492789804748213e-13,,,,20.0,0.08220021443311232,0.04543936520488534,0.6290962826281236,0.6634337628181662
disc,75,0.5,0.1,9.91644266701286e-13,18.105826592871257,0.936986301369863,0.09271871337939952,,,,,
disc,75,0.5,0.05,4.3573825103671027e-13,17.55549352311371,0.9171232876712329,0.04612538893603265,,,,,
disc,75,0.25,0.1,1.0612344336635715e-12,12.692225518845534,0.8479452054794521,0.09263769345779287,,,,,
disc,75,0.25,0.05,4.438671652451376e-13,12.339090751936498,0.8328767123287671,0.04626702226532509,,,,,
gen,75,,,9.35092281384442e-13,,,,5.0,0.08810633941921842,0.04850163577613997,0.6344387475517803,0.6217778650358505
gen,75,,,9.35092281384442e-13,,,,20.0,0.08153343484950648,0.04591431229170184,0.6307342171149,0.6536357925299494
disc,76,0.5,0.1,1.0343843837024025e-12,19.04242845942197,0.9541095890410959,0.09330888592556673,,,,,
disc,76,0.5,0.05,3.919642388439115e-13,19.263440969179086,0.9452054794520548,0.044621772336040734,,,,,
disc,76,0.25,0.1,1.1200970706504165e-12,13.24992756141731,0.8684931506849315,0.09318664888673374,,,,,
disc,76,0.25,0.05,4.1563627539709103e-13,13.231747426180243,0.8554794520547945,0.04481795773225038,,,,,
gen,76,,,8.39057989754366e-13,,,,5.0,0.08860270823640959,0.046000451283675026,0.6185405873014125,0.620853784136084
gen,76,,,8.39057989754366e-13,,,,20.0,0.0842425283354028,0.04719794270947775,0.6186405024485788,0.6459313543350611
disc,77,0.5,0.1,1.1509404540532842e-12,17.602579517306996,0.9321917808219178,0.09218632561522609,,,,,
disc,77,0.5,0.05,4.388538143995646e-13,16.464975757887505,0.910958904109589,0.045764335070917685,,,,,
disc,77,0.25,0.1,1.1789597076372615e-12,12.32826886446113,0.8397260273972603,0.09203337778316564,,,,,
disc,77,0.25,0.05,4.44359826712315e-13,11.566634488206557,0.8198630136986301,0.04581383602052774,,,,,
gen,77,,,9.636527686929242e-13,,,,5.0,0.08803501436094696,0.05044934867134321,0.6369685266934627,0.6286320809779142
gen,77,,,9.636527686929242e-13,,,,20.0,0.08116782156798219,0.0461762305816128,0.6349895292861839,0.6526485550210024
disc,78,0.5,0.1,1.1288331380754357e-12,17.92365323025158,0.9410958904109589,0.09436982260476018,,,,,
disc,78,0.5,0.05,4.0837125347970016e-13,16.980895452628623,0.9205479452054794,0.046751121348042185,,,,,
disc,78,0.25,0.1,1.0874807998551006e-12,12.568194449114213,0.8527397260273972,0.09420899502970057,,,,,
disc,78,0.25,0.05,4.0433975612153006e-13,11.939926986885636,0.8397260273972603,0.04677779124742393,,,,,
gen,78,,,6.658978923823611e-13,,,,5.0,0.09088663608811454,0.05370122120827314,0.6178172656909579,0.640320987057554
gen,78,,,6.658978923823611e-13,,,,20.0,0.08196369040904705,0.048064937790143425,0.6223719075205918,0.665699357095721
disc,79,0.5,0.1,1.0296138941434663e-12,18.409400313746822,0.9513698630136986,0.09279892512223704,,,,,
disc,79,0.5,0.05,4.653950835820098e-13,17.965519659514133,0.9356164383561644,0.045663110680082435,,,,,
disc,79,0.25,0.1,9.933859290711666e-13,12.8586861364414,0.8671232876712329,0.09265183658625288,,,,,
disc,79,0.25,0.05,4.32393704175027e-13,12.58017183009118,0.8534246575342466,0.045886774154442964,,,,,
gen,79,,,9.12360464955242e-13,,,,5.0,0.09128283489687217,0.05392654553426557,0.6189881938906295,0.6331499209095683
gen,79,,,9.12360464955242e-13,,,,20.0,0.08390207907639491,0.05123392645233471,0.6251790195046274,0.6587817701185975
disc,80,0.5,0.1,1.0657204285724475e-12,18.318437934568504,0.9417808219178082,0.09395563098557401,,,,,
disc,80,0.5,0.05,4.17509776751146e-13,17.49552766837838,0.9198630136986301,0.0460427526568877,,,,,
disc,80,0.25,0.1,1.0230670477451298e-12,12.90092133851805,0.8561643835616438,0.09367297046106599,,,,,
disc,80,0.25,0.05,4.095439265494605e-13,12.4077521811069,0.834931506849315,0.04627591223178567,,,,,
gen,80,,,7.401648738358801e-13,,,,5.0,0.08730734563442777,0.047454152395828064,0.626698504921776,0.6263331070040649
gen,80,,,7.401648738358801e-13,,,,20.0,0.0794570084773677,0.04519602144120094,0.6312812053137944,0.6522250966650991
disc,81,0.5,0.1,1.0086653734475703e-12,18.020721156753925,0.9410958904109589,0.09225239422960359,,,,,
disc,81,0.5,0.05,4.3424291940041826e-13,17.21212459082731,0.9287671232876712,0.04526831535135572,,,,,
disc,81,0.25,0.1,1.0322367960391432e-12,12.70858446943676,0.863013698630137,0.09217925405099608,,,,,
disc,81,0.25,0.05,4.1865469424529067e-13,12.208004688577793,0.8397260273972603,0.045439043116337334,,,,,
gen,81,,,7.242331734325091e-13,,,,5.0,0.09021818503996482,0.05250990825364077,0.6226524860666846,0.6296848286318413
gen,81,,,7.242331734325091e-13,,,,20.0,0.0838850214824799,0.047335607476172714,0.6260002629040159,0.6528686222164014
disc,82,0.5,0.1,1.0455247778651255e-12,18.165025344555655,0.9438356164383561,0.09266981856386633,,,,,
disc,82,0.5,0.05,4.146440135688323e-13,17.79669336675146,0.9328767123287671,0.045944154847052165,,,,,
disc,82,0.25,0.1,1.0040024367441447e-12,12.731283725403161,0.8595890410958904,0.09258314139087566,,,,,
disc,82,0.25,0.05,4.658808061552833e-13,12.541238075672455,0.8397260273972603,0.046102961975188914,,,,,
gen,82,,,8.229424086625414e-13,,,,5.0,0.08545219476016652,0.04632217414610407,0.6100682621935813,0.6430668390317531
gen,82,,,8.229424086625414e-13,,,,20.0,0.07895121390734128,0.04410662787983399,0.6146393525766871,0.670906754724082
disc,83,0.5,0.1,1.0739673039772413e-12,18.78392568899364,0.9472602739726027,0.09236048813997656,,,,,
disc,83,0.5,0.05,4.4090078810121724e-13,18.62756115483451,0.9383561643835616,0.045376813351113265,,,,,
disc,83,0.25,0.1,1.125894516507131e-12,13.144752339951703,0.8650684931506849,0.09241039317897119,,,,,
disc,83,0.25,0.05,4.466392533597485e-13,13.08588600377376,0.8547945205479452,0.045476219339717946,,,,,
gen,83,,,9.849239479553518e-13,,,,5.0,0.0974636657974276,0.056113658655786436,0.6043492215279267,0.6273288764126141
gen,83,,,9.849239479553518e-13,,,,20.0,0.0878788303112712,0.05202330887012874,0.6094777322978822,0.6537635725583276
disc,84,0.5,0.1,1.1008728650896416e-12,18.707558618940467,0.9452054794520548,0.09498686709500141,,,,,
disc,84,0.5,0.05,4.384270724244743e-13,18.57289612504948,0.9376712328767123,0.046105184466804054,,,,,
disc,84,0.25,0.1,1.144449118806179e-12,12.957470392199749,0.8623287671232877,0.0946609690063442,,,,,
disc,84,0.25,0.05,4.776526396632619e-13,12.784810410863349,0.8486301369863014,0.046241362589404776,,,,,
gen,84,,,6.707863431376637e-13,,,,5.0,0.09977183466442907,0.05806427438759687,0.6227418924890442,0.6134232673051473
gen,84,,,6.707863431376637e-13,,,,20.0,0.09369414227611883,0.05490117462083166,0.6212143386444509,0.6425123269773356
disc,85,0.5,0.1,1.0485709522889408e-12,18.85944170459234,0.9465753424657535,0.09395664120903544,,,,,
disc,85,0.5,0.05,3.8211968311774314e-13,18.643016504821922,0.9404109589041096,0.04454135854851093,,,,,
disc,85,0.25,0.1,1.0804794559060582e-12,13.174414192590294,0.8609589041095891,0.09367822362306542,,,,,
disc,85,0.25,0.05,3.827216321639071e-13,12.896877494909656,0.8506849315068493,0.04482583747524953,,,,,
gen,85,,,9.4377283765823e-13,,,,5.0,0.0898205760817673,0.04925125069048053,0.6120582413553279,0.6261906814481697
gen,85,,,9.4377283765823e-13,,,,20.0,0.08411715121380181,0.04806594792894481,0.6145885804025897,0.6492678020260145
disc,86,0.5,0.1,1.0178767551050072e-12,18.862975204071034,0.9383561643835616,0.09267002060855861,,,,,
disc,86,0.5,0.05,3.949722493512553e-13,18.849285343012834,0.9328767123287671,0.045871418757829234,,,,,
disc,86,0.25,0.1,1.0884140810851761e-12,13.220032561588392,0.8623287671232877,0.092499292843577,,,,,
disc,86,0.25,0.05,4.1211825618781006e-13,13.277981422981775,0.8527397260273972,0.045889198690750393,,,,,
gen,86,,,7.829292769656604e-13,,,,5.0,0.09368862742186868,0.04923118623621048,0.6026363972239241,0.6090094395547779
gen,86,,,7.829292769656604e-13,,,,20.0,0.08793785998762871,0.04818640677049546,0.597801840491395,0.6427970823181154
disc,87,0.5,0.1,1.0032842612250903e-12,18.303692308092582,0.9513698630136986,0.0939786640804946,,,,,
disc,87,0.5,0.05,3.9004563467948117e-13,17.588099756107667,0.936986301369863,0.04560451771931951,,,,,
disc,87,0.25,0.1,9.826445213079182e-13,12.85269664997792,0.8609589041095891,0.09378449913120783,,,,,
disc,87,0.25,0.05,3.841423706907321e-13,12.45236959859915,0.8513698630136987,0.04571968319392249,,,,,
gen,87,,,6.969147481328264e-13,,,,5.0,0.0902532946862501,0.054774693483825576,0.6110516983528514,0.6249003888198019
gen,87,,,6.969147481328264e-13,,,,20.0,0.08414351713596013,0.05016941768664629,0.6128949043975511,0.6536557096749785
disc,88,0.5,0.1,9.75483582799086e-13,17.869313360176754,0.9452054794520548,0.0936283185840708,,,,,
disc,88,0.5,0.05,3.701865203264987e-13,17.30735149407411,0.9363013698630137,0.04572958338384451,,,,,
disc,88,0.25,0.1,1.0432800456872116e-12,12.518765561471286,0.852054794520548,0.09356629086353901,,,,,
disc,88,0.25,0.05,3.7281289166912757e-13,12.154379320670344,0.8376712328767123,0.045860710389138075,,,,,
gen,88,,,7.211661823269822e-13,,,,5.0,0.08887000208882956,0.05168696703603659,0.628230941442785,0.6236080901279397
gen,88,,,7.211661823269822e-13,,,,20.0,0.08069161799382829,0.046265392883767964,0.6249715312923813,0.6498071298706033
disc,89,0.5,0.1,1.0552045348610761e-12,18.165404935700238,0.947945205479452,0.0946595546934982,,,,,
disc,89,0.5,0.05,4.3454129183828627e-13,17.856957171188583,0.9273972602739726,0.046746070230735036,,,,,
disc,89,0.25,0.1,1.1101640440269733e-12,12.771480155896619,0.8547945205479452,0.09450195983351517,,,,,
disc,89,0.25,0.05,4.404462905505113e-13,12.593883609045246,0.8431506849315068,0.046745666141350464,,,,,
gen,89,,,8.898159986614473e-13,,,,5.0,0.0945949124021429,0.05319394146926093,0.628605697855946,0.6189001487100106
gen,89,,,8.898159986614473e-13,,,,20.0,0.08570996998559843,0.04895364762352861,0.6310812371421054,0.6477535089049179
disc,90,0.5,0.1,1.0772702174755011e-12,18.117059740053374,0.9424657534246575,0.09320685335596234,,,,,
disc,90,0.5,0.05,3.985024116248681e-13,17.584242269398153,0.9287671232876712,0.04634905241039318,,,,,
disc,90,0.25,0.1,1.0039538644868173e-12,12.750764185880978,0.8589041095890411,0.0930939103729745,,,,,
disc,90,0.25,0.05,3.9287323394532336e-13,12.422658641150916,0.8363013698630137,0.046342384935547744,,,,,
gen,90,,,1.036438296297959e-12,,,,5.0,0.09230494925888821,0.0532554833456218,0.5982768143133042,0.6231685841447735
gen,90,,,1.036438296297959e-12,,,,20.0,0.08722329441950816,0.05189082642463305,0.6075995314952706,0.6515870430936263
disc,91,0.5,0.1,1.043175962278653e-12,18.83323396791604,0.9472602739726027,0.09377358871782439,,,,,
disc,91,0.5,0.05,4.3605744015629e-13,17.960302735912766,0.9363013698630137,0.04558633369701378,,,,,
disc,91,0.25,0.1,1.0841189057586575e-12,13.04468768580784,0.8616438356164383,0.09363619832706994,,,,,
disc,91,0.25,0.05,4.0965147940497104e-13,12.604301965927302,0.8438356164383561,0.04582898937244918,,,,,
gen,91,,,9.262902944673357e-13,,,,5.0,0.0897613723481242,0.04775889481619,0.6127295904884615,0.6263354351624218
gen,91,,,9.262902944673357e-13,,,,20.0,0.08401899186034811,0.046118199434076246,0.6108763068372306,0.6548580399542203
disc,92,0.5,0.1,1.0012719819929572e-12,17.605910832886796,0.9417808219178082,0.09303531741221158,,,,,
disc,92,0.5,0.05,4.1508116388477845e-13,16.72878449496535,0.9226027397260274,0.045152745787368165,,,,,
disc,92,0.25,0.1,9.722500582398652e-13,12.433681604304772,0.8458904109589042,0.09283206045177193,,,,,
disc,92,0.25,0.05,3.8893888110180797e-13,11.937596073143693,0.8226027397260274,0.045361457954499536,,,,,
gen,92,,,7.918353472913253e-13,,,,5.0,0.0840820752763003,0.04711741151172788,0.6116008040481717,0.6329978503421901
gen,92,,,7.918353472913253e-13,,,,20.0,0.07908323832500974,0.04374434749304812,0.6258537420185691,0.6548447923013739
disc,93,0.5,0.1,1.0893022595048762e-12,18.37544407673337,0.9404109589041096,0.09216632319068978,,,,,
disc,93,0.5,0.05,4.668591901957342e-13,17.451632452396538,0.9308219178082192,0.046670303471127814,,,,,
disc,93,0.25,0.1,1.1361328544623461e-12,12.893572763346334,0.8541095890410959,0.09216349456499778,,,,,
disc,93,0.25,0.05,4.5324161090931625e-13,12.338290889459905,0.8363013698630137,0.046662827817513235,,,,,
gen,93,,,8.960297781523963e-13,,,,5.0,0.09030772422929378,0.046738161118626165,0.601562940196402,0.6350786225776619
gen,93,,,8.960297781523963e-13,,,,20.0,0.08368762420951426,0.04434159030877538,0.6062431735174129,0.6606471107528564
disc,94,0.5,0.1,1.005470012804821e-12,18.31713522411389,0.9424657534246575,0.09444902412413626,,,,,
disc,94,0.5,0.05,3.8948531899674066e-13,17.74271613112209,0.9273972602739726,0.045957085707358465,,,,,
disc,94,0.25,0.1,1.059697468663856e-12,12.806504362577208,0.8582191780821918,0.09415605932032166,,,,,
disc,94,0.25,0.05,4.07186437345608e-13,12.322833331134868,0.8383561643835616,0.04611952963995636,,,,,
gen,94,,,9.338745055043063e-13,,,,5.0,0.09786001683850243,0.051397558110215735,0.6104548910475424,0.6122283277689361
gen,94,,,9.338745055043063e-13,,,,20.0,0.09149052333728036,0.05184267205382509,0.6145821634502707,0.6394291893975241
disc,95,0.5,0.1,1.0379891390854823e-12,18.758207840090794,0.9458904109589041,0.09322241079726835,,,,,
disc,95,0.5,0.05,4.3126613391564206e-13,18.39631645920124,0.9342465753424658,0.04523760455812826,,,,,
disc,95,0.25,0.1,1.0884140810851761e-12,13.20072100368358,0.8582191780821918,0.09314745221643027,,,,,
disc,95,0.25,0.05,4.314049117937202e-13,13.008664929224883,0.8458904109589042,0.045382470602497275,,,,,
gen,95,,,9.301726056065718e-13,,,,5.0,0.0891620499844834,0.04031536201896091,0.6236624889789387,0.6255633574803203
gen,95,,,9.301726056065718e-13,,,,20.0,0.08234183428551134,0.03825992810285417,0.6229076026827742,0.6539006630751201
disc,96,0.5,0.1,1.067260863019115e-12,18.555237372448936,0.947945205479452,0.092901361781226,,,,,
disc,96,0.5,0.05,4.3214043454753437e-13,17.982172513875405,0.9315068493150684,0.045629369216470685,,,,,
disc,96,0.25,0.1,1.0332776301247293e-12,12.926273783036347,0.8636986301369863,0.09276801228431729,,,,,
disc,96,0.25,0.05,4.385797280903603e-13,12.574433055480037,0.8568493150684932,0.04568594173031074,,,,,
gen,96,,,7.513815958315462e-13,,,,5.0,0.08766692542365462,0.044480166469876736,0.6113886069113467,0.6353017910715142
gen,96,,,7.513815958315462e-13,,,,20.0,0.0822298726348123,0.04270847958929436,0.6183172334092683,0.6588862223648607
disc,97,0.5,0.1,1.0566096608766173e-12,18.153985062409426,0.9431506849315069,0.09221582414029983,,,,,
disc,97,0.5,0.05,4.601388714498e-13,16.982010951425895,0.9232876712328767,0.04609710267911262,,,,,
disc,97,0.25,0.1,1.0249856519095601e-12,12.663447653484589,0.8527397260273972,0.09218693174930294,,,,,
disc,97,0.25,0.05,4.699747535585885e-13,12.034389704712977,0.8410958904109589,0.046205196589485596,,,,,
gen,97,,,9.575465420574858e-13,,,,5.0,0.08618493791256976,0.04652466313916148,0.6465932770957054,0.6287671935869403
gen,97,,,9.575465420574858e-13,,,,20.0,0.08043019519600603,0.04253664751753994,0.6464470249566098,0.654298347069032
disc,98,0.5,0.1,1.0820407070344373e-12,18.22039080593878,0.9452054794520548,0.09499232230169313,,,,,
disc,98,0.5,0.05,4.384582974470419e-13,17.921853736666183,0.9335616438356165,0.047074796945084256,,,,,
disc,98,0.25,0.1,1.0142442441463118e-12,12.905675123096136,0.8582191780821918,0.09446943063805714,,,,,
disc,98,0.25,0.05,4.4167794421845485e-13,12.773623445812264,0.8527397260273972,0.047042267749626214,,,,,
gen,98,,,9.416183111010668e-13,,,,5.0,0.09264958461580164,0.05299024850156886,0.6256124929362549,0.6100016771457474
gen,98,,,9.416183111010668e-13,,,,20.0,0.08504789515627675,0.050887150468619025,0.6307465677201997,0.6445238936378488
disc,99,0.5,0.1,1.145049333128867e-12,18.250531260189447,0.9404109589041096,0.09408372732048328,,,,,
disc,99,0.5,0.05,4.131833764020598e-13,17.895025184005885,0.9273972602739726,0.04566371681415929,,,,,
disc,99,0.25,0.1,1.1584032344469364e-12,12.701900087616393,0.8616438356164383,0.09376005172344122,,,,,
disc,99,0.25,0.05,3.997670250388552e-13,12.401340363385835,0.8431506849315068,0.04568048652361902,,,,,
gen,99,,,8.423643726995778e-13,,,,5.0,0.09279762869212604,0.05143165138104455,0.6381201683004765,0.6131534252118532
gen,99,,,8.423643726995778e-13,,,,20.0,0.08726984897709045,0.050258073147767535,0.6450342355185918,0.6398967514645669
disc,100,0.5,0.1,1.0817770290660889e-12,17.972628329117253,0.9376712328767123,0.09304259102113388,,,,,
disc,100,0.5,0.05,4.58567211980565e-13,17.485685607160043,0.9267123287671233,0.04529761183173718,,,,,
disc,100,0.25,0.1,1.0147924167647204e-12,12.689189736986075,0.8547945205479452,0.09298581646260153,,,,,
disc,100,0.25,0.05,4.563953381886421e-13,12.504613603278985,0.8424657534246576,0.04533620236796379,,,,,
gen,100,,,8.546427454625416e-13,,,,5.0,0.08631462964517733,0.05128256851864765,0.6281841679895727,0.6286538971801457
gen,100,,,8.546427454625416e-13,,,,20.0,0.07915178048407012,0.046199384067371896,0.6300234109796987,0.6533234217593478
