noise,input_gain,theta_factor,apl_strength,zero_vector_error_lower_bound,exact_zero_test_fraction,accuracy,test_silent_fraction,silent_error_mass,active_error_mass,active_fraction,saturated_fraction,noise_only_response_fraction,noise_only_active_fraction,noise_only_mean_activity
0.02,1.0,0.0,0.0,0.0,0.0,1.0,0.0,0.0,0.0,0.7472385135692485,0.00027324094696032337,1.0,0.5777550111358575,0.0038318909618302015
0.02,1.0,0.0,1.0,0.0,0.0,1.0,0.0,0.0,0.0,0.25392147158294154,8.558112678379938e-05,1.0,0.23685634743875278,0.0016748796420307883
0.02,1.0,0.25,0.0,0.0,0.0,1.0,0.0,0.0,0.0,0.1470879732739421,6.248453353130413e-05,0.0,0.0,0.0
0.02,1.0,0.25,1.0,0.0,0.0,1.0,0.0,0.0,0.0,0.09535552256042233,4.557452775715582e-05,0.0,0.0,0.0
0.02,1.0,0.5,0.0,0.0,0.00625,0.9986111111111111,0.00625,0.0,0.001388888888888889,0.051802977810772914,3.8356842365751056e-05,0.0,0.0,0.0
0.02,1.0,0.5,1.0,0.0,0.00625,0.9993055555555556,0.00625,0.0,0.0006944444444444445,0.040541120184772746,4.1243916522312955e-06,0.0,0.0,0.0
0.02,1.0,1.0,0.0,0.15486111111111112,0.21041666666666667,0.8201388888888889,0.21041666666666667,0.15659722222222222,0.02326388888888889,0.007117668893838159,0.0,0.0,0.0,0.0
0.02,1.0,1.0,1.0,0.15486111111111112,0.21041666666666667,0.8201388888888889,0.21041666666666667,0.15659722222222222,0.02326388888888889,0.006594902251917842,0.0,0.0,0.0,0.0
0.02,4.0,0.0,0.0,0.0,0.0,1.0,0.0,0.0,0.0,0.7472385135692485,0.07106574280293657,1.0,0.5777550111358575,0.015327563847320806
0.02,4.0,0.0,1.0,0.0,0.0,1.0,0.0,0.0,0.0,0.26915532458962305,0.03403963540377794,1.0,0.23685690423162584,0.006699518568123153
0.02,4.0,0.25,0.0,0.0,0.0,1.0,0.0,0.0,0.0,0.39522704776045536,0.05468469025818692,0.77125,0.005081291759465478,0.00017365632790603138
0.02,4.0,0.25,1.0,0.0,0.0,1.0,0.0,0.0,0.0,0.1929712117462674,0.028723913222799637,0.77125,0.004763919821826281,0.00016049120268193584
0.02,4.0,0.5,0.0,0.0,0.0,1.0,0.0,0.0,0.0,0.26650065990266436,0.042350078363441394,0.07250000000000001,7.071269487750558e-05,2.5253635969376935e-06
0.02,4.0,0.5,1.0,0.0,0.0,1.0,0.0,0.0,0.0,0.1526532211498804,0.024495586900932113,0.07250000000000001,7.015590200445435e-05,2.502037893522115e-06
0.02,4.0,1.0,0.0,0.0,0.0,1.0,0.0,0.0,0.0,0.1470879732739421,0.025791676977645797,0.0,0.0,0.0
0.02,4.0,1.0,1.0,0.0,0.0,1.0,0.0,0.0,0.0,0.0999589623030603,0.016849377216860514,0.0,0.0,0.0
0.1,1.0,0.0,0.0,0.0,0.0,0.9569444444444444,0.0,0.0,0.043055555555555555,0.7020436360636806,0.00044894003134537654,1.0,0.5769548997772829,0.019274786606516985
0.1,1.0,0.0,1.0,0.0,0.0,0.9520833333333334,0.0,0.0,0.04791666666666666,0.2649769034067475,0.00016703786191536748,1.0,0.23617149220489977,0.008447514908628936
0.1,1.0,0.25,0.0,0.0,0.0,0.9409722222222222,0.0,0.0,0.059027777777777776,0.16839581786686464,0.00015177761280211167,0.92125,0.012497216035634744,0.0005629900376651979
0.1,1.0,0.25,1.0,0.0,0.0,0.9423611111111111,0.0,0.0,0.057638888888888885,0.10497566608925184,6.722758393137012e-05,0.92125,0.011129732739420936,0.0004896407960534972
0.1,1.0,0.5,0.0,0.0,0.0034722222222222225,0.8965277777777778,0.0034722222222222225,0.0,0.10347222222222222,0.05982801286810195,5.2998432731172154e-05,0.27249999999999996,0.0005105790645879733,2.4728743759132195e-05
0.1,1.0,0.5,1.0,0.0,0.0034722222222222225,0.9034722222222222,0.0034722222222222225,0.0,0.09652777777777778,0.04569207291924441,2.8252082817784375e-05,0.27249999999999996,0.0005027839643652561,2.4097749958432727e-05
0.1,1.0,1.0,0.0,0.11319444444444444,0.16666666666666666,0.7,0.16666666666666666,0.11319444444444444,0.18680555555555556,0.008849913387775302,4.536830817454425e-06,0.00125,1.1135857461024499e-06,2.900947216808263e-08
0.1,1.0,1.0,1.0,0.11319444444444444,0.16666666666666666,0.7041666666666666,0.16666666666666666,0.11319444444444444,0.18263888888888888,0.008167326569331022,2.2684154087272127e-06,0.00125,1.1135857461024499e-06,2.895895754064215e-08
0.1,4.0,0.0,0.0,0.0,0.0,0.94375,0.0,0.0,0.056249999999999994,0.7020436360636806,0.0810146003464489,1.0,0.5769548997772829,0.07685016537275358
0.1,4.0,0.0,1.0,0.0,0.0,0.9534722222222223,0.0,0.0,0.04652777777777778,0.2814730264785944,0.037784376804421343,1.0,0.2363468819599109,0.03372799873271487
0.1,4.0,0.25,0.0,0.0,0.0,0.9506944444444444,0.0,0.0,0.049305555555555554,0.438202383898375,0.06300173224449393,1.0,0.183054565701559,0.029552176278455487
0.1,4.0,0.25,1.0,0.0,0.0,0.9520833333333334,0.0,0.0,0.04791666666666666,0.21509733564299266,0.03223768869091809,1.0,0.11277227171492205,0.017441557284082566
0.1,4.0,0.5,0.0,0.0,0.0,0.9541666666666666,0.0,0.0,0.04583333333333334,0.3079833787016415,0.049215334488162996,0.99625,0.07232572383073496,0.012127306529088675
0.1,4.0,0.5,1.0,0.0,0.0,0.9493055555555556,0.0,0.0,0.050694444444444445,0.17091417140971707,0.027424317413181555,0.99625,0.05382071269487751,0.00865644985524991
0.1,4.0,1.0,0.0,0.0,0.0,0.9458333333333333,0.0,0.0,0.05416666666666667,0.16839581786686464,0.03037284500536171,0.92125,0.012497216035634744,0.0022418054034703053
0.1,4.0,1.0,1.0,0.0,0.0,0.9444444444444444,0.0,0.0,0.05555555555555555,0.11061432813659985,0.019389590035469768,0.92125,0.011134187082405345,0.00195208893327675
