noise_repeat,noise,input_seed,blank_seed,input_gain,theta_factor,apl_strength,accuracy,test_silent_fraction,silent_error_mass,active_error_mass,accuracy_if_active,zero_vector_error_lower_bound,exact_zero_test_fraction,active_fraction,saturated_fraction,noise_only_response_fraction,noise_only_active_fraction,noise_only_mean_activity
0,0.02,210000,220000,1.0,0.0,0.0,1.0,0.0,0.0,0.0,1.0,0.0,0.0,0.7467400808380764,0.0002771591190299431,1.0,0.5869265033407572,0.0039000644551954455
0,0.02,210000,220000,1.0,0.0,1.0,1.0,0.0,0.0,0.0,1.0,0.0,0.0,0.25331518601006353,8.413758970551844e-05,1.0,0.2368574610244989,0.0017078985238037395
0,0.02,210000,220000,1.0,0.25,0.0,1.0,0.0,0.0,0.0,1.0,0.0,0.0,0.14718551513651737,6.186587478346944e-05,0.0,0.0,0.0
0,0.02,210000,220000,1.0,0.25,1.0,1.0,0.0,0.0,0.0,1.0,0.0,0.0,0.09537573207951827,4.536830817454426e-05,0.0,0.0,0.0
0,0.02,210000,220000,1.0,0.5,0.0,0.9972222222222222,0.005555555555555556,0.0,0.002777777777777778,0.9972067039106145,0.0,0.005555555555555556,0.051820506475294896,3.959415986142044e-05,0.0,0.0,0.0
0,0.02,210000,220000,1.0,0.5,1.0,0.9972222222222222,0.005555555555555556,0.0,0.002777777777777778,0.9972067039106145,0.0,0.005555555555555556,0.040602986059556215,6.5990266435700735e-06,0.0,0.0,0.0
0,0.02,210000,220000,1.0,1.0,0.0,0.8194444444444444,0.21388888888888888,0.15833333333333333,0.022222222222222223,0.9717314487632509,0.15833333333333333,0.21388888888888888,0.0071211746267425555,0.0,0.0,0.0,0.0
0,0.02,210000,220000,1.0,1.0,1.0,0.8194444444444444,0.21388888888888888,0.15833333333333333,0.022222222222222223,0.9717314487632509,0.15833333333333333,0.21388888888888888,0.006617998845170337,0.0,0.0,0.0,0.0
0,0.02,210000,220000,4.0,0.0,0.0,1.0,0.0,0.0,0.0,1.0,0.0,0.0,0.7467400808380764,0.07110533696279799,1.0,0.5869265033407572,0.015600257820781782
0,0.02,210000,220000,4.0,0.0,1.0,1.0,0.0,0.0,0.0,1.0,0.0,0.0,0.26849047265528336,0.034104594572300584,1.0,0.2368574610244989,0.006831594095214958
0,0.02,210000,220000,4.0,0.25,0.0,1.0,0.0,0.0,0.0,1.0,0.0,0.0,0.3943116390332426,0.05469025818691743,0.83,0.005563474387527839,0.0002056743263064477
0,0.02,210000,220000,4.0,0.25,1.0,1.0,0.0,0.0,0.0,1.0,0.0,0.0,0.19258351893095768,0.02877340592262641,0.83,0.005146993318485523,0.00018783159211524248
0,0.02,210000,220000,4.0,0.5,0.0,1.0,0.0,0.0,0.0,1.0,0.0,0.0,0.2660678049987627,0.042389672523302814,0.095,0.0001247216035634744,4.719235878390558e-06
0,0.02,210000,220000,4.0,0.5,1.0,1.0,0.0,0.0,0.0,1.0,0.0,0.0,0.15249938134125215,0.024479914212653633,0.095,0.00012249443207126948,4.656362367563387e-06
0,0.02,210000,220000,4.0,1.0,0.0,1.0,0.0,0.0,0.0,1.0,0.0,0.0,0.14718551513651737,0.02585003711952487,0.0,0.0,0.0
0,0.02,210000,220000,4.0,1.0,1.0,1.0,0.0,0.0,0.0,1.0,0.0,0.0,0.10005444196980945,0.01689103357254805,0.0,0.0,0.0
0,0.1,210001,220001,1.0,0.0,0.0,0.9527777777777777,0.0,0.0,0.04722222222222222,0.9527777777777777,0.0,0.0,0.7034059226264125,0.00043553575847562483,1.0,0.5783875278396436,0.01906557273047462
0,0.1,210001,220001,1.0,0.0,1.0,0.9472222222222222,0.0,0.0,0.05277777777777778,0.9472222222222222,0.0,0.0,0.26513816712034977,0.00015837663944568176,1.0,0.23665924276169265,0.008366709060739429
0,0.1,210001,220001,1.0,0.25,0.0,0.9361111111111111,0.0,0.0,0.06388888888888888,0.9361111111111111,0.0,0.0,0.16737028788253733,0.0001476532211498804,0.9,0.011966592427616926,0.0005473024834898063
0,0.1,210001,220001,1.0,0.25,1.0,0.9444444444444444,0.0,0.0,0.05555555555555555,0.9444444444444444,0.0,0.0,0.1046184937721686,6.26907531139157e-05,0.9,0.010601336302895323,0.00047327792208578417
0,0.1,210001,220001,1.0,0.5,0.0,0.8944444444444445,0.002777777777777778,0.0,0.10555555555555556,0.8941504178272981,0.0,0.002777777777777778,0.05915944898127526,5.361709147900685e-05,0.25,0.0005122494432071269,2.61112052346743e-05
0,0.1,210001,220001,1.0,0.5,1.0,0.9194444444444444,0.002777777777777778,0.0,0.08055555555555556,0.9192200557103064,0.0,0.002777777777777778,0.04546234430421513,2.5571228243834033e-05,0.25,0.0005011135857461024,2.5088783874560715e-05
0,0.1,210001,220001,1.0,1.0,0.0,0.6972222222222222,0.1638888888888889,0.11666666666666667,0.18611111111111112,0.7774086378737541,0.11666666666666667,0.1638888888888889,0.00864390002474635,5.774148313123814e-06,0.0,0.0,0.0
0,0.1,210001,220001,1.0,1.0,1.0,0.7027777777777777,0.1638888888888889,0.11666666666666667,0.18055555555555555,0.7840531561461794,0.11666666666666667,0.1638888888888889,0.008032665181885671,2.4746349913387776e-06,0.0,0.0,0.0
0,0.1,210001,220001,4.0,0.0,0.0,0.9388888888888889,0.0,0.0,0.06111111111111111,0.9388888888888889,0.0,0.0,0.7034059226264125,0.08032665181885672,1.0,0.5783875278396436,0.07600238147837546
0,0.1,210001,220001,4.0,0.0,1.0,0.9416666666666667,0.0,0.0,0.058333333333333334,0.9416666666666667,0.0,0.0,0.2814262146333416,0.03739338447578982,1.0,0.23682628062360803,0.03340223844239195
0,0.1,210001,220001,4.0,0.25,0.0,0.9472222222222222,0.0,0.0,0.05277777777777778,0.9472222222222222,0.0,0.0,0.43818526767301824,0.0623038851769364,1.0,0.18087082405345212,0.028853006952191996
0,0.1,210001,220001,4.0,0.25,1.0,0.9472222222222222,0.0,0.0,0.05277777777777778,0.9472222222222222,0.0,0.0,0.21504000659902664,0.03193681431988782,1.0,0.11241870824053452,0.017123367513446577
0,0.1,210001,220001,4.0,0.5,0.0,0.95,0.0,0.0,0.05,0.95,0.0,0.0,0.30722428441804833,0.048755258599356595,0.995,0.07062806236080178,0.011722313581368007
0,0.1,210001,220001,4.0,0.5,1.0,0.9416666666666667,0.0,0.0,0.058333333333333334,0.9416666666666667,0.0,0.0,0.1706310319227914,0.027118699991751215,0.995,0.05286636971046771,0.008401931551080911
0,0.1,210001,220001,4.0,1.0,0.0,0.9444444444444444,0.0,0.0,0.05555555555555555,0.9444444444444444,0.0,0.0,0.16737028788253733,0.03002227171492205,0.9,0.011966592427616926,0.0021756408162123863
0,0.1,210001,220001,4.0,1.0,1.0,0.9416666666666667,0.0,0.0,0.058333333333333334,0.9416666666666667,0.0,0.0,0.11013857955951498,0.01915367483296214,0.9,0.010608017817371938,0.0018855603077658758
1,0.02,211000,221000,1.0,0.0,0.0,1.0,0.0,0.0,0.0,1.0,0.0,0.0,0.7475641342901922,0.0002746844840386043,1.0,0.5749532293986637,0.003813492872632526
1,0.02,211000,221000,1.0,0.0,1.0,1.0,0.0,0.0,0.0,1.0,0.0,0.0,0.2536789573537903,8.331271137507218e-05,1.0,0.2362227171492205,0.001670321499024221
1,0.02,211000,221000,1.0,0.25,0.0,1.0,0.0,0.0,0.0,1.0,0.0,0.0,0.14702053947042812,6.186587478346944e-05,0.0,0.0,0.0
1,0.02,211000,221000,1.0,0.25,1.0,1.0,0.0,0.0,0.0,1.0,0.0,0.0,0.09540460282108389,4.619318650499051e-05,0.0,0.0,0.0
1,0.02,211000,221000,1.0,0.5,0.0,0.9972222222222222,0.005555555555555556,0.0,0.002777777777777778,0.9972067039106145,0.0,0.005555555555555556,0.05182215623195579,3.7944403200527925e-05,0.0,0.0,0.0
1,0.02,211000,221000,1.0,0.5,1.0,1.0,0.005555555555555556,0.0,0.0,1.0,0.0,0.005555555555555556,0.04049327724160686,4.1243916522312955e-06,0.0,0.0,0.0
1,0.02,211000,221000,1.0,1.0,0.0,0.8194444444444444,0.20277777777777778,0.15,0.030555555555555555,0.9616724738675958,0.14722222222222223,0.20277777777777778,0.007145920976655944,0.0,0.0,0.0,0.0
1,0.02,211000,221000,1.0,1.0,1.0,0.8194444444444444,0.20277777777777778,0.15,0.030555555555555555,0.9616724738675958,0.14722222222222223,0.20277777777777778,0.0065767549286480246,0.0,0.0,0.0,0.0
1,0.02,211000,221000,4.0,0.0,0.0,1.0,0.0,0.0,0.0,1.0,0.0,0.0,0.7475641342901922,0.07099480326651819,1.0,0.5749532293986637,0.015253971490530104
1,0.02,211000,221000,4.0,0.0,1.0,1.0,0.0,0.0,0.0,1.0,0.0,0.0,0.26893425719706343,0.03401880722593417,1.0,0.2362249443207127,0.006681285996096884
1,0.02,211000,221000,4.0,0.25,0.0,1.0,0.0,0.0,0.0,1.0,0.0,0.0,0.3948585333663285,0.05474964942670956,0.745,0.005211581291759465,0.00017645400008227692
1,0.02,211000,221000,4.0,0.25,1.0,1.0,0.0,0.0,0.0,1.0,0.0,0.0,0.1929208941681102,0.028680194671285984,0.745,0.004850779510022271,0.00016271019448694556
1,0.02,211000,221000,4.0,0.5,0.0,1.0,0.0,0.0,0.0,1.0,0.0,0.0,0.2661205972119112,0.042259341747092304,0.055,5.3452115812917595e-05,2.2663268979410704e-06
1,0.02,211000,221000,4.0,0.5,1.0,1.0,0.0,0.0,0.0,1.0,0.0,0.0,0.15255794770271386,0.02447661469933185,0.055,5.3452115812917595e-05,2.253988039487518e-06
1,0.02,211000,221000,4.0,1.0,0.0,1.0,0.0,0.0,0.0,1.0,0.0,0.0,0.14702053947042812,0.025699084385053205,0.0,0.0,0.0
1,0.02,211000,221000,4.0,1.0,1.0,1.0,0.0,0.0,0.0,1.0,0.0,0.0,0.09996535511012125,0.016820918914460116,0.0,0.0,0.0
1,0.1,211001,221001,1.0,0.0,0.0,0.9777777777777777,0.0,0.0,0.022222222222222223,0.9777777777777777,0.0,0.0,0.6999084385053205,0.0004825538233110616,1.0,0.5704610244988864,0.019134643092790612
1,0.1,211001,221001,1.0,0.0,1.0,0.9638888888888889,0.0,0.0,0.03611111111111111,0.9638888888888889,0.0,0.0,0.2647339767384311,0.00018889713767219335,1.0,0.2331826280623608,0.00843225253446036
1,0.1,211001,221001,1.0,0.25,0.0,0.9527777777777777,0.0,0.0,0.04722222222222222,0.9527777777777777,0.0,0.0,0.1695504413099068,0.00017487420605460694,0.925,0.012792873051224944,0.0005771314039975434
1,0.1,211001,221001,1.0,0.25,1.0,0.9444444444444444,0.0,0.0,0.05555555555555555,0.9444444444444444,0.0,0.0,0.10538563061948363,8.001319805328714e-05,0.925,0.011469933184855233,0.0005040024223075688
1,0.1,211001,221001,1.0,0.5,0.0,0.8972222222222223,0.005555555555555556,0.0,0.10277777777777777,0.8966480446927374,0.0,0.005555555555555556,0.06074074074074074,6.104099645302317e-05,0.265,0.0004966592427616927,2.3654291055261995e-05
1,0.1,211001,221001,1.0,0.5,1.0,0.8916666666666667,0.005555555555555556,0.0,0.10833333333333334,0.8910614525139665,0.0,0.005555555555555556,0.04623113090819104,3.134537655695785e-05,0.265,0.0004944320712694878,2.323688273485109e-05
1,0.1,211001,221001,1.0,1.0,0.0,0.6972222222222222,0.19722222222222222,0.14166666666666666,0.16111111111111112,0.7993079584775087,0.14166666666666666,0.19722222222222222,0.009269157799224614,2.4746349913387776e-06,0.0,0.0,0.0
1,0.1,211001,221001,1.0,1.0,1.0,0.7,0.19722222222222222,0.14166666666666666,0.15833333333333333,0.8027681660899654,0.14166666666666666,0.19722222222222222,0.008494597046935577,1.6497566608925184e-06,0.0,0.0,0.0
1,0.1,211001,221001,4.0,0.0,0.0,0.9611111111111111,0.0,0.0,0.03888888888888889,0.9611111111111111,0.0,0.0,0.6999084385053205,0.08212983584921224,1.0,0.5704610244988864,0.07629371511457826
1,0.1,211001,221001,4.0,0.0,1.0,0.9694444444444444,0.0,0.0,0.030555555555555555,0.9694444444444444,0.0,0.0,0.28166790398416236,0.03835931700074239,1.0,0.23336080178173718,0.03366994700626454
1,0.1,211001,221001,4.0,0.25,0.0,0.9722222222222222,0.0,0.0,0.027777777777777776,0.9722222222222222,0.0,0.0,0.43818691742967913,0.0639783881877423,1.0,0.18090200445434299,0.029520842453550872
1,0.1,211001,221001,4.0,0.25,1.0,0.9638888888888889,0.0,0.0,0.03611111111111111,0.9638888888888889,0.0,0.0,0.21547306772251093,0.03278396436525612,1.0,0.11151224944320713,0.017518798721086536
1,0.1,211001,221001,4.0,0.5,0.0,0.975,0.0,0.0,0.025,0.975,0.0,0.0,0.3089515796420028,0.050044543429844095,0.995,0.07219599109131403,0.012247650142983062
1,0.1,211001,221001,4.0,0.5,1.0,0.9666666666666667,0.0,0.0,0.03333333333333333,0.9666666666666667,0.0,0.0,0.17140229316175865,0.027875938299100882,0.995,0.05377728285077951,0.008773562263456502
1,0.1,211001,221001,4.0,1.0,0.0,0.9611111111111111,0.0,0.0,0.03888888888888889,0.9611111111111111,0.0,0.0,0.1695504413099068,0.030960158376639447,0.925,0.012792873051224944,0.002300546307011681
1,0.1,211001,221001,4.0,1.0,1.0,0.9583333333333334,0.0,0.0,0.041666666666666664,0.9583333333333334,0.0,0.0,0.11126206384558278,0.019811102862327807,0.925,0.011469933184855233,0.002010636462704275
2,0.02,212000,222000,1.0,0.0,0.0,1.0,0.0,0.0,0.0,1.0,0.0,0.0,0.7476589952981935,0.0002730347273777118,1.0,0.5796904231625836,0.0038665885771651406
2,0.02,212000,222000,1.0,0.0,1.0,1.0,0.0,0.0,0.0,1.0,0.0,0.0,0.25448321372597543,8.826198135774973e-05,1.0,0.23863028953229398,0.0016822581718419455
2,0.02,212000,222000,1.0,0.25,0.0,1.0,0.0,0.0,0.0,1.0,0.0,0.0,0.147129423410047,6.186587478346944e-05,0.0,0.0,0.0
2,0.02,212000,222000,1.0,0.25,1.0,1.0,0.0,0.0,0.0,1.0,0.0,0.0,0.09527592180153427,4.536830817454426e-05,0.0,0.0,0.0
2,0.02,212000,222000,1.0,0.5,0.0,1.0,0.005555555555555556,0.0,0.0,1.0,0.0,0.005555555555555556,0.05177761280211169,3.7944403200527925e-05,0.0,0.0,0.0
2,0.02,212000,222000,1.0,0.5,1.0,1.0,0.005555555555555556,0.0,0.0,1.0,0.0,0.005555555555555556,0.04049080260661552,0.0,0.0,0.0,0.0
2,0.02,212000,222000,1.0,1.0,0.0,0.8194444444444444,0.2111111111111111,0.15833333333333333,0.022222222222222223,0.971830985915493,0.15555555555555556,0.2111111111111111,0.007103027303472738,0.0,0.0,0.0,0.0
2,0.02,212000,222000,1.0,1.0,1.0,0.8194444444444444,0.2111111111111111,0.15833333333333333,0.022222222222222223,0.971830985915493,0.15555555555555556,0.2111111111111111,0.006596552008578734,0.0,0.0,0.0,0.0
2,0.02,212000,222000,4.0,0.0,0.0,1.0,0.0,0.0,0.0,1.0,0.0,0.0,0.7476589952981935,0.07105831889796255,1.0,0.5796904231625836,0.015466354308660562
2,0.02,212000,222000,4.0,0.0,1.0,1.0,0.0,0.0,0.0,1.0,0.0,0.0,0.26968159696444777,0.03403860430586488,1.0,0.23863028953229398,0.006729032687367782
2,0.02,212000,222000,4.0,0.25,0.0,1.0,0.0,0.0,0.0,1.0,0.0,0.0,0.3956924853584096,0.05464653963540378,0.755,0.004746102449888641,0.0001580502290142069
2,0.02,212000,222000,4.0,0.25,1.0,1.0,0.0,0.0,0.0,1.0,0.0,0.0,0.1932879650251588,0.028701641507877587,0.755,0.004501113585746103,0.0001475361315228945
2,0.02,212000,222000,4.0,0.5,0.0,1.0,0.0,0.0,0.0,1.0,0.0,0.0,0.266929802854079,0.04241771838653798,0.075,5.79064587973274e-05,1.6487205966292129e-06
2,0.02,212000,222000,4.0,0.5,1.0,1.0,0.0,0.0,0.0,1.0,0.0,0.0,0.15285242926668316,0.02451125958921059,0.075,5.79064587973274e-05,1.6422473309924396e-06
2,0.02,212000,222000,4.0,1.0,0.0,1.0,0.0,0.0,0.0,1.0,0.0,0.0,0.147129423410047,0.025765074651488907,0.0,0.0,0.0
2,0.02,212000,222000,4.0,1.0,1.0,1.0,0.0,0.0,0.0,1.0,0.0,0.0,0.09988369215540707,0.016828342819434135,0.0,0.0,0.0
2,0.1,212001,222001,1.0,0.0,0.0,0.9527777777777777,0.0,0.0,0.04722222222222222,0.9527777777777777,0.0,0.0,0.7029118205064753,0.00044543429844097997,1.0,0.5778440979955457,0.01953998861985877
2,0.1,212001,222001,1.0,0.0,1.0,0.9555555555555556,0.0,0.0,0.044444444444444446,0.9555555555555556,0.0,0.0,0.2654615194258847,0.00017074981440237566,1.0,0.23628285077951003,0.008582643448875089
2,0.1,212001,222001,1.0,0.25,0.0,0.9416666666666667,0.0,0.0,0.058333333333333334,0.9416666666666667,0.0,0.0,0.1673768869091809,0.0001534273694630042,0.95,0.012688195991091314,0.000556158985747623
2,0.1,212001,222001,1.0,0.25,1.0,0.9416666666666667,0.0,0.0,0.058333333333333334,0.9416666666666667,0.0,0.0,0.1043009156149468,6.764002309659325e-05,0.95,0.01134966592427617,0.00048571885095870465
2,0.1,212001,222001,1.0,0.5,0.0,0.9,0.005555555555555556,0.0,0.1,0.8994413407821229,0.0,0.005555555555555556,0.05942176029035717,5.279221314856059e-05,0.29,0.00047216035634743876,2.273970035243515e-05
2,0.1,212001,222001,1.0,0.5,1.0,0.9055555555555556,0.005555555555555556,0.0,0.09444444444444444,0.9050279329608939,0.0,0.005555555555555556,0.04526189886991669,2.3921471582941517e-05,0.29,0.00046102449888641426,2.2180523197916687e-05
2,0.1,212001,222001,1.0,1.0,0.0,0.7305555555555555,0.15555555555555556,0.1,0.16944444444444445,0.7993421052631579,0.1,0.15555555555555556,0.008808875690835601,4.1243916522312955e-06,0.005,4.4543429844097995e-06,1.1603788867233052e-07
2,0.1,212001,222001,1.0,1.0,1.0,0.7305555555555555,0.15555555555555556,0.1,0.16944444444444445,0.7993421052631579,0.1,0.15555555555555556,0.008107729109956281,8.248783304462592e-07,0.005,4.4543429844097995e-06,1.158358301625686e-07
2,0.1,212001,222001,4.0,0.0,0.0,0.9472222222222222,0.0,0.0,0.05277777777777778,0.9472222222222222,0.0,0.0,0.7029118205064753,0.0803299513321785,1.0,0.5778440979955457,0.0779325807983216
2,0.1,212001,222001,4.0,0.0,1.0,0.9638888888888889,0.0,0.0,0.03611111111111111,0.9638888888888889,0.0,0.0,0.28175039181720696,0.037549286480244165,1.0,0.23643429844097996,0.03427155283589859
2,0.1,212001,222001,4.0,0.25,0.0,0.95,0.0,0.0,0.05,0.95,0.0,0.0,0.4382471335478017,0.06254887404107894,1.0,0.1868285077951002,0.030304678074185604
2,0.1,212001,222001,4.0,0.25,1.0,0.9611111111111111,0.0,0.0,0.03888888888888889,0.9611111111111111,0.0,0.0,0.21480244163985812,0.032058896312793864,1.0,0.11504008908685968,0.0178532630630229
2,0.1,212001,222001,4.0,0.5,0.0,0.95,0.0,0.0,0.05,0.95,0.0,0.0,0.30706425802194176,0.04881300008248783,1.0,0.07450556792873052,0.01242728078501742
2,0.1,212001,222001,4.0,0.5,1.0,0.9555555555555556,0.0,0.0,0.044444444444444446,0.9555555555555556,0.0,0.0,0.17022849129753362,0.027364513734224202,1.0,0.05555902004454343,0.008864960262112899
2,0.1,212001,222001,4.0,1.0,0.0,0.9416666666666667,0.0,0.0,0.058333333333333334,0.9416666666666667,0.0,0.0,0.1673768869091809,0.030188072259341746,0.95,0.012688195991091314,0.00221405446168539
2,0.1,212001,222001,4.0,1.0,1.0,0.9388888888888889,0.0,0.0,0.06111111111111111,0.9388888888888889,0.0,0.0,0.10987461849377217,0.01930132805411202,0.95,0.011351893095768374,0.0019352439307245787
3,0.02,213000,223000,1.0,0.0,0.0,1.0,0.0,0.0,0.0,1.0,0.0,0.0,0.746990843850532,0.0002680854573950342,1.0,0.5694498886414254,0.003747417942327694
3,0.02,213000,223000,1.0,0.0,1.0,1.0,0.0,0.0,0.0,1.0,0.0,0.0,0.2542085292419368,8.661222469685721e-05,1.0,0.23571492204899777,0.0016390403734532473
3,0.02,213000,223000,1.0,0.25,0.0,1.0,0.0,0.0,0.0,1.0,0.0,0.0,0.14701641507877589,6.434050977480822e-05,0.0,0.0,0.0
3,0.02,213000,223000,1.0,0.25,1.0,1.0,0.0,0.0,0.0,1.0,0.0,0.0,0.09536583353955291,4.536830817454426e-05,0.0,0.0,0.0
3,0.02,213000,223000,1.0,0.5,0.0,1.0,0.008333333333333333,0.0,0.0,1.0,0.0,0.008333333333333333,0.051791635733729274,3.7944403200527925e-05,0.0,0.0,0.0
3,0.02,213000,223000,1.0,0.5,1.0,1.0,0.008333333333333333,0.0,0.0,1.0,0.0,0.008333333333333333,0.04057741483131238,5.774148313123814e-06,0.0,0.0,0.0
3,0.02,213000,223000,1.0,1.0,0.0,0.8222222222222222,0.21388888888888888,0.1597222222222222,0.018055555555555554,0.9770318021201413,0.15833333333333333,0.21388888888888888,0.007100552668481399,0.0,0.0,0.0,0.0
3,0.02,213000,223000,1.0,1.0,1.0,0.8222222222222222,0.21388888888888888,0.1597222222222222,0.018055555555555554,0.9770318021201413,0.15833333333333333,0.21388888888888888,0.006588303225274272,0.0,0.0,0.0,0.0
3,0.02,213000,223000,4.0,0.0,0.0,1.0,0.0,0.0,0.0,1.0,0.0,0.0,0.746990843850532,0.07110451208446754,1.0,0.5694498886414254,0.014989671769310776
3,0.02,213000,223000,4.0,0.0,1.0,1.0,0.0,0.0,0.0,1.0,0.0,0.0,0.2695149715416976,0.03399653551101212,1.0,0.23571492204899777,0.006556161493812989
3,0.02,213000,223000,4.0,0.25,0.0,1.0,0.0,0.0,0.0,1.0,0.0,0.0,0.3960455332838406,0.054652313783716905,0.755,0.004804008908685969,0.00015444675622119396
3,0.02,213000,223000,4.0,0.25,1.0,1.0,0.0,0.0,0.0,1.0,0.0,0.0,0.19309246886084303,0.028740410789408564,0.755,0.004556792873051225,0.0001438868926026608
3,0.02,213000,223000,4.0,0.5,0.0,1.0,0.0,0.0,0.0,1.0,0.0,0.0,0.2668844345459045,0.04233358079683247,0.065,4.67706013363029e-05,1.4671710147899323e-06
3,0.02,213000,223000,4.0,0.5,1.0,1.0,0.0,0.0,0.0,1.0,0.0,0.0,0.1527031262888724,0.024514559102532377,0.065,4.67706013363029e-05,1.4555538360451142e-06
3,0.02,213000,223000,4.0,1.0,0.0,1.0,0.0,0.0,0.0,1.0,0.0,0.0,0.14701641507877589,0.025852511754516208,0.0,0.0,0.0
3,0.02,213000,223000,4.0,1.0,1.0,1.0,0.0,0.0,0.0,1.0,0.0,0.0,0.0999323599769034,0.016857213560999753,0.0,0.0,0.0
3,0.1,213001,223001,1.0,0.0,0.0,0.9444444444444444,0.0,0.0,0.05555555555555555,0.9444444444444444,0.0,0.0,0.701948362616514,0.0004322362451538398,1.0,0.5811269487750557,0.019358941982943936
3,0.1,213001,223001,1.0,0.0,1.0,0.9416666666666667,0.0,0.0,0.058333333333333334,0.9416666666666667,0.0,0.0,0.2645739503423245,0.00015012785614121918,1.0,0.23856124721603564,0.008408454590440862
3,0.1,213001,223001,1.0,0.25,0.0,0.9333333333333333,0.0,0.0,0.06666666666666667,0.9333333333333333,0.0,0.0,0.16928565536583354,0.0001311556545409552,0.91,0.01254120267260579,0.0005713672774258188
3,0.1,213001,223001,1.0,0.25,1.0,0.9388888888888889,0.0,0.0,0.06111111111111111,0.9388888888888889,0.0,0.0,0.10559762435040831,5.8566361461684404e-05,0.91,0.011097995545657015,0.0004955639888619308
3,0.1,213001,223001,1.0,0.5,0.0,0.8944444444444445,0.0,0.0,0.10555555555555556,0.8944444444444445,0.0,0.0,0.059990101460034646,4.4543429844097995e-05,0.285,0.0005612472160356348,2.640977839415734e-05
3,0.1,213001,223001,1.0,0.5,1.0,0.8972222222222223,0.0,0.0,0.10277777777777777,0.8972222222222223,0.0,0.0,0.045812917594654785,3.217025488740411e-05,0.285,0.00055456570155902,2.588481002640242e-05
3,0.1,213001,223001,1.0,1.0,0.0,0.675,0.15,0.09444444444444444,0.23055555555555557,0.7287581699346405,0.09444444444444444,0.15,0.008677720036294646,5.774148313123814e-06,0.0,0.0,0.0
3,0.1,213001,223001,1.0,1.0,1.0,0.6833333333333333,0.15,0.09444444444444444,0.2222222222222222,0.738562091503268,0.09444444444444444,0.15,0.008034314938546564,4.1243916522312955e-06,0.0,0.0,0.0
3,0.1,213001,223001,4.0,0.0,0.0,0.9277777777777778,0.0,0.0,0.07222222222222222,0.9277777777777778,0.0,0.0,0.701948362616514,0.08127196238554814,1.0,0.5811269487750557,0.07717198409973895
3,0.1,213001,223001,4.0,0.0,1.0,0.9388888888888889,0.0,0.0,0.06111111111111111,0.9388888888888889,0.0,0.0,0.28104759547966673,0.037835519260909015,1.0,0.2387661469933185,0.03356825664630439
3,0.1,213001,223001,4.0,0.25,0.0,0.9333333333333333,0.0,0.0,0.06666666666666667,0.9333333333333333,0.0,0.0,0.4381902169430009,0.06317578157221809,1.0,0.18361692650334074,0.02953017763389348
3,0.1,213001,223001,4.0,0.25,1.0,0.9361111111111111,0.0,0.0,0.06388888888888888,0.9361111111111111,0.0,0.0,0.21507382661057495,0.03217107976573456,1.0,0.11211804008908687,0.017270799838774244
3,0.1,213001,223001,4.0,0.5,0.0,0.9416666666666667,0.0,0.0,0.058333333333333334,0.9416666666666667,0.0,0.0,0.30869339272457313,0.049248535840963455,0.995,0.07197327394209355,0.012111981606986212
3,0.1,213001,223001,4.0,0.5,1.0,0.9333333333333333,0.0,0.0,0.06666666666666667,0.9333333333333333,0.0,0.0,0.17139486925678463,0.02733811762764992,0.995,0.05308017817371938,0.008585345344349321
3,0.1,213001,223001,4.0,1.0,0.0,0.9361111111111111,0.0,0.0,0.06388888888888888,0.9361111111111111,0.0,0.0,0.16928565536583354,0.030320877670543596,0.91,0.01254120267260579,0.0022769800289717643
3,0.1,213001,223001,4.0,1.0,1.0,0.9388888888888889,0.0,0.0,0.06111111111111111,0.9388888888888889,0.0,0.0,0.11118205064752949,0.019292254392477108,0.91,0.011106904231625836,0.0019769150319122707
