noise,input_gain,theta_factor,apl_strength,odor_key,name,accuracy,test_silent_fraction,silent_error_mass,active_error_mass
0.02,1.0,0.0,0.0,CATSNJVOTSVZJV-UHFFFAOYSA-N,2-heptanone,1.0,0.0,0.0,0.0
0.02,1.0,0.0,0.0,CSCPPACGZOOCGX-UHFFFAOYSA-N,acetone,1.0,0.0,0.0,0.0
0.02,1.0,0.0,0.0,FERIUCNNQQJTOY-UHFFFAOYSA-N,butyric acid,1.0,0.0,0.0,0.0
0.02,1.0,0.0,0.0,HIGQPQRQIQDZMP-DHZHZOJOSA-N,geranyl acetate,1.0,0.0,0.0,0.0
0.02,1.0,0.0,0.0,HUMNYLRZRPPJDN-UHFFFAOYSA-N,benzaldehyde,1.0,0.0,0.0,0.0
0.02,1.0,0.0,0.0,LRHPLDYGYMQRHN-UHFFFAOYSA-N,1-butanol,1.0,0.0,0.0,0.0
0.02,1.0,0.0,0.0,MBDOYVRWFFCFHM-SNAWJCMRSA-N,E2-hexenal,1.0,0.0,0.0,0.0
0.02,1.0,0.0,0.0,MLFHJEHSLIIPHL-UHFFFAOYSA-N,isopentyl acetate,1.0,0.0,0.0,0.0
0.02,1.0,0.0,0.0,OBNCKNCVKJNDBV-UHFFFAOYSA-N,ethyl butyrate,1.0,0.0,0.0,0.0
0.02,1.0,0.0,0.0,OSWPMRLSEDHDFF-UHFFFAOYSA-N,methyl salicylate,1.0,0.0,0.0,0.0
0.02,1.0,0.0,0.0,PHTQWCKDNZKARW-UHFFFAOYSA-N,3-methyl-butanol,1.0,0.0,0.0,0.0
0.02,1.0,0.0,0.0,QSJXEFYPDANLFS-UHFFFAOYSA-N,"2,3-butanedione",1.0,0.0,0.0,0.0
0.02,1.0,0.0,0.0,RRAFCDWBNXTKKO-UHFFFAOYSA-N,eugenol,1.0,0.0,0.0,0.0
0.02,1.0,0.0,0.0,VSMOENVRRABVKN-UHFFFAOYSA-N,1-octen-3-ol,1.0,0.0,0.0,0.0
0.02,1.0,0.0,0.0,WRMNZCZEMHIOCP-UHFFFAOYSA-N,phenethyl alcohol,1.0,0.0,0.0,0.0
0.02,1.0,0.0,0.0,XEKOWRVHYACXOJ-UHFFFAOYSA-N,ethyl acetate,1.0,0.0,0.0,0.0
0.02,1.0,0.0,0.0,ZSIAUFGUXNUGDI-UHFFFAOYSA-N,1-hexanol,1.0,0.0,0.0,0.0
0.02,1.0,0.0,0.0,ZWEHNKRNPOVVGH-UHFFFAOYSA-N,2-butanone,1.0,0.0,0.0,0.0
0.02,1.0,0.0,1.0,CATSNJVOTSVZJV-UHFFFAOYSA-N,2-heptanone,1.0,0.0,0.0,0.0
0.02,1.0,0.0,1.0,CSCPPACGZOOCGX-UHFFFAOYSA-N,acetone,1.0,0.0,0.0,0.0
0.02,1.0,0.0,1.0,FERIUCNNQQJTOY-UHFFFAOYSA-N,butyric acid,1.0,0.0,0.0,0.0
0.02,1.0,0.0,1.0,HIGQPQRQIQDZMP-DHZHZOJOSA-N,geranyl acetate,1.0,0.0,0.0,0.0
0.02,1.0,0.0,1.0,HUMNYLRZRPPJDN-UHFFFAOYSA-N,benzaldehyde,1.0,0.0,0.0,0.0
0.02,1.0,0.0,1.0,LRHPLDYGYMQRHN-UHFFFAOYSA-N,1-butanol,1.0,0.0,0.0,0.0
0.02,1.0,0.0,1.0,MBDOYVRWFFCFHM-SNAWJCMRSA-N,E2-hexenal,1.0,0.0,0.0,0.0
0.02,1.0,0.0,1.0,MLFHJEHSLIIPHL-UHFFFAOYSA-N,isopentyl acetate,1.0,0.0,0.0,0.0
0.02,1.0,0.0,1.0,OBNCKNCVKJNDBV-UHFFFAOYSA-N,ethyl butyrate,1.0,0.0,0.0,0.0
0.02,1.0,0.0,1.0,OSWPMRLSEDHDFF-UHFFFAOYSA-N,methyl salicylate,1.0,0.0,0.0,0.0
0.02,1.0,0.0,1.0,PHTQWCKDNZKARW-UHFFFAOYSA-N,3-methyl-butanol,1.0,0.0,0.0,0.0
0.02,1.0,0.0,1.0,QSJXEFYPDANLFS-UHFFFAOYSA-N,"2,3-butanedione",1.0,0.0,0.0,0.0
0.02,1.0,0.0,1.0,RRAFCDWBNXTKKO-UHFFFAOYSA-N,eugenol,1.0,0.0,0.0,0.0
0.02,1.0,0.0,1.0,VSMOENVRRABVKN-UHFFFAOYSA-N,1-octen-3-ol,1.0,0.0,0.0,0.0
0.02,1.0,0.0,1.0,WRMNZCZEMHIOCP-UHFFFAOYSA-N,phenethyl alcohol,1.0,0.0,0.0,0.0
0.02,1.0,0.0,1.0,XEKOWRVHYACXOJ-UHFFFAOYSA-N,ethyl acetate,1.0,0.0,0.0,0.0
0.02,1.0,0.0,1.0,ZSIAUFGUXNUGDI-UHFFFAOYSA-N,1-hexanol,1.0,0.0,0.0,0.0
0.02,1.0,0.0,1.0,ZWEHNKRNPOVVGH-UHFFFAOYSA-N,2-butanone,1.0,0.0,0.0,0.0
0.02,1.0,0.25,0.0,CATSNJVOTSVZJV-UHFFFAOYSA-N,2-heptanone,1.0,0.0,0.0,0.0
0.02,1.0,0.25,0.0,CSCPPACGZOOCGX-UHFFFAOYSA-N,acetone,1.0,0.0,0.0,0.0
0.02,1.0,0.25,0.0,FERIUCNNQQJTOY-UHFFFAOYSA-N,butyric acid,1.0,0.0,0.0,0.0
0.02,1.0,0.25,0.0,HIGQPQRQIQDZMP-DHZHZOJOSA-N,geranyl acetate,1.0,0.0,0.0,0.0
0.02,1.0,0.25,0.0,HUMNYLRZRPPJDN-UHFFFAOYSA-N,benzaldehyde,1.0,0.0,0.0,0.0
0.02,1.0,0.25,0.0,LRHPLDYGYMQRHN-UHFFFAOYSA-N,1-butanol,1.0,0.0,0.0,0.0
0.02,1.0,0.25,0.0,MBDOYVRWFFCFHM-SNAWJCMRSA-N,E2-hexenal,1.0,0.0,0.0,0.0
0.02,1.0,0.25,0.0,MLFHJEHSLIIPHL-UHFFFAOYSA-N,isopentyl acetate,1.0,0.0,0.0,0.0
0.02,1.0,0.25,0.0,OBNCKNCVKJNDBV-UHFFFAOYSA-N,ethyl butyrate,1.0,0.0,0.0,0.0
0.02,1.0,0.25,0.0,OSWPMRLSEDHDFF-UHFFFAOYSA-N,methyl salicylate,1.0,0.0,0.0,0.0
0.02,1.0,0.25,0.0,PHTQWCKDNZKARW-UHFFFAOYSA-N,3-methyl-butanol,1.0,0.0,0.0,0.0
0.02,1.0,0.25,0.0,QSJXEFYPDANLFS-UHFFFAOYSA-N,"2,3-butanedione",1.0,0.0,0.0,0.0
0.02,1.0,0.25,0.0,RRAFCDWBNXTKKO-UHFFFAOYSA-N,eugenol,1.0,0.0,0.0,0.0
0.02,1.0,0.25,0.0,VSMOENVRRABVKN-UHFFFAOYSA-N,1-octen-3-ol,1.0,0.0,0.0,0.0
0.02,1.0,0.25,0.0,WRMNZCZEMHIOCP-UHFFFAOYSA-N,phenethyl alcohol,1.0,0.0,0.0,0.0
0.02,1.0,0.25,0.0,XEKOWRVHYACXOJ-UHFFFAOYSA-N,ethyl acetate,1.0,0.0,0.0,0.0
0.02,1.0,0.25,0.0,ZSIAUFGUXNUGDI-UHFFFAOYSA-N,1-hexanol,1.0,0.0,0.0,0.0
0.02,1.0,0.25,0.0,ZWEHNKRNPOVVGH-UHFFFAOYSA-N,2-butanone,1.0,0.0,0.0,0.0
0.02,1.0,0.25,1.0,CATSNJVOTSVZJV-UHFFFAOYSA-N,2-heptanone,1.0,0.0,0.0,0.0
0.02,1.0,0.25,1.0,CSCPPACGZOOCGX-UHFFFAOYSA-N,acetone,1.0,0.0,0.0,0.0
0.02,1.0,0.25,1.0,FERIUCNNQQJTOY-UHFFFAOYSA-N,butyric acid,1.0,0.0,0.0,0.0
0.02,1.0,0.25,1.0,HIGQPQRQIQDZMP-DHZHZOJOSA-N,geranyl acetate,1.0,0.0,0.0,0.0
0.02,1.0,0.25,1.0,HUMNYLRZRPPJDN-UHFFFAOYSA-N,benzaldehyde,1.0,0.0,0.0,0.0
0.02,1.0,0.25,1.0,LRHPLDYGYMQRHN-UHFFFAOYSA-N,1-butanol,1.0,0.0,0.0,0.0
0.02,1.0,0.25,1.0,MBDOYVRWFFCFHM-SNAWJCMRSA-N,E2-hexenal,1.0,0.0,0.0,0.0
0.02,1.0,0.25,1.0,MLFHJEHSLIIPHL-UHFFFAOYSA-N,isopentyl acetate,1.0,0.0,0.0,0.0
0.02,1.0,0.25,1.0,OBNCKNCVKJNDBV-UHFFFAOYSA-N,ethyl butyrate,1.0,0.0,0.0,0.0
0.02,1.0,0.25,1.0,OSWPMRLSEDHDFF-UHFFFAOYSA-N,methyl salicylate,1.0,0.0,0.0,0.0
0.02,1.0,0.25,1.0,PHTQWCKDNZKARW-UHFFFAOYSA-N,3-methyl-butanol,1.0,0.0,0.0,0.0
0.02,1.0,0.25,1.0,QSJXEFYPDANLFS-UHFFFAOYSA-N,"2,3-butanedione",1.0,0.0,0.0,0.0
0.02,1.0,0.25,1.0,RRAFCDWBNXTKKO-UHFFFAOYSA-N,eugenol,1.0,0.0,0.0,0.0
0.02,1.0,0.25,1.0,VSMOENVRRABVKN-UHFFFAOYSA-N,1-octen-3-ol,1.0,0.0,0.0,0.0
0.02,1.0,0.25,1.0,WRMNZCZEMHIOCP-UHFFFAOYSA-N,phenethyl alcohol,1.0,0.0,0.0,0.0
0.02,1.0,0.25,1.0,XEKOWRVHYACXOJ-UHFFFAOYSA-N,ethyl acetate,1.0,0.0,0.0,0.0
0.02,1.0,0.25,1.0,ZSIAUFGUXNUGDI-UHFFFAOYSA-N,1-hexanol,1.0,0.0,0.0,0.0
0.02,1.0,0.25,1.0,ZWEHNKRNPOVVGH-UHFFFAOYSA-N,2-butanone,1.0,0.0,0.0,0.0
0.02,1.0,0.5,0.0,CATSNJVOTSVZJV-UHFFFAOYSA-N,2-heptanone,1.0,0.0,0.0,0.0
0.02,1.0,0.5,0.0,CSCPPACGZOOCGX-UHFFFAOYSA-N,acetone,1.0,0.1125,0.0,0.0
0.02,1.0,0.5,0.0,FERIUCNNQQJTOY-UHFFFAOYSA-N,butyric acid,1.0,0.0,0.0,0.0
0.02,1.0,0.5,0.0,HIGQPQRQIQDZMP-DHZHZOJOSA-N,geranyl acetate,1.0,0.0,0.0,0.0
0.02,1.0,0.5,0.0,HUMNYLRZRPPJDN-UHFFFAOYSA-N,benzaldehyde,1.0,0.0,0.0,0.0
0.02,1.0,0.5,0.0,LRHPLDYGYMQRHN-UHFFFAOYSA-N,1-butanol,0.975,0.0,0.0,0.025
0.02,1.0,0.5,0.0,MBDOYVRWFFCFHM-SNAWJCMRSA-N,E2-hexenal,1.0,0.0,0.0,0.0
0.02,1.0,0.5,0.0,MLFHJEHSLIIPHL-UHFFFAOYSA-N,isopentyl acetate,1.0,0.0,0.0,0.0
0.02,1.0,0.5,0.0,OBNCKNCVKJNDBV-UHFFFAOYSA-N,ethyl butyrate,1.0,0.0,0.0,0.0
0.02,1.0,0.5,0.0,OSWPMRLSEDHDFF-UHFFFAOYSA-N,methyl salicylate,1.0,0.0,0.0,0.0
0.02,1.0,0.5,0.0,PHTQWCKDNZKARW-UHFFFAOYSA-N,3-methyl-butanol,1.0,0.0,0.0,0.0
0.02,1.0,0.5,0.0,QSJXEFYPDANLFS-UHFFFAOYSA-N,"2,3-butanedione",1.0,0.0,0.0,0.0
0.02,1.0,0.5,0.0,RRAFCDWBNXTKKO-UHFFFAOYSA-N,eugenol,1.0,0.0,0.0,0.0
0.02,1.0,0.5,0.0,VSMOENVRRABVKN-UHFFFAOYSA-N,1-octen-3-ol,1.0,0.0,0.0,0.0
0.02,1.0,0.5,0.0,WRMNZCZEMHIOCP-UHFFFAOYSA-N,phenethyl alcohol,1.0,0.0,0.0,0.0
0.02,1.0,0.5,0.0,XEKOWRVHYACXOJ-UHFFFAOYSA-N,ethyl acetate,1.0,0.0,0.0,0.0
0.02,1.0,0.5,0.0,ZSIAUFGUXNUGDI-UHFFFAOYSA-N,1-hexanol,1.0,0.0,0.0,0.0
0.02,1.0,0.5,0.0,ZWEHNKRNPOVVGH-UHFFFAOYSA-N,2-butanone,1.0,0.0,0.0,0.0
0.02,1.0,0.5,1.0,CATSNJVOTSVZJV-UHFFFAOYSA-N,2-heptanone,1.0,0.0,0.0,0.0
0.02,1.0,0.5,1.0,CSCPPACGZOOCGX-UHFFFAOYSA-N,acetone,1.0,0.1125,0.0,0.0
0.02,1.0,0.5,1.0,FERIUCNNQQJTOY-UHFFFAOYSA-N,butyric acid,1.0,0.0,0.0,0.0
0.02,1.0,0.5,1.0,HIGQPQRQIQDZMP-DHZHZOJOSA-N,geranyl acetate,1.0,0.0,0.0,0.0
0.02,1.0,0.5,1.0,HUMNYLRZRPPJDN-UHFFFAOYSA-N,benzaldehyde,1.0,0.0,0.0,0.0
0.02,1.0,0.5,1.0,LRHPLDYGYMQRHN-UHFFFAOYSA-N,1-butanol,0.9875,0.0,0.0,0.0125
0.02,1.0,0.5,1.0,MBDOYVRWFFCFHM-SNAWJCMRSA-N,E2-hexenal,1.0,0.0,0.0,0.0
0.02,1.0,0.5,1.0,MLFHJEHSLIIPHL-UHFFFAOYSA-N,isopentyl acetate,1.0,0.0,0.0,0.0
0.02,1.0,0.5,1.0,OBNCKNCVKJNDBV-UHFFFAOYSA-N,ethyl butyrate,1.0,0.0,0.0,0.0
0.02,1.0,0.5,1.0,OSWPMRLSEDHDFF-UHFFFAOYSA-N,methyl salicylate,1.0,0.0,0.0,0.0
0.02,1.0,0.5,1.0,PHTQWCKDNZKARW-UHFFFAOYSA-N,3-methyl-butanol,1.0,0.0,0.0,0.0
0.02,1.0,0.5,1.0,QSJXEFYPDANLFS-UHFFFAOYSA-N,"2,3-butanedione",1.0,0.0,0.0,0.0
0.02,1.0,0.5,1.0,RRAFCDWBNXTKKO-UHFFFAOYSA-N,eugenol,1.0,0.0,0.0,0.0
0.02,1.0,0.5,1.0,VSMOENVRRABVKN-UHFFFAOYSA-N,1-octen-3-ol,1.0,0.0,0.0,0.0
0.02,1.0,0.5,1.0,WRMNZCZEMHIOCP-UHFFFAOYSA-N,phenethyl alcohol,1.0,0.0,0.0,0.0
0.02,1.0,0.5,1.0,XEKOWRVHYACXOJ-UHFFFAOYSA-N,ethyl acetate,1.0,0.0,0.0,0.0
0.02,1.0,0.5,1.0,ZSIAUFGUXNUGDI-UHFFFAOYSA-N,1-hexanol,1.0,0.0,0.0,0.0
0.02,1.0,0.5,1.0,ZWEHNKRNPOVVGH-UHFFFAOYSA-N,2-butanone,1.0,0.0,0.0,0.0
0.02,1.0,1.0,0.0,CATSNJVOTSVZJV-UHFFFAOYSA-N,2-heptanone,1.0,0.0,0.0,0.0
0.02,1.0,1.0,0.0,CSCPPACGZOOCGX-UHFFFAOYSA-N,acetone,0.5,1.0,0.5,0.0
0.02,1.0,1.0,0.0,FERIUCNNQQJTOY-UHFFFAOYSA-N,butyric acid,0.2625,0.7375,0.7375,0.0
0.02,1.0,1.0,0.0,HIGQPQRQIQDZMP-DHZHZOJOSA-N,geranyl acetate,0.1875,0.775,0.775,0.037500000000000006
0.02,1.0,1.0,0.0,HUMNYLRZRPPJDN-UHFFFAOYSA-N,benzaldehyde,1.0,0.0,0.0,0.0
0.02,1.0,1.0,0.0,LRHPLDYGYMQRHN-UHFFFAOYSA-N,1-butanol,0.9375,0.0,0.0,0.0625
0.02,1.0,1.0,0.0,MBDOYVRWFFCFHM-SNAWJCMRSA-N,E2-hexenal,1.0,0.0,0.0,0.0
0.02,1.0,1.0,0.0,MLFHJEHSLIIPHL-UHFFFAOYSA-N,isopentyl acetate,1.0,0.0,0.0,0.0
0.02,1.0,1.0,0.0,OBNCKNCVKJNDBV-UHFFFAOYSA-N,ethyl butyrate,1.0,0.0,0.0,0.0
0.02,1.0,1.0,0.0,OSWPMRLSEDHDFF-UHFFFAOYSA-N,methyl salicylate,0.5,0.9375,0.46875,0.03125
0.02,1.0,1.0,0.0,PHTQWCKDNZKARW-UHFFFAOYSA-N,3-methyl-butanol,0.5125,0.3,0.3,0.1875
0.02,1.0,1.0,0.0,QSJXEFYPDANLFS-UHFFFAOYSA-N,"2,3-butanedione",1.0,0.0,0.0,0.0
0.02,1.0,1.0,0.0,RRAFCDWBNXTKKO-UHFFFAOYSA-N,eugenol,0.8625,0.0375,0.0375,0.1
0.02,1.0,1.0,0.0,VSMOENVRRABVKN-UHFFFAOYSA-N,1-octen-3-ol,1.0,0.0,0.0,0.0
0.02,1.0,1.0,0.0,WRMNZCZEMHIOCP-UHFFFAOYSA-N,phenethyl alcohol,1.0,0.0,0.0,0.0
0.02,1.0,1.0,0.0,XEKOWRVHYACXOJ-UHFFFAOYSA-N,ethyl acetate,1.0,0.0,0.0,0.0
0.02,1.0,1.0,0.0,ZSIAUFGUXNUGDI-UHFFFAOYSA-N,1-hexanol,1.0,0.0,0.0,0.0
0.02,1.0,1.0,0.0,ZWEHNKRNPOVVGH-UHFFFAOYSA-N,2-butanone,1.0,0.0,0.0,0.0
0.02,1.0,1.0,1.0,CATSNJVOTSVZJV-UHFFFAOYSA-N,2-heptanone,1.0,0.0,0.0,0.0
0.02,1.0,1.0,1.0,CSCPPACGZOOCGX-UHFFFAOYSA-N,acetone,0.5,1.0,0.5,0.0
0.02,1.0,1.0,1.0,FERIUCNNQQJTOY-UHFFFAOYSA-N,butyric acid,0.2625,0.7375,0.7375,0.0
0.02,1.0,1.0,1.0,HIGQPQRQIQDZMP-DHZHZOJOSA-N,geranyl acetate,0.1875,0.775,0.775,0.037500000000000006
0.02,1.0,1.0,1.0,HUMNYLRZRPPJDN-UHFFFAOYSA-N,benzaldehyde,1.0,0.0,0.0,0.0
0.02,1.0,1.0,1.0,LRHPLDYGYMQRHN-UHFFFAOYSA-N,1-butanol,0.9375,0.0,0.0,0.0625
0.02,1.0,1.0,1.0,MBDOYVRWFFCFHM-SNAWJCMRSA-N,E2-hexenal,1.0,0.0,0.0,0.0
0.02,1.0,1.0,1.0,MLFHJEHSLIIPHL-UHFFFAOYSA-N,isopentyl acetate,1.0,0.0,0.0,0.0
0.02,1.0,1.0,1.0,OBNCKNCVKJNDBV-UHFFFAOYSA-N,ethyl butyrate,1.0,0.0,0.0,0.0
0.02,1.0,1.0,1.0,OSWPMRLSEDHDFF-UHFFFAOYSA-N,methyl salicylate,0.5,0.9375,0.46875,0.03125
0.02,1.0,1.0,1.0,PHTQWCKDNZKARW-UHFFFAOYSA-N,3-methyl-butanol,0.5125,0.3,0.3,0.1875
0.02,1.0,1.0,1.0,QSJXEFYPDANLFS-UHFFFAOYSA-N,"2,3-butanedione",1.0,0.0,0.0,0.0
0.02,1.0,1.0,1.0,RRAFCDWBNXTKKO-UHFFFAOYSA-N,eugenol,0.8625,0.0375,0.0375,0.1
0.02,1.0,1.0,1.0,VSMOENVRRABVKN-UHFFFAOYSA-N,1-octen-3-ol,1.0,0.0,0.0,0.0
0.02,1.0,1.0,1.0,WRMNZCZEMHIOCP-UHFFFAOYSA-N,phenethyl alcohol,1.0,0.0,0.0,0.0
0.02,1.0,1.0,1.0,XEKOWRVHYACXOJ-UHFFFAOYSA-N,ethyl acetate,1.0,0.0,0.0,0.0
0.02,1.0,1.0,1.0,ZSIAUFGUXNUGDI-UHFFFAOYSA-N,1-hexanol,1.0,0.0,0.0,0.0
0.02,1.0,1.0,1.0,ZWEHNKRNPOVVGH-UHFFFAOYSA-N,2-butanone,1.0,0.0,0.0,0.0
0.02,4.0,0.0,0.0,CATSNJVOTSVZJV-UHFFFAOYSA-N,2-heptanone,1.0,0.0,0.0,0.0
0.02,4.0,0.0,0.0,CSCPPACGZOOCGX-UHFFFAOYSA-N,acetone,1.0,0.0,0.0,0.0
0.02,4.0,0.0,0.0,FERIUCNNQQJTOY-UHFFFAOYSA-N,butyric acid,1.0,0.0,0.0,0.0
0.02,4.0,0.0,0.0,HIGQPQRQIQDZMP-DHZHZOJOSA-N,geranyl acetate,1.0,0.0,0.0,0.0
0.02,4.0,0.0,0.0,HUMNYLRZRPPJDN-UHFFFAOYSA-N,benzaldehyde,1.0,0.0,0.0,0.0
0.02,4.0,0.0,0.0,LRHPLDYGYMQRHN-UHFFFAOYSA-N,1-butanol,1.0,0.0,0.0,0.0
0.02,4.0,0.0,0.0,MBDOYVRWFFCFHM-SNAWJCMRSA-N,E2-hexenal,1.0,0.0,0.0,0.0
0.02,4.0,0.0,0.0,MLFHJEHSLIIPHL-UHFFFAOYSA-N,isopentyl acetate,1.0,0.0,0.0,0.0
0.02,4.0,0.0,0.0,OBNCKNCVKJNDBV-UHFFFAOYSA-N,ethyl butyrate,1.0,0.0,0.0,0.0
0.02,4.0,0.0,0.0,OSWPMRLSEDHDFF-UHFFFAOYSA-N,methyl salicylate,1.0,0.0,0.0,0.0
0.02,4.0,0.0,0.0,PHTQWCKDNZKARW-UHFFFAOYSA-N,3-methyl-butanol,1.0,0.0,0.0,0.0
0.02,4.0,0.0,0.0,QSJXEFYPDANLFS-UHFFFAOYSA-N,"2,3-butanedione",1.0,0.0,0.0,0.0
0.02,4.0,0.0,0.0,RRAFCDWBNXTKKO-UHFFFAOYSA-N,eugenol,1.0,0.0,0.0,0.0
0.02,4.0,0.0,0.0,VSMOENVRRABVKN-UHFFFAOYSA-N,1-octen-3-ol,1.0,0.0,0.0,0.0
0.02,4.0,0.0,0.0,WRMNZCZEMHIOCP-UHFFFAOYSA-N,phenethyl alcohol,1.0,0.0,0.0,0.0
0.02,4.0,0.0,0.0,XEKOWRVHYACXOJ-UHFFFAOYSA-N,ethyl acetate,1.0,0.0,0.0,0.0
0.02,4.0,0.0,0.0,ZSIAUFGUXNUGDI-UHFFFAOYSA-N,1-hexanol,1.0,0.0,0.0,0.0
0.02,4.0,0.0,0.0,ZWEHNKRNPOVVGH-UHFFFAOYSA-N,2-butanone,1.0,0.0,0.0,0.0
0.02,4.0,0.0,1.0,CATSNJVOTSVZJV-UHFFFAOYSA-N,2-heptanone,1.0,0.0,0.0,0.0
0.02,4.0,0.0,1.0,CSCPPACGZOOCGX-UHFFFAOYSA-N,acetone,1.0,0.0,0.0,0.0
0.02,4.0,0.0,1.0,FERIUCNNQQJTOY-UHFFFAOYSA-N,butyric acid,1.0,0.0,0.0,0.0
0.02,4.0,0.0,1.0,HIGQPQRQIQDZMP-DHZHZOJOSA-N,geranyl acetate,1.0,0.0,0.0,0.0
0.02,4.0,0.0,1.0,HUMNYLRZRPPJDN-UHFFFAOYSA-N,benzaldehyde,1.0,0.0,0.0,0.0
0.02,4.0,0.0,1.0,LRHPLDYGYMQRHN-UHFFFAOYSA-N,1-butanol,1.0,0.0,0.0,0.0
0.02,4.0,0.0,1.0,MBDOYVRWFFCFHM-SNAWJCMRSA-N,E2-hexenal,1.0,0.0,0.0,0.0
0.02,4.0,0.0,1.0,MLFHJEHSLIIPHL-UHFFFAOYSA-N,isopentyl acetate,1.0,0.0,0.0,0.0
0.02,4.0,0.0,1.0,OBNCKNCVKJNDBV-UHFFFAOYSA-N,ethyl butyrate,1.0,0.0,0.0,0.0
0.02,4.0,0.0,1.0,OSWPMRLSEDHDFF-UHFFFAOYSA-N,methyl salicylate,1.0,0.0,0.0,0.0
0.02,4.0,0.0,1.0,PHTQWCKDNZKARW-UHFFFAOYSA-N,3-methyl-butanol,1.0,0.0,0.0,0.0
0.02,4.0,0.0,1.0,QSJXEFYPDANLFS-UHFFFAOYSA-N,"2,3-butanedione",1.0,0.0,0.0,0.0
0.02,4.0,0.0,1.0,RRAFCDWBNXTKKO-UHFFFAOYSA-N,eugenol,1.0,0.0,0.0,0.0
0.02,4.0,0.0,1.0,VSMOENVRRABVKN-UHFFFAOYSA-N,1-octen-3-ol,1.0,0.0,0.0,0.0
0.02,4.0,0.0,1.0,WRMNZCZEMHIOCP-UHFFFAOYSA-N,phenethyl alcohol,1.0,0.0,0.0,0.0
0.02,4.0,0.0,1.0,XEKOWRVHYACXOJ-UHFFFAOYSA-N,ethyl acetate,1.0,0.0,0.0,0.0
0.02,4.0,0.0,1.0,ZSIAUFGUXNUGDI-UHFFFAOYSA-N,1-hexanol,1.0,0.0,0.0,0.0
0.02,4.0,0.0,1.0,ZWEHNKRNPOVVGH-UHFFFAOYSA-N,2-butanone,1.0,0.0,0.0,0.0
0.02,4.0,0.25,0.0,CATSNJVOTSVZJV-UHFFFAOYSA-N,2-heptanone,1.0,0.0,0.0,0.0
0.02,4.0,0.25,0.0,CSCPPACGZOOCGX-UHFFFAOYSA-N,acetone,1.0,0.0,0.0,0.0
0.02,4.0,0.25,0.0,FERIUCNNQQJTOY-UHFFFAOYSA-N,butyric acid,1.0,0.0,0.0,0.0
0.02,4.0,0.25,0.0,HIGQPQRQIQDZMP-DHZHZOJOSA-N,geranyl acetate,1.0,0.0,0.0,0.0
0.02,4.0,0.25,0.0,HUMNYLRZRPPJDN-UHFFFAOYSA-N,benzaldehyde,1.0,0.0,0.0,0.0
0.02,4.0,0.25,0.0,LRHPLDYGYMQRHN-UHFFFAOYSA-N,1-butanol,1.0,0.0,0.0,0.0
0.02,4.0,0.25,0.0,MBDOYVRWFFCFHM-SNAWJCMRSA-N,E2-hexenal,1.0,0.0,0.0,0.0
0.02,4.0,0.25,0.0,MLFHJEHSLIIPHL-UHFFFAOYSA-N,isopentyl acetate,1.0,0.0,0.0,0.0
0.02,4.0,0.25,0.0,OBNCKNCVKJNDBV-UHFFFAOYSA-N,ethyl butyrate,1.0,0.0,0.0,0.0
0.02,4.0,0.25,0.0,OSWPMRLSEDHDFF-UHFFFAOYSA-N,methyl salicylate,1.0,0.0,0.0,0.0
0.02,4.0,0.25,0.0,PHTQWCKDNZKARW-UHFFFAOYSA-N,3-methyl-butanol,1.0,0.0,0.0,0.0
0.02,4.0,0.25,0.0,QSJXEFYPDANLFS-UHFFFAOYSA-N,"2,3-butanedione",1.0,0.0,0.0,0.0
0.02,4.0,0.25,0.0,RRAFCDWBNXTKKO-UHFFFAOYSA-N,eugenol,1.0,0.0,0.0,0.0
0.02,4.0,0.25,0.0,VSMOENVRRABVKN-UHFFFAOYSA-N,1-octen-3-ol,1.0,0.0,0.0,0.0
0.02,4.0,0.25,0.0,WRMNZCZEMHIOCP-UHFFFAOYSA-N,phenethyl alcohol,1.0,0.0,0.0,0.0
0.02,4.0,0.25,0.0,XEKOWRVHYACXOJ-UHFFFAOYSA-N,ethyl acetate,1.0,0.0,0.0,0.0
0.02,4.0,0.25,0.0,ZSIAUFGUXNUGDI-UHFFFAOYSA-N,1-hexanol,1.0,0.0,0.0,0.0
0.02,4.0,0.25,0.0,ZWEHNKRNPOVVGH-UHFFFAOYSA-N,2-butanone,1.0,0.0,0.0,0.0
0.02,4.0,0.25,1.0,CATSNJVOTSVZJV-UHFFFAOYSA-N,2-heptanone,1.0,0.0,0.0,0.0
0.02,4.0,0.25,1.0,CSCPPACGZOOCGX-UHFFFAOYSA-N,acetone,1.0,0.0,0.0,0.0
0.02,4.0,0.25,1.0,FERIUCNNQQJTOY-UHFFFAOYSA-N,butyric acid,1.0,0.0,0.0,0.0
0.02,4.0,0.25,1.0,HIGQPQRQIQDZMP-DHZHZOJOSA-N,geranyl acetate,1.0,0.0,0.0,0.0
0.02,4.0,0.25,1.0,HUMNYLRZRPPJDN-UHFFFAOYSA-N,benzaldehyde,1.0,0.0,0.0,0.0
0.02,4.0,0.25,1.0,LRHPLDYGYMQRHN-UHFFFAOYSA-N,1-butanol,1.0,0.0,0.0,0.0
0.02,4.0,0.25,1.0,MBDOYVRWFFCFHM-SNAWJCMRSA-N,E2-hexenal,1.0,0.0,0.0,0.0
0.02,4.0,0.25,1.0,MLFHJEHSLIIPHL-UHFFFAOYSA-N,isopentyl acetate,1.0,0.0,0.0,0.0
0.02,4.0,0.25,1.0,OBNCKNCVKJNDBV-UHFFFAOYSA-N,ethyl butyrate,1.0,0.0,0.0,0.0
0.02,4.0,0.25,1.0,OSWPMRLSEDHDFF-UHFFFAOYSA-N,methyl salicylate,1.0,0.0,0.0,0.0
0.02,4.0,0.25,1.0,PHTQWCKDNZKARW-UHFFFAOYSA-N,3-methyl-butanol,1.0,0.0,0.0,0.0
0.02,4.0,0.25,1.0,QSJXEFYPDANLFS-UHFFFAOYSA-N,"2,3-butanedione",1.0,0.0,0.0,0.0
0.02,4.0,0.25,1.0,RRAFCDWBNXTKKO-UHFFFAOYSA-N,eugenol,1.0,0.0,0.0,0.0
0.02,4.0,0.25,1.0,VSMOENVRRABVKN-UHFFFAOYSA-N,1-octen-3-ol,1.0,0.0,0.0,0.0
0.02,4.0,0.25,1.0,WRMNZCZEMHIOCP-UHFFFAOYSA-N,phenethyl alcohol,1.0,0.0,0.0,0.0
0.02,4.0,0.25,1.0,XEKOWRVHYACXOJ-UHFFFAOYSA-N,ethyl acetate,1.0,0.0,0.0,0.0
0.02,4.0,0.25,1.0,ZSIAUFGUXNUGDI-UHFFFAOYSA-N,1-hexanol,1.0,0.0,0.0,0.0
0.02,4.0,0.25,1.0,ZWEHNKRNPOVVGH-UHFFFAOYSA-N,2-butanone,1.0,0.0,0.0,0.0
0.02,4.0,0.5,0.0,CATSNJVOTSVZJV-UHFFFAOYSA-N,2-heptanone,1.0,0.0,0.0,0.0
0.02,4.0,0.5,0.0,CSCPPACGZOOCGX-UHFFFAOYSA-N,acetone,1.0,0.0,0.0,0.0
0.02,4.0,0.5,0.0,FERIUCNNQQJTOY-UHFFFAOYSA-N,butyric acid,1.0,0.0,0.0,0.0
0.02,4.0,0.5,0.0,HIGQPQRQIQDZMP-DHZHZOJOSA-N,geranyl acetate,1.0,0.0,0.0,0.0
0.02,4.0,0.5,0.0,HUMNYLRZRPPJDN-UHFFFAOYSA-N,benzaldehyde,1.0,0.0,0.0,0.0
0.02,4.0,0.5,0.0,LRHPLDYGYMQRHN-UHFFFAOYSA-N,1-butanol,1.0,0.0,0.0,0.0
0.02,4.0,0.5,0.0,MBDOYVRWFFCFHM-SNAWJCMRSA-N,E2-hexenal,1.0,0.0,0.0,0.0
0.02,4.0,0.5,0.0,MLFHJEHSLIIPHL-UHFFFAOYSA-N,isopentyl acetate,1.0,0.0,0.0,0.0
0.02,4.0,0.5,0.0,OBNCKNCVKJNDBV-UHFFFAOYSA-N,ethyl butyrate,1.0,0.0,0.0,0.0
0.02,4.0,0.5,0.0,OSWPMRLSEDHDFF-UHFFFAOYSA-N,methyl salicylate,1.0,0.0,0.0,0.0
0.02,4.0,0.5,0.0,PHTQWCKDNZKARW-UHFFFAOYSA-N,3-methyl-butanol,1.0,0.0,0.0,0.0
0.02,4.0,0.5,0.0,QSJXEFYPDANLFS-UHFFFAOYSA-N,"2,3-butanedione",1.0,0.0,0.0,0.0
0.02,4.0,0.5,0.0,RRAFCDWBNXTKKO-UHFFFAOYSA-N,eugenol,1.0,0.0,0.0,0.0
0.02,4.0,0.5,0.0,VSMOENVRRABVKN-UHFFFAOYSA-N,1-octen-3-ol,1.0,0.0,0.0,0.0
0.02,4.0,0.5,0.0,WRMNZCZEMHIOCP-UHFFFAOYSA-N,phenethyl alcohol,1.0,0.0,0.0,0.0
0.02,4.0,0.5,0.0,XEKOWRVHYACXOJ-UHFFFAOYSA-N,ethyl acetate,1.0,0.0,0.0,0.0
0.02,4.0,0.5,0.0,ZSIAUFGUXNUGDI-UHFFFAOYSA-N,1-hexanol,1.0,0.0,0.0,0.0
0.02,4.0,0.5,0.0,ZWEHNKRNPOVVGH-UHFFFAOYSA-N,2-butanone,1.0,0.0,0.0,0.0
0.02,4.0,0.5,1.0,CATSNJVOTSVZJV-UHFFFAOYSA-N,2-heptanone,1.0,0.0,0.0,0.0
0.02,4.0,0.5,1.0,CSCPPACGZOOCGX-UHFFFAOYSA-N,acetone,1.0,0.0,0.0,0.0
0.02,4.0,0.5,1.0,FERIUCNNQQJTOY-UHFFFAOYSA-N,butyric acid,1.0,0.0,0.0,0.0
0.02,4.0,0.5,1.0,HIGQPQRQIQDZMP-DHZHZOJOSA-N,geranyl acetate,1.0,0.0,0.0,0.0
0.02,4.0,0.5,1.0,HUMNYLRZRPPJDN-UHFFFAOYSA-N,benzaldehyde,1.0,0.0,0.0,0.0
0.02,4.0,0.5,1.0,LRHPLDYGYMQRHN-UHFFFAOYSA-N,1-butanol,1.0,0.0,0.0,0.0
0.02,4.0,0.5,1.0,MBDOYVRWFFCFHM-SNAWJCMRSA-N,E2-hexenal,1.0,0.0,0.0,0.0
0.02,4.0,0.5,1.0,MLFHJEHSLIIPHL-UHFFFAOYSA-N,isopentyl acetate,1.0,0.0,0.0,0.0
0.02,4.0,0.5,1.0,OBNCKNCVKJNDBV-UHFFFAOYSA-N,ethyl butyrate,1.0,0.0,0.0,0.0
0.02,4.0,0.5,1.0,OSWPMRLSEDHDFF-UHFFFAOYSA-N,methyl salicylate,1.0,0.0,0.0,0.0
0.02,4.0,0.5,1.0,PHTQWCKDNZKARW-UHFFFAOYSA-N,3-methyl-butanol,1.0,0.0,0.0,0.0
0.02,4.0,0.5,1.0,QSJXEFYPDANLFS-UHFFFAOYSA-N,"2,3-butanedione",1.0,0.0,0.0,0.0
0.02,4.0,0.5,1.0,RRAFCDWBNXTKKO-UHFFFAOYSA-N,eugenol,1.0,0.0,0.0,0.0
0.02,4.0,0.5,1.0,VSMOENVRRABVKN-UHFFFAOYSA-N,1-octen-3-ol,1.0,0.0,0.0,0.0
0.02,4.0,0.5,1.0,WRMNZCZEMHIOCP-UHFFFAOYSA-N,phenethyl alcohol,1.0,0.0,0.0,0.0
0.02,4.0,0.5,1.0,XEKOWRVHYACXOJ-UHFFFAOYSA-N,ethyl acetate,1.0,0.0,0.0,0.0
0.02,4.0,0.5,1.0,ZSIAUFGUXNUGDI-UHFFFAOYSA-N,1-hexanol,1.0,0.0,0.0,0.0
0.02,4.0,0.5,1.0,ZWEHNKRNPOVVGH-UHFFFAOYSA-N,2-butanone,1.0,0.0,0.0,0.0
0.02,4.0,1.0,0.0,CATSNJVOTSVZJV-UHFFFAOYSA-N,2-heptanone,1.0,0.0,0.0,0.0
0.02,4.0,1.0,0.0,CSCPPACGZOOCGX-UHFFFAOYSA-N,acetone,1.0,0.0,0.0,0.0
0.02,4.0,1.0,0.0,FERIUCNNQQJTOY-UHFFFAOYSA-N,butyric acid,1.0,0.0,0.0,0.0
0.02,4.0,1.0,0.0,HIGQPQRQIQDZMP-DHZHZOJOSA-N,geranyl acetate,1.0,0.0,0.0,0.0
0.02,4.0,1.0,0.0,HUMNYLRZRPPJDN-UHFFFAOYSA-N,benzaldehyde,1.0,0.0,0.0,0.0
0.02,4.0,1.0,0.0,LRHPLDYGYMQRHN-UHFFFAOYSA-N,1-butanol,1.0,0.0,0.0,0.0
0.02,4.0,1.0,0.0,MBDOYVRWFFCFHM-SNAWJCMRSA-N,E2-hexenal,1.0,0.0,0.0,0.0
0.02,4.0,1.0,0.0,MLFHJEHSLIIPHL-UHFFFAOYSA-N,isopentyl acetate,1.0,0.0,0.0,0.0
0.02,4.0,1.0,0.0,OBNCKNCVKJNDBV-UHFFFAOYSA-N,ethyl butyrate,1.0,0.0,0.0,0.0
0.02,4.0,1.0,0.0,OSWPMRLSEDHDFF-UHFFFAOYSA-N,methyl salicylate,1.0,0.0,0.0,0.0
0.02,4.0,1.0,0.0,PHTQWCKDNZKARW-UHFFFAOYSA-N,3-methyl-butanol,1.0,0.0,0.0,0.0
0.02,4.0,1.0,0.0,QSJXEFYPDANLFS-UHFFFAOYSA-N,"2,3-butanedione",1.0,0.0,0.0,0.0
0.02,4.0,1.0,0.0,RRAFCDWBNXTKKO-UHFFFAOYSA-N,eugenol,1.0,0.0,0.0,0.0
0.02,4.0,1.0,0.0,VSMOENVRRABVKN-UHFFFAOYSA-N,1-octen-3-ol,1.0,0.0,0.0,0.0
0.02,4.0,1.0,0.0,WRMNZCZEMHIOCP-UHFFFAOYSA-N,phenethyl alcohol,1.0,0.0,0.0,0.0
0.02,4.0,1.0,0.0,XEKOWRVHYACXOJ-UHFFFAOYSA-N,ethyl acetate,1.0,0.0,0.0,0.0
0.02,4.0,1.0,0.0,ZSIAUFGUXNUGDI-UHFFFAOYSA-N,1-hexanol,1.0,0.0,0.0,0.0
0.02,4.0,1.0,0.0,ZWEHNKRNPOVVGH-UHFFFAOYSA-N,2-butanone,1.0,0.0,0.0,0.0
0.02,4.0,1.0,1.0,CATSNJVOTSVZJV-UHFFFAOYSA-N,2-heptanone,1.0,0.0,0.0,0.0
0.02,4.0,1.0,1.0,CSCPPACGZOOCGX-UHFFFAOYSA-N,acetone,1.0,0.0,0.0,0.0
0.02,4.0,1.0,1.0,FERIUCNNQQJTOY-UHFFFAOYSA-N,butyric acid,1.0,0.0,0.0,0.0
0.02,4.0,1.0,1.0,HIGQPQRQIQDZMP-DHZHZOJOSA-N,geranyl acetate,1.0,0.0,0.0,0.0
0.02,4.0,1.0,1.0,HUMNYLRZRPPJDN-UHFFFAOYSA-N,benzaldehyde,1.0,0.0,0.0,0.0
0.02,4.0,1.0,1.0,LRHPLDYGYMQRHN-UHFFFAOYSA-N,1-butanol,1.0,0.0,0.0,0.0
0.02,4.0,1.0,1.0,MBDOYVRWFFCFHM-SNAWJCMRSA-N,E2-hexenal,1.0,0.0,0.0,0.0
0.02,4.0,1.0,1.0,MLFHJEHSLIIPHL-UHFFFAOYSA-N,isopentyl acetate,1.0,0.0,0.0,0.0
0.02,4.0,1.0,1.0,OBNCKNCVKJNDBV-UHFFFAOYSA-N,ethyl butyrate,1.0,0.0,0.0,0.0
0.02,4.0,1.0,1.0,OSWPMRLSEDHDFF-UHFFFAOYSA-N,methyl salicylate,1.0,0.0,0.0,0.0
0.02,4.0,1.0,1.0,PHTQWCKDNZKARW-UHFFFAOYSA-N,3-methyl-butanol,1.0,0.0,0.0,0.0
0.02,4.0,1.0,1.0,QSJXEFYPDANLFS-UHFFFAOYSA-N,"2,3-butanedione",1.0,0.0,0.0,0.0
0.02,4.0,1.0,1.0,RRAFCDWBNXTKKO-UHFFFAOYSA-N,eugenol,1.0,0.0,0.0,0.0
0.02,4.0,1.0,1.0,VSMOENVRRABVKN-UHFFFAOYSA-N,1-octen-3-ol,1.0,0.0,0.0,0.0
0.02,4.0,1.0,1.0,WRMNZCZEMHIOCP-UHFFFAOYSA-N,phenethyl alcohol,1.0,0.0,0.0,0.0
0.02,4.0,1.0,1.0,XEKOWRVHYACXOJ-UHFFFAOYSA-N,ethyl acetate,1.0,0.0,0.0,0.0
0.02,4.0,1.0,1.0,ZSIAUFGUXNUGDI-UHFFFAOYSA-N,1-hexanol,1.0,0.0,0.0,0.0
0.02,4.0,1.0,1.0,ZWEHNKRNPOVVGH-UHFFFAOYSA-N,2-butanone,1.0,0.0,0.0,0.0
0.1,1.0,0.0,0.0,CATSNJVOTSVZJV-UHFFFAOYSA-N,2-heptanone,0.9125,0.0,0.0,0.0875
0.1,1.0,0.0,0.0,CSCPPACGZOOCGX-UHFFFAOYSA-N,acetone,1.0,0.0,0.0,0.0
0.1,1.0,0.0,0.0,FERIUCNNQQJTOY-UHFFFAOYSA-N,butyric acid,0.9624999999999999,0.0,0.0,0.037500000000000006
0.1,1.0,0.0,0.0,HIGQPQRQIQDZMP-DHZHZOJOSA-N,geranyl acetate,1.0,0.0,0.0,0.0
0.1,1.0,0.0,0.0,HUMNYLRZRPPJDN-UHFFFAOYSA-N,benzaldehyde,0.975,0.0,0.0,0.025
0.1,1.0,0.0,0.0,LRHPLDYGYMQRHN-UHFFFAOYSA-N,1-butanol,0.7125,0.0,0.0,0.2875
0.1,1.0,0.0,0.0,MBDOYVRWFFCFHM-SNAWJCMRSA-N,E2-hexenal,0.9875,0.0,0.0,0.0125
0.1,1.0,0.0,0.0,MLFHJEHSLIIPHL-UHFFFAOYSA-N,isopentyl acetate,1.0,0.0,0.0,0.0
0.1,1.0,0.0,0.0,OBNCKNCVKJNDBV-UHFFFAOYSA-N,ethyl butyrate,1.0,0.0,0.0,0.0
0.1,1.0,0.0,0.0,OSWPMRLSEDHDFF-UHFFFAOYSA-N,methyl salicylate,1.0,0.0,0.0,0.0
0.1,1.0,0.0,0.0,PHTQWCKDNZKARW-UHFFFAOYSA-N,3-methyl-butanol,0.8125,0.0,0.0,0.1875
0.1,1.0,0.0,0.0,QSJXEFYPDANLFS-UHFFFAOYSA-N,"2,3-butanedione",1.0,0.0,0.0,0.0
0.1,1.0,0.0,0.0,RRAFCDWBNXTKKO-UHFFFAOYSA-N,eugenol,1.0,0.0,0.0,0.0
0.1,1.0,0.0,0.0,VSMOENVRRABVKN-UHFFFAOYSA-N,1-octen-3-ol,0.975,0.0,0.0,0.025
0.1,1.0,0.0,0.0,WRMNZCZEMHIOCP-UHFFFAOYSA-N,phenethyl alcohol,1.0,0.0,0.0,0.0
0.1,1.0,0.0,0.0,XEKOWRVHYACXOJ-UHFFFAOYSA-N,ethyl acetate,0.9875,0.0,0.0,0.0125
0.1,1.0,0.0,0.0,ZSIAUFGUXNUGDI-UHFFFAOYSA-N,1-hexanol,0.9125,0.0,0.0,0.0875
0.1,1.0,0.0,0.0,ZWEHNKRNPOVVGH-UHFFFAOYSA-N,2-butanone,0.9875,0.0,0.0,0.0125
0.1,1.0,0.0,1.0,CATSNJVOTSVZJV-UHFFFAOYSA-N,2-heptanone,0.9375,0.0,0.0,0.0625
0.1,1.0,0.0,1.0,CSCPPACGZOOCGX-UHFFFAOYSA-N,acetone,0.9875,0.0,0.0,0.0125
0.1,1.0,0.0,1.0,FERIUCNNQQJTOY-UHFFFAOYSA-N,butyric acid,0.95,0.0,0.0,0.05
0.1,1.0,0.0,1.0,HIGQPQRQIQDZMP-DHZHZOJOSA-N,geranyl acetate,1.0,0.0,0.0,0.0
0.1,1.0,0.0,1.0,HUMNYLRZRPPJDN-UHFFFAOYSA-N,benzaldehyde,0.9875,0.0,0.0,0.0125
0.1,1.0,0.0,1.0,LRHPLDYGYMQRHN-UHFFFAOYSA-N,1-butanol,0.675,0.0,0.0,0.325
0.1,1.0,0.0,1.0,MBDOYVRWFFCFHM-SNAWJCMRSA-N,E2-hexenal,0.9875,0.0,0.0,0.0125
0.1,1.0,0.0,1.0,MLFHJEHSLIIPHL-UHFFFAOYSA-N,isopentyl acetate,1.0,0.0,0.0,0.0
0.1,1.0,0.0,1.0,OBNCKNCVKJNDBV-UHFFFAOYSA-N,ethyl butyrate,1.0,0.0,0.0,0.0
0.1,1.0,0.0,1.0,OSWPMRLSEDHDFF-UHFFFAOYSA-N,methyl salicylate,1.0,0.0,0.0,0.0
0.1,1.0,0.0,1.0,PHTQWCKDNZKARW-UHFFFAOYSA-N,3-methyl-butanol,0.7625,0.0,0.0,0.2375
0.1,1.0,0.0,1.0,QSJXEFYPDANLFS-UHFFFAOYSA-N,"2,3-butanedione",1.0,0.0,0.0,0.0
0.1,1.0,0.0,1.0,RRAFCDWBNXTKKO-UHFFFAOYSA-N,eugenol,1.0,0.0,0.0,0.0
0.1,1.0,0.0,1.0,VSMOENVRRABVKN-UHFFFAOYSA-N,1-octen-3-ol,0.9875,0.0,0.0,0.0125
0.1,1.0,0.0,1.0,WRMNZCZEMHIOCP-UHFFFAOYSA-N,phenethyl alcohol,1.0,0.0,0.0,0.0
0.1,1.0,0.0,1.0,XEKOWRVHYACXOJ-UHFFFAOYSA-N,ethyl acetate,0.9875,0.0,0.0,0.0125
0.1,1.0,0.0,1.0,ZSIAUFGUXNUGDI-UHFFFAOYSA-N,1-hexanol,0.9,0.0,0.0,0.1
0.1,1.0,0.0,1.0,ZWEHNKRNPOVVGH-UHFFFAOYSA-N,2-butanone,0.975,0.0,0.0,0.025
0.1,1.0,0.25,0.0,CATSNJVOTSVZJV-UHFFFAOYSA-N,2-heptanone,0.9125,0.0,0.0,0.08750000000000001
0.1,1.0,0.25,0.0,CSCPPACGZOOCGX-UHFFFAOYSA-N,acetone,1.0,0.0,0.0,0.0
0.1,1.0,0.25,0.0,FERIUCNNQQJTOY-UHFFFAOYSA-N,butyric acid,0.925,0.0,0.0,0.075
0.1,1.0,0.25,0.0,HIGQPQRQIQDZMP-DHZHZOJOSA-N,geranyl acetate,1.0,0.0,0.0,0.0
0.1,1.0,0.25,0.0,HUMNYLRZRPPJDN-UHFFFAOYSA-N,benzaldehyde,0.9624999999999999,0.0,0.0,0.037500000000000006
0.1,1.0,0.25,0.0,LRHPLDYGYMQRHN-UHFFFAOYSA-N,1-butanol,0.65,0.0,0.0,0.35
0.1,1.0,0.25,0.0,MBDOYVRWFFCFHM-SNAWJCMRSA-N,E2-hexenal,0.9875,0.0,0.0,0.0125
0.1,1.0,0.25,0.0,MLFHJEHSLIIPHL-UHFFFAOYSA-N,isopentyl acetate,1.0,0.0,0.0,0.0
0.1,1.0,0.25,0.0,OBNCKNCVKJNDBV-UHFFFAOYSA-N,ethyl butyrate,0.975,0.0,0.0,0.025
0.1,1.0,0.25,0.0,OSWPMRLSEDHDFF-UHFFFAOYSA-N,methyl salicylate,0.9875,0.0,0.0,0.0125
0.1,1.0,0.25,0.0,PHTQWCKDNZKARW-UHFFFAOYSA-N,3-methyl-butanol,0.7375,0.0,0.0,0.2625
0.1,1.0,0.25,0.0,QSJXEFYPDANLFS-UHFFFAOYSA-N,"2,3-butanedione",1.0,0.0,0.0,0.0
0.1,1.0,0.25,0.0,RRAFCDWBNXTKKO-UHFFFAOYSA-N,eugenol,1.0,0.0,0.0,0.0
0.1,1.0,0.25,0.0,VSMOENVRRABVKN-UHFFFAOYSA-N,1-octen-3-ol,1.0,0.0,0.0,0.0
0.1,1.0,0.25,0.0,WRMNZCZEMHIOCP-UHFFFAOYSA-N,phenethyl alcohol,1.0,0.0,0.0,0.0
0.1,1.0,0.25,0.0,XEKOWRVHYACXOJ-UHFFFAOYSA-N,ethyl acetate,0.9875,0.0,0.0,0.0125
0.1,1.0,0.25,0.0,ZSIAUFGUXNUGDI-UHFFFAOYSA-N,1-hexanol,0.9,0.0,0.0,0.1
0.1,1.0,0.25,0.0,ZWEHNKRNPOVVGH-UHFFFAOYSA-N,2-butanone,0.9125,0.0,0.0,0.0875
0.1,1.0,0.25,1.0,CATSNJVOTSVZJV-UHFFFAOYSA-N,2-heptanone,0.9375,0.0,0.0,0.0625
0.1,1.0,0.25,1.0,CSCPPACGZOOCGX-UHFFFAOYSA-N,acetone,1.0,0.0,0.0,0.0
0.1,1.0,0.25,1.0,FERIUCNNQQJTOY-UHFFFAOYSA-N,butyric acid,0.9125,0.0,0.0,0.08750000000000001
0.1,1.0,0.25,1.0,HIGQPQRQIQDZMP-DHZHZOJOSA-N,geranyl acetate,1.0,0.0,0.0,0.0
0.1,1.0,0.25,1.0,HUMNYLRZRPPJDN-UHFFFAOYSA-N,benzaldehyde,0.9624999999999999,0.0,0.0,0.037500000000000006
0.1,1.0,0.25,1.0,LRHPLDYGYMQRHN-UHFFFAOYSA-N,1-butanol,0.65,0.0,0.0,0.35
0.1,1.0,0.25,1.0,MBDOYVRWFFCFHM-SNAWJCMRSA-N,E2-hexenal,0.9875,0.0,0.0,0.0125
0.1,1.0,0.25,1.0,MLFHJEHSLIIPHL-UHFFFAOYSA-N,isopentyl acetate,1.0,0.0,0.0,0.0
0.1,1.0,0.25,1.0,OBNCKNCVKJNDBV-UHFFFAOYSA-N,ethyl butyrate,0.9875,0.0,0.0,0.0125
0.1,1.0,0.25,1.0,OSWPMRLSEDHDFF-UHFFFAOYSA-N,methyl salicylate,0.9875,0.0,0.0,0.0125
0.1,1.0,0.25,1.0,PHTQWCKDNZKARW-UHFFFAOYSA-N,3-methyl-butanol,0.75,0.0,0.0,0.25
0.1,1.0,0.25,1.0,QSJXEFYPDANLFS-UHFFFAOYSA-N,"2,3-butanedione",1.0,0.0,0.0,0.0
0.1,1.0,0.25,1.0,RRAFCDWBNXTKKO-UHFFFAOYSA-N,eugenol,1.0,0.0,0.0,0.0
0.1,1.0,0.25,1.0,VSMOENVRRABVKN-UHFFFAOYSA-N,1-octen-3-ol,1.0,0.0,0.0,0.0
0.1,1.0,0.25,1.0,WRMNZCZEMHIOCP-UHFFFAOYSA-N,phenethyl alcohol,0.9875,0.0,0.0,0.0125
0.1,1.0,0.25,1.0,XEKOWRVHYACXOJ-UHFFFAOYSA-N,ethyl acetate,0.9875,0.0,0.0,0.0125
0.1,1.0,0.25,1.0,ZSIAUFGUXNUGDI-UHFFFAOYSA-N,1-hexanol,0.8875,0.0,0.0,0.11249999999999999
0.1,1.0,0.25,1.0,ZWEHNKRNPOVVGH-UHFFFAOYSA-N,2-butanone,0.925,0.0,0.0,0.075
0.1,1.0,0.5,0.0,CATSNJVOTSVZJV-UHFFFAOYSA-N,2-heptanone,0.8625,0.0,0.0,0.1375
0.1,1.0,0.5,0.0,CSCPPACGZOOCGX-UHFFFAOYSA-N,acetone,0.9875,0.0625,0.0,0.0125
0.1,1.0,0.5,0.0,FERIUCNNQQJTOY-UHFFFAOYSA-N,butyric acid,0.85,0.0,0.0,0.15
0.1,1.0,0.5,0.0,HIGQPQRQIQDZMP-DHZHZOJOSA-N,geranyl acetate,0.925,0.0,0.0,0.075
0.1,1.0,0.5,0.0,HUMNYLRZRPPJDN-UHFFFAOYSA-N,benzaldehyde,0.875,0.0,0.0,0.125
0.1,1.0,0.5,0.0,LRHPLDYGYMQRHN-UHFFFAOYSA-N,1-butanol,0.625,0.0,0.0,0.375
0.1,1.0,0.5,0.0,MBDOYVRWFFCFHM-SNAWJCMRSA-N,E2-hexenal,0.9875,0.0,0.0,0.0125
0.1,1.0,0.5,0.0,MLFHJEHSLIIPHL-UHFFFAOYSA-N,isopentyl acetate,0.9875,0.0,0.0,0.0125
0.1,1.0,0.5,0.0,OBNCKNCVKJNDBV-UHFFFAOYSA-N,ethyl butyrate,0.9875,0.0,0.0,0.0125
0.1,1.0,0.5,0.0,OSWPMRLSEDHDFF-UHFFFAOYSA-N,methyl salicylate,0.9125,0.0,0.0,0.0875
0.1,1.0,0.5,0.0,PHTQWCKDNZKARW-UHFFFAOYSA-N,3-methyl-butanol,0.5375000000000001,0.0,0.0,0.4625
0.1,1.0,0.5,0.0,QSJXEFYPDANLFS-UHFFFAOYSA-N,"2,3-butanedione",0.9875,0.0,0.0,0.0125
0.1,1.0,0.5,0.0,RRAFCDWBNXTKKO-UHFFFAOYSA-N,eugenol,0.975,0.0,0.0,0.025
0.1,1.0,0.5,0.0,VSMOENVRRABVKN-UHFFFAOYSA-N,1-octen-3-ol,0.9875,0.0,0.0,0.0125
0.1,1.0,0.5,0.0,WRMNZCZEMHIOCP-UHFFFAOYSA-N,phenethyl alcohol,0.975,0.0,0.0,0.025
0.1,1.0,0.5,0.0,XEKOWRVHYACXOJ-UHFFFAOYSA-N,ethyl acetate,0.95,0.0,0.0,0.05
0.1,1.0,0.5,0.0,ZSIAUFGUXNUGDI-UHFFFAOYSA-N,1-hexanol,0.85,0.0,0.0,0.15
0.1,1.0,0.5,0.0,ZWEHNKRNPOVVGH-UHFFFAOYSA-N,2-butanone,0.875,0.0,0.0,0.125
0.1,1.0,0.5,1.0,CATSNJVOTSVZJV-UHFFFAOYSA-N,2-heptanone,0.8875,0.0,0.0,0.11250000000000002
0.1,1.0,0.5,1.0,CSCPPACGZOOCGX-UHFFFAOYSA-N,acetone,0.9875,0.0625,0.0,0.0125
0.1,1.0,0.5,1.0,FERIUCNNQQJTOY-UHFFFAOYSA-N,butyric acid,0.8375,0.0,0.0,0.1625
0.1,1.0,0.5,1.0,HIGQPQRQIQDZMP-DHZHZOJOSA-N,geranyl acetate,0.95,0.0,0.0,0.05
0.1,1.0,0.5,1.0,HUMNYLRZRPPJDN-UHFFFAOYSA-N,benzaldehyde,0.8500000000000001,0.0,0.0,0.15000000000000002
0.1,1.0,0.5,1.0,LRHPLDYGYMQRHN-UHFFFAOYSA-N,1-butanol,0.6375,0.0,0.0,0.3625
0.1,1.0,0.5,1.0,MBDOYVRWFFCFHM-SNAWJCMRSA-N,E2-hexenal,0.9875,0.0,0.0,0.0125
0.1,1.0,0.5,1.0,MLFHJEHSLIIPHL-UHFFFAOYSA-N,isopentyl acetate,1.0,0.0,0.0,0.0
0.1,1.0,0.5,1.0,OBNCKNCVKJNDBV-UHFFFAOYSA-N,ethyl butyrate,0.9875,0.0,0.0,0.0125
0.1,1.0,0.5,1.0,OSWPMRLSEDHDFF-UHFFFAOYSA-N,methyl salicylate,0.9125,0.0,0.0,0.0875
0.1,1.0,0.5,1.0,PHTQWCKDNZKARW-UHFFFAOYSA-N,3-methyl-butanol,0.55,0.0,0.0,0.45
0.1,1.0,0.5,1.0,QSJXEFYPDANLFS-UHFFFAOYSA-N,"2,3-butanedione",1.0,0.0,0.0,0.0
0.1,1.0,0.5,1.0,RRAFCDWBNXTKKO-UHFFFAOYSA-N,eugenol,0.9875,0.0,0.0,0.0125
0.1,1.0,0.5,1.0,VSMOENVRRABVKN-UHFFFAOYSA-N,1-octen-3-ol,1.0,0.0,0.0,0.0
0.1,1.0,0.5,1.0,WRMNZCZEMHIOCP-UHFFFAOYSA-N,phenethyl alcohol,0.9625,0.0,0.0,0.0375
0.1,1.0,0.5,1.0,XEKOWRVHYACXOJ-UHFFFAOYSA-N,ethyl acetate,0.975,0.0,0.0,0.025
0.1,1.0,0.5,1.0,ZSIAUFGUXNUGDI-UHFFFAOYSA-N,1-hexanol,0.8625,0.0,0.0,0.1375
0.1,1.0,0.5,1.0,ZWEHNKRNPOVVGH-UHFFFAOYSA-N,2-butanone,0.8875,0.0,0.0,0.1125
0.1,1.0,1.0,0.0,CATSNJVOTSVZJV-UHFFFAOYSA-N,2-heptanone,0.8,0.0,0.0,0.2
0.1,1.0,1.0,0.0,CSCPPACGZOOCGX-UHFFFAOYSA-N,acetone,1.0,0.9625,0.0,0.0
0.1,1.0,1.0,0.0,FERIUCNNQQJTOY-UHFFFAOYSA-N,butyric acid,0.45,0.35,0.35,0.2
0.1,1.0,1.0,0.0,HIGQPQRQIQDZMP-DHZHZOJOSA-N,geranyl acetate,0.38749999999999996,0.4,0.4,0.2125
0.1,1.0,1.0,0.0,HUMNYLRZRPPJDN-UHFFFAOYSA-N,benzaldehyde,0.6,0.0,0.0,0.4
0.1,1.0,1.0,0.0,LRHPLDYGYMQRHN-UHFFFAOYSA-N,1-butanol,0.475,0.125,0.125,0.4
0.1,1.0,1.0,0.0,MBDOYVRWFFCFHM-SNAWJCMRSA-N,E2-hexenal,0.85,0.0,0.0,0.15
0.1,1.0,1.0,0.0,MLFHJEHSLIIPHL-UHFFFAOYSA-N,isopentyl acetate,0.825,0.0,0.0,0.175
0.1,1.0,1.0,0.0,OBNCKNCVKJNDBV-UHFFFAOYSA-N,ethyl butyrate,0.95,0.0,0.0,0.05
0.1,1.0,1.0,0.0,OSWPMRLSEDHDFF-UHFFFAOYSA-N,methyl salicylate,0.375,0.55,0.55,0.07500000000000001
0.1,1.0,1.0,0.0,PHTQWCKDNZKARW-UHFFFAOYSA-N,3-methyl-butanol,0.325,0.3,0.3,0.375
0.1,1.0,1.0,0.0,QSJXEFYPDANLFS-UHFFFAOYSA-N,"2,3-butanedione",0.875,0.0,0.0,0.125
0.1,1.0,1.0,0.0,RRAFCDWBNXTKKO-UHFFFAOYSA-N,eugenol,0.625,0.2625,0.2625,0.1125
0.1,1.0,1.0,0.0,VSMOENVRRABVKN-UHFFFAOYSA-N,1-octen-3-ol,0.9125,0.0,0.0,0.0875
0.1,1.0,1.0,0.0,WRMNZCZEMHIOCP-UHFFFAOYSA-N,phenethyl alcohol,0.7,0.0,0.0,0.3
0.1,1.0,1.0,0.0,XEKOWRVHYACXOJ-UHFFFAOYSA-N,ethyl acetate,0.9,0.0,0.0,0.1
0.1,1.0,1.0,0.0,ZSIAUFGUXNUGDI-UHFFFAOYSA-N,1-hexanol,0.7625,0.0,0.0,0.2375
0.1,1.0,1.0,0.0,ZWEHNKRNPOVVGH-UHFFFAOYSA-N,2-butanone,0.7875,0.05,0.05,0.1625
0.1,1.0,1.0,1.0,CATSNJVOTSVZJV-UHFFFAOYSA-N,2-heptanone,0.825,0.0,0.0,0.175
0.1,1.0,1.0,1.0,CSCPPACGZOOCGX-UHFFFAOYSA-N,acetone,1.0,0.9625,0.0,0.0
0.1,1.0,1.0,1.0,FERIUCNNQQJTOY-UHFFFAOYSA-N,butyric acid,0.45,0.35,0.35,0.2
0.1,1.0,1.0,1.0,HIGQPQRQIQDZMP-DHZHZOJOSA-N,geranyl acetate,0.38749999999999996,0.4,0.4,0.2125
0.1,1.0,1.0,1.0,HUMNYLRZRPPJDN-UHFFFAOYSA-N,benzaldehyde,0.6,0.0,0.0,0.4
0.1,1.0,1.0,1.0,LRHPLDYGYMQRHN-UHFFFAOYSA-N,1-butanol,0.4625,0.125,0.125,0.4125
0.1,1.0,1.0,1.0,MBDOYVRWFFCFHM-SNAWJCMRSA-N,E2-hexenal,0.85,0.0,0.0,0.15
0.1,1.0,1.0,1.0,MLFHJEHSLIIPHL-UHFFFAOYSA-N,isopentyl acetate,0.85,0.0,0.0,0.15
0.1,1.0,1.0,1.0,OBNCKNCVKJNDBV-UHFFFAOYSA-N,ethyl butyrate,0.9624999999999999,0.0,0.0,0.037500000000000006
0.1,1.0,1.0,1.0,OSWPMRLSEDHDFF-UHFFFAOYSA-N,methyl salicylate,0.375,0.55,0.55,0.07500000000000001
0.1,1.0,1.0,1.0,PHTQWCKDNZKARW-UHFFFAOYSA-N,3-methyl-butanol,0.325,0.3,0.3,0.375
0.1,1.0,1.0,1.0,QSJXEFYPDANLFS-UHFFFAOYSA-N,"2,3-butanedione",0.875,0.0,0.0,0.125
0.1,1.0,1.0,1.0,RRAFCDWBNXTKKO-UHFFFAOYSA-N,eugenol,0.625,0.2625,0.2625,0.1125
0.1,1.0,1.0,1.0,VSMOENVRRABVKN-UHFFFAOYSA-N,1-octen-3-ol,0.9125,0.0,0.0,0.0875
0.1,1.0,1.0,1.0,WRMNZCZEMHIOCP-UHFFFAOYSA-N,phenethyl alcohol,0.7,0.0,0.0,0.3
0.1,1.0,1.0,1.0,XEKOWRVHYACXOJ-UHFFFAOYSA-N,ethyl acetate,0.9125,0.0,0.0,0.0875
0.1,1.0,1.0,1.0,ZSIAUFGUXNUGDI-UHFFFAOYSA-N,1-hexanol,0.775,0.0,0.0,0.225
0.1,1.0,1.0,1.0,ZWEHNKRNPOVVGH-UHFFFAOYSA-N,2-butanone,0.7875,0.05,0.05,0.1625
0.1,4.0,0.0,0.0,CATSNJVOTSVZJV-UHFFFAOYSA-N,2-heptanone,0.9125,0.0,0.0,0.0875
0.1,4.0,0.0,0.0,CSCPPACGZOOCGX-UHFFFAOYSA-N,acetone,0.9875,0.0,0.0,0.0125
0.1,4.0,0.0,0.0,FERIUCNNQQJTOY-UHFFFAOYSA-N,butyric acid,0.95,0.0,0.0,0.05
0.1,4.0,0.0,0.0,HIGQPQRQIQDZMP-DHZHZOJOSA-N,geranyl acetate,1.0,0.0,0.0,0.0
0.1,4.0,0.0,0.0,HUMNYLRZRPPJDN-UHFFFAOYSA-N,benzaldehyde,0.9875,0.0,0.0,0.0125
0.1,4.0,0.0,0.0,LRHPLDYGYMQRHN-UHFFFAOYSA-N,1-butanol,0.7125,0.0,0.0,0.2875
0.1,4.0,0.0,0.0,MBDOYVRWFFCFHM-SNAWJCMRSA-N,E2-hexenal,0.9875,0.0,0.0,0.0125
0.1,4.0,0.0,0.0,MLFHJEHSLIIPHL-UHFFFAOYSA-N,isopentyl acetate,0.9875,0.0,0.0,0.0125
0.1,4.0,0.0,0.0,OBNCKNCVKJNDBV-UHFFFAOYSA-N,ethyl butyrate,1.0,0.0,0.0,0.0
0.1,4.0,0.0,0.0,OSWPMRLSEDHDFF-UHFFFAOYSA-N,methyl salicylate,1.0,0.0,0.0,0.0
0.1,4.0,0.0,0.0,PHTQWCKDNZKARW-UHFFFAOYSA-N,3-methyl-butanol,0.775,0.0,0.0,0.225
0.1,4.0,0.0,0.0,QSJXEFYPDANLFS-UHFFFAOYSA-N,"2,3-butanedione",0.975,0.0,0.0,0.025
0.1,4.0,0.0,0.0,RRAFCDWBNXTKKO-UHFFFAOYSA-N,eugenol,0.975,0.0,0.0,0.025
0.1,4.0,0.0,0.0,VSMOENVRRABVKN-UHFFFAOYSA-N,1-octen-3-ol,0.9125,0.0,0.0,0.08750000000000001
0.1,4.0,0.0,0.0,WRMNZCZEMHIOCP-UHFFFAOYSA-N,phenethyl alcohol,0.9875,0.0,0.0,0.0125
0.1,4.0,0.0,0.0,XEKOWRVHYACXOJ-UHFFFAOYSA-N,ethyl acetate,1.0,0.0,0.0,0.0
0.1,4.0,0.0,0.0,ZSIAUFGUXNUGDI-UHFFFAOYSA-N,1-hexanol,0.85,0.0,0.0,0.15
0.1,4.0,0.0,0.0,ZWEHNKRNPOVVGH-UHFFFAOYSA-N,2-butanone,0.9875,0.0,0.0,0.0125
0.1,4.0,0.0,1.0,CATSNJVOTSVZJV-UHFFFAOYSA-N,2-heptanone,0.9375,0.0,0.0,0.0625
0.1,4.0,0.0,1.0,CSCPPACGZOOCGX-UHFFFAOYSA-N,acetone,0.9875,0.0,0.0,0.0125
0.1,4.0,0.0,1.0,FERIUCNNQQJTOY-UHFFFAOYSA-N,butyric acid,0.95,0.0,0.0,0.05
0.1,4.0,0.0,1.0,HIGQPQRQIQDZMP-DHZHZOJOSA-N,geranyl acetate,1.0,0.0,0.0,0.0
0.1,4.0,0.0,1.0,HUMNYLRZRPPJDN-UHFFFAOYSA-N,benzaldehyde,0.975,0.0,0.0,0.025
0.1,4.0,0.0,1.0,LRHPLDYGYMQRHN-UHFFFAOYSA-N,1-butanol,0.6875,0.0,0.0,0.3125
0.1,4.0,0.0,1.0,MBDOYVRWFFCFHM-SNAWJCMRSA-N,E2-hexenal,0.9875,0.0,0.0,0.0125
0.1,4.0,0.0,1.0,MLFHJEHSLIIPHL-UHFFFAOYSA-N,isopentyl acetate,1.0,0.0,0.0,0.0
0.1,4.0,0.0,1.0,OBNCKNCVKJNDBV-UHFFFAOYSA-N,ethyl butyrate,0.9875,0.0,0.0,0.0125
0.1,4.0,0.0,1.0,OSWPMRLSEDHDFF-UHFFFAOYSA-N,methyl salicylate,1.0,0.0,0.0,0.0
0.1,4.0,0.0,1.0,PHTQWCKDNZKARW-UHFFFAOYSA-N,3-methyl-butanol,0.775,0.0,0.0,0.225
0.1,4.0,0.0,1.0,QSJXEFYPDANLFS-UHFFFAOYSA-N,"2,3-butanedione",1.0,0.0,0.0,0.0
0.1,4.0,0.0,1.0,RRAFCDWBNXTKKO-UHFFFAOYSA-N,eugenol,1.0,0.0,0.0,0.0
0.1,4.0,0.0,1.0,VSMOENVRRABVKN-UHFFFAOYSA-N,1-octen-3-ol,0.9875,0.0,0.0,0.0125
0.1,4.0,0.0,1.0,WRMNZCZEMHIOCP-UHFFFAOYSA-N,phenethyl alcohol,1.0,0.0,0.0,0.0
0.1,4.0,0.0,1.0,XEKOWRVHYACXOJ-UHFFFAOYSA-N,ethyl acetate,1.0,0.0,0.0,0.0
0.1,4.0,0.0,1.0,ZSIAUFGUXNUGDI-UHFFFAOYSA-N,1-hexanol,0.9125,0.0,0.0,0.0875
0.1,4.0,0.0,1.0,ZWEHNKRNPOVVGH-UHFFFAOYSA-N,2-butanone,0.975,0.0,0.0,0.025
0.1,4.0,0.25,0.0,CATSNJVOTSVZJV-UHFFFAOYSA-N,2-heptanone,0.925,0.0,0.0,0.07500000000000001
0.1,4.0,0.25,0.0,CSCPPACGZOOCGX-UHFFFAOYSA-N,acetone,1.0,0.0,0.0,0.0
0.1,4.0,0.25,0.0,FERIUCNNQQJTOY-UHFFFAOYSA-N,butyric acid,0.95,0.0,0.0,0.05
0.1,4.0,0.25,0.0,HIGQPQRQIQDZMP-DHZHZOJOSA-N,geranyl acetate,1.0,0.0,0.0,0.0
0.1,4.0,0.25,0.0,HUMNYLRZRPPJDN-UHFFFAOYSA-N,benzaldehyde,0.9875,0.0,0.0,0.0125
0.1,4.0,0.25,0.0,LRHPLDYGYMQRHN-UHFFFAOYSA-N,1-butanol,0.725,0.0,0.0,0.275
0.1,4.0,0.25,0.0,MBDOYVRWFFCFHM-SNAWJCMRSA-N,E2-hexenal,0.9875,0.0,0.0,0.0125
0.1,4.0,0.25,0.0,MLFHJEHSLIIPHL-UHFFFAOYSA-N,isopentyl acetate,0.9875,0.0,0.0,0.0125
0.1,4.0,0.25,0.0,OBNCKNCVKJNDBV-UHFFFAOYSA-N,ethyl butyrate,1.0,0.0,0.0,0.0
0.1,4.0,0.25,0.0,OSWPMRLSEDHDFF-UHFFFAOYSA-N,methyl salicylate,1.0,0.0,0.0,0.0
0.1,4.0,0.25,0.0,PHTQWCKDNZKARW-UHFFFAOYSA-N,3-methyl-butanol,0.7375,0.0,0.0,0.2625
0.1,4.0,0.25,0.0,QSJXEFYPDANLFS-UHFFFAOYSA-N,"2,3-butanedione",0.9875,0.0,0.0,0.0125
0.1,4.0,0.25,0.0,RRAFCDWBNXTKKO-UHFFFAOYSA-N,eugenol,1.0,0.0,0.0,0.0
0.1,4.0,0.25,0.0,VSMOENVRRABVKN-UHFFFAOYSA-N,1-octen-3-ol,0.95,0.0,0.0,0.05
0.1,4.0,0.25,0.0,WRMNZCZEMHIOCP-UHFFFAOYSA-N,phenethyl alcohol,1.0,0.0,0.0,0.0
0.1,4.0,0.25,0.0,XEKOWRVHYACXOJ-UHFFFAOYSA-N,ethyl acetate,1.0,0.0,0.0,0.0
0.1,4.0,0.25,0.0,ZSIAUFGUXNUGDI-UHFFFAOYSA-N,1-hexanol,0.8875,0.0,0.0,0.1125
0.1,4.0,0.25,0.0,ZWEHNKRNPOVVGH-UHFFFAOYSA-N,2-butanone,0.9875,0.0,0.0,0.0125
0.1,4.0,0.25,1.0,CATSNJVOTSVZJV-UHFFFAOYSA-N,2-heptanone,0.9375,0.0,0.0,0.0625
0.1,4.0,0.25,1.0,CSCPPACGZOOCGX-UHFFFAOYSA-N,acetone,0.9875,0.0,0.0,0.0125
0.1,4.0,0.25,1.0,FERIUCNNQQJTOY-UHFFFAOYSA-N,butyric acid,0.95,0.0,0.0,0.05
0.1,4.0,0.25,1.0,HIGQPQRQIQDZMP-DHZHZOJOSA-N,geranyl acetate,1.0,0.0,0.0,0.0
0.1,4.0,0.25,1.0,HUMNYLRZRPPJDN-UHFFFAOYSA-N,benzaldehyde,0.975,0.0,0.0,0.025
0.1,4.0,0.25,1.0,LRHPLDYGYMQRHN-UHFFFAOYSA-N,1-butanol,0.6625,0.0,0.0,0.3375
0.1,4.0,0.25,1.0,MBDOYVRWFFCFHM-SNAWJCMRSA-N,E2-hexenal,0.9875,0.0,0.0,0.0125
0.1,4.0,0.25,1.0,MLFHJEHSLIIPHL-UHFFFAOYSA-N,isopentyl acetate,1.0,0.0,0.0,0.0
0.1,4.0,0.25,1.0,OBNCKNCVKJNDBV-UHFFFAOYSA-N,ethyl butyrate,0.9875,0.0,0.0,0.0125
0.1,4.0,0.25,1.0,OSWPMRLSEDHDFF-UHFFFAOYSA-N,methyl salicylate,1.0,0.0,0.0,0.0
0.1,4.0,0.25,1.0,PHTQWCKDNZKARW-UHFFFAOYSA-N,3-methyl-butanol,0.7625,0.0,0.0,0.2375
0.1,4.0,0.25,1.0,QSJXEFYPDANLFS-UHFFFAOYSA-N,"2,3-butanedione",1.0,0.0,0.0,0.0
0.1,4.0,0.25,1.0,RRAFCDWBNXTKKO-UHFFFAOYSA-N,eugenol,1.0,0.0,0.0,0.0
0.1,4.0,0.25,1.0,VSMOENVRRABVKN-UHFFFAOYSA-N,1-octen-3-ol,0.9875,0.0,0.0,0.0125
0.1,4.0,0.25,1.0,WRMNZCZEMHIOCP-UHFFFAOYSA-N,phenethyl alcohol,1.0,0.0,0.0,0.0
0.1,4.0,0.25,1.0,XEKOWRVHYACXOJ-UHFFFAOYSA-N,ethyl acetate,1.0,0.0,0.0,0.0
0.1,4.0,0.25,1.0,ZSIAUFGUXNUGDI-UHFFFAOYSA-N,1-hexanol,0.925,0.0,0.0,0.07500000000000001
0.1,4.0,0.25,1.0,ZWEHNKRNPOVVGH-UHFFFAOYSA-N,2-butanone,0.975,0.0,0.0,0.025
0.1,4.0,0.5,0.0,CATSNJVOTSVZJV-UHFFFAOYSA-N,2-heptanone,0.925,0.0,0.0,0.075
0.1,4.0,0.5,0.0,CSCPPACGZOOCGX-UHFFFAOYSA-N,acetone,1.0,0.0,0.0,0.0
0.1,4.0,0.5,0.0,FERIUCNNQQJTOY-UHFFFAOYSA-N,butyric acid,0.9624999999999999,0.0,0.0,0.037500000000000006
0.1,4.0,0.5,0.0,HIGQPQRQIQDZMP-DHZHZOJOSA-N,geranyl acetate,1.0,0.0,0.0,0.0
0.1,4.0,0.5,0.0,HUMNYLRZRPPJDN-UHFFFAOYSA-N,benzaldehyde,0.9875,0.0,0.0,0.0125
0.1,4.0,0.5,0.0,LRHPLDYGYMQRHN-UHFFFAOYSA-N,1-butanol,0.6875,0.0,0.0,0.3125
0.1,4.0,0.5,0.0,MBDOYVRWFFCFHM-SNAWJCMRSA-N,E2-hexenal,0.975,0.0,0.0,0.025
0.1,4.0,0.5,0.0,MLFHJEHSLIIPHL-UHFFFAOYSA-N,isopentyl acetate,1.0,0.0,0.0,0.0
0.1,4.0,0.5,0.0,OBNCKNCVKJNDBV-UHFFFAOYSA-N,ethyl butyrate,0.9875,0.0,0.0,0.0125
0.1,4.0,0.5,0.0,OSWPMRLSEDHDFF-UHFFFAOYSA-N,methyl salicylate,1.0,0.0,0.0,0.0
0.1,4.0,0.5,0.0,PHTQWCKDNZKARW-UHFFFAOYSA-N,3-methyl-butanol,0.75,0.0,0.0,0.25
0.1,4.0,0.5,0.0,QSJXEFYPDANLFS-UHFFFAOYSA-N,"2,3-butanedione",1.0,0.0,0.0,0.0
0.1,4.0,0.5,0.0,RRAFCDWBNXTKKO-UHFFFAOYSA-N,eugenol,1.0,0.0,0.0,0.0
0.1,4.0,0.5,0.0,VSMOENVRRABVKN-UHFFFAOYSA-N,1-octen-3-ol,0.975,0.0,0.0,0.025
0.1,4.0,0.5,0.0,WRMNZCZEMHIOCP-UHFFFAOYSA-N,phenethyl alcohol,1.0,0.0,0.0,0.0
0.1,4.0,0.5,0.0,XEKOWRVHYACXOJ-UHFFFAOYSA-N,ethyl acetate,1.0,0.0,0.0,0.0
0.1,4.0,0.5,0.0,ZSIAUFGUXNUGDI-UHFFFAOYSA-N,1-hexanol,0.9375,0.0,0.0,0.0625
0.1,4.0,0.5,0.0,ZWEHNKRNPOVVGH-UHFFFAOYSA-N,2-butanone,0.9875,0.0,0.0,0.0125
0.1,4.0,0.5,1.0,CATSNJVOTSVZJV-UHFFFAOYSA-N,2-heptanone,0.9375,0.0,0.0,0.0625
0.1,4.0,0.5,1.0,CSCPPACGZOOCGX-UHFFFAOYSA-N,acetone,0.9875,0.0,0.0,0.0125
0.1,4.0,0.5,1.0,FERIUCNNQQJTOY-UHFFFAOYSA-N,butyric acid,0.95,0.0,0.0,0.05
0.1,4.0,0.5,1.0,HIGQPQRQIQDZMP-DHZHZOJOSA-N,geranyl acetate,1.0,0.0,0.0,0.0
0.1,4.0,0.5,1.0,HUMNYLRZRPPJDN-UHFFFAOYSA-N,benzaldehyde,0.9875,0.0,0.0,0.0125
0.1,4.0,0.5,1.0,LRHPLDYGYMQRHN-UHFFFAOYSA-N,1-butanol,0.65,0.0,0.0,0.35
0.1,4.0,0.5,1.0,MBDOYVRWFFCFHM-SNAWJCMRSA-N,E2-hexenal,0.975,0.0,0.0,0.025
0.1,4.0,0.5,1.0,MLFHJEHSLIIPHL-UHFFFAOYSA-N,isopentyl acetate,1.0,0.0,0.0,0.0
0.1,4.0,0.5,1.0,OBNCKNCVKJNDBV-UHFFFAOYSA-N,ethyl butyrate,0.975,0.0,0.0,0.025
0.1,4.0,0.5,1.0,OSWPMRLSEDHDFF-UHFFFAOYSA-N,methyl salicylate,1.0,0.0,0.0,0.0
0.1,4.0,0.5,1.0,PHTQWCKDNZKARW-UHFFFAOYSA-N,3-methyl-butanol,0.7625,0.0,0.0,0.2375
0.1,4.0,0.5,1.0,QSJXEFYPDANLFS-UHFFFAOYSA-N,"2,3-butanedione",1.0,0.0,0.0,0.0
0.1,4.0,0.5,1.0,RRAFCDWBNXTKKO-UHFFFAOYSA-N,eugenol,1.0,0.0,0.0,0.0
0.1,4.0,0.5,1.0,VSMOENVRRABVKN-UHFFFAOYSA-N,1-octen-3-ol,0.9875,0.0,0.0,0.0125
0.1,4.0,0.5,1.0,WRMNZCZEMHIOCP-UHFFFAOYSA-N,phenethyl alcohol,1.0,0.0,0.0,0.0
0.1,4.0,0.5,1.0,XEKOWRVHYACXOJ-UHFFFAOYSA-N,ethyl acetate,1.0,0.0,0.0,0.0
0.1,4.0,0.5,1.0,ZSIAUFGUXNUGDI-UHFFFAOYSA-N,1-hexanol,0.9125,0.0,0.0,0.08750000000000001
0.1,4.0,0.5,1.0,ZWEHNKRNPOVVGH-UHFFFAOYSA-N,2-butanone,0.9624999999999999,0.0,0.0,0.037500000000000006
0.1,4.0,1.0,0.0,CATSNJVOTSVZJV-UHFFFAOYSA-N,2-heptanone,0.9375,0.0,0.0,0.0625
0.1,4.0,1.0,0.0,CSCPPACGZOOCGX-UHFFFAOYSA-N,acetone,1.0,0.0,0.0,0.0
0.1,4.0,1.0,0.0,FERIUCNNQQJTOY-UHFFFAOYSA-N,butyric acid,0.9375,0.0,0.0,0.0625
0.1,4.0,1.0,0.0,HIGQPQRQIQDZMP-DHZHZOJOSA-N,geranyl acetate,1.0,0.0,0.0,0.0
0.1,4.0,1.0,0.0,HUMNYLRZRPPJDN-UHFFFAOYSA-N,benzaldehyde,0.975,0.0,0.0,0.025
0.1,4.0,1.0,0.0,LRHPLDYGYMQRHN-UHFFFAOYSA-N,1-butanol,0.65,0.0,0.0,0.35
0.1,4.0,1.0,0.0,MBDOYVRWFFCFHM-SNAWJCMRSA-N,E2-hexenal,0.975,0.0,0.0,0.025
0.1,4.0,1.0,0.0,MLFHJEHSLIIPHL-UHFFFAOYSA-N,isopentyl acetate,1.0,0.0,0.0,0.0
0.1,4.0,1.0,0.0,OBNCKNCVKJNDBV-UHFFFAOYSA-N,ethyl butyrate,0.975,0.0,0.0,0.025
0.1,4.0,1.0,0.0,OSWPMRLSEDHDFF-UHFFFAOYSA-N,methyl salicylate,1.0,0.0,0.0,0.0
0.1,4.0,1.0,0.0,PHTQWCKDNZKARW-UHFFFAOYSA-N,3-methyl-butanol,0.75,0.0,0.0,0.25
0.1,4.0,1.0,0.0,QSJXEFYPDANLFS-UHFFFAOYSA-N,"2,3-butanedione",1.0,0.0,0.0,0.0
0.1,4.0,1.0,0.0,RRAFCDWBNXTKKO-UHFFFAOYSA-N,eugenol,1.0,0.0,0.0,0.0
0.1,4.0,1.0,0.0,VSMOENVRRABVKN-UHFFFAOYSA-N,1-octen-3-ol,0.9875,0.0,0.0,0.0125
0.1,4.0,1.0,0.0,WRMNZCZEMHIOCP-UHFFFAOYSA-N,phenethyl alcohol,1.0,0.0,0.0,0.0
0.1,4.0,1.0,0.0,XEKOWRVHYACXOJ-UHFFFAOYSA-N,ethyl acetate,0.9875,0.0,0.0,0.0125
0.1,4.0,1.0,0.0,ZSIAUFGUXNUGDI-UHFFFAOYSA-N,1-hexanol,0.9375,0.0,0.0,0.0625
0.1,4.0,1.0,0.0,ZWEHNKRNPOVVGH-UHFFFAOYSA-N,2-butanone,0.9125,0.0,0.0,0.0875
0.1,4.0,1.0,1.0,CATSNJVOTSVZJV-UHFFFAOYSA-N,2-heptanone,0.8875,0.0,0.0,0.11249999999999999
0.1,4.0,1.0,1.0,CSCPPACGZOOCGX-UHFFFAOYSA-N,acetone,1.0,0.0,0.0,0.0
0.1,4.0,1.0,1.0,FERIUCNNQQJTOY-UHFFFAOYSA-N,butyric acid,0.9375,0.0,0.0,0.0625
0.1,4.0,1.0,1.0,HIGQPQRQIQDZMP-DHZHZOJOSA-N,geranyl acetate,1.0,0.0,0.0,0.0
0.1,4.0,1.0,1.0,HUMNYLRZRPPJDN-UHFFFAOYSA-N,benzaldehyde,0.9875,0.0,0.0,0.0125
0.1,4.0,1.0,1.0,LRHPLDYGYMQRHN-UHFFFAOYSA-N,1-butanol,0.65,0.0,0.0,0.35
0.1,4.0,1.0,1.0,MBDOYVRWFFCFHM-SNAWJCMRSA-N,E2-hexenal,0.975,0.0,0.0,0.025
0.1,4.0,1.0,1.0,MLFHJEHSLIIPHL-UHFFFAOYSA-N,isopentyl acetate,1.0,0.0,0.0,0.0
0.1,4.0,1.0,1.0,OBNCKNCVKJNDBV-UHFFFAOYSA-N,ethyl butyrate,0.975,0.0,0.0,0.025
0.1,4.0,1.0,1.0,OSWPMRLSEDHDFF-UHFFFAOYSA-N,methyl salicylate,0.9875,0.0,0.0,0.0125
0.1,4.0,1.0,1.0,PHTQWCKDNZKARW-UHFFFAOYSA-N,3-methyl-butanol,0.775,0.0,0.0,0.225
0.1,4.0,1.0,1.0,QSJXEFYPDANLFS-UHFFFAOYSA-N,"2,3-butanedione",1.0,0.0,0.0,0.0
0.1,4.0,1.0,1.0,RRAFCDWBNXTKKO-UHFFFAOYSA-N,eugenol,1.0,0.0,0.0,0.0
0.1,4.0,1.0,1.0,VSMOENVRRABVKN-UHFFFAOYSA-N,1-octen-3-ol,0.9875,0.0,0.0,0.0125
0.1,4.0,1.0,1.0,WRMNZCZEMHIOCP-UHFFFAOYSA-N,phenethyl alcohol,1.0,0.0,0.0,0.0
0.1,4.0,1.0,1.0,XEKOWRVHYACXOJ-UHFFFAOYSA-N,ethyl acetate,0.9875,0.0,0.0,0.0125
0.1,4.0,1.0,1.0,ZSIAUFGUXNUGDI-UHFFFAOYSA-N,1-hexanol,0.9125,0.0,0.0,0.08750000000000001
0.1,4.0,1.0,1.0,ZWEHNKRNPOVVGH-UHFFFAOYSA-N,2-butanone,0.9375,0.0,0.0,0.0625
