side,window,apl,conc,FA,H,AUC,dprime,c_sdt,criterion,noise_mean,signal_mean
right,0.25,1.0,0.05,0.053,0.3904109589041096,0.7790434931506849,1.3381882765478632,0.9473422328410904,6.510887081502991,2.1230022459521822,6.3685097105969675
right,0.25,1.0,0.1,0.053,0.6356164383561644,0.8622955479452055,1.9632023695186915,0.6348351863556763,6.510887081502991,2.1230022459521822,12.160891210237192
right,0.25,1.0,0.2,0.053,0.8267123287671233,0.9506095890410959,2.557689136250044,0.33759180298999997,6.510887081502991,2.1230022459521822,20.871387286023204
right,0.25,0.5,0.05,0.059,0.4232876712328767,0.779447602739726,1.3697337816414992,0.8783567560455265,6.510887081502991,2.233198001116101,6.951381476849858
right,0.25,0.5,0.1,0.059,0.6589041095890411,0.8625743150684931,1.9726977322167576,0.5768747807578973,6.510887081502991,2.233198001116101,13.666738419893404
right,0.25,0.5,0.2,0.059,0.8383561643835616,0.9508479452054794,2.5509479856644153,0.28774965403406844,6.510887081502991,2.233198001116101,23.97038814120582
right,0.25,0.0,0.05,0.075,0.45821917808219176,0.7798558219178082,1.334610295534827,0.7722263231710429,6.510887081502991,2.372179261687666,7.811240574831774
right,0.25,0.0,0.1,0.075,0.6753424657534246,0.8629284246575343,1.8942453863011888,0.49240877778786196,6.510887081502991,2.372179261687666,16.217533563082203
right,0.25,0.0,0.2,0.075,0.8561643835616438,0.9511719178082192,2.5027756486358292,0.18814364662054162,6.510887081502991,2.372179261687666,29.781531560414283
left,0.25,1.0,0.05,0.04,0.27808219178082194,0.7382376712328768,1.1621378598887588,1.1696171413077905,10.196391108070186,3.1905146183884856,7.42031794288959
left,0.25,1.0,0.1,0.04,0.5226027397260274,0.8490493150684931,1.8073730829426171,0.8469995297808613,10.196391108070186,3.1905146183884856,13.214017709654785
left,0.25,1.0,0.2,0.04,0.7623287671232877,0.9391958904109589,2.464499643944364,0.5184362492799879,10.196391108070186,3.1905146183884856,22.18394768419642
left,0.25,0.5,0.05,0.049,0.2979452054794521,0.7383075342465754,1.1243083765075101,1.0924737140973229,10.196391108070186,3.3294253575672497,7.923741911603536
left,0.25,0.5,0.1,0.049,0.5465753424657535,0.8490458904109589,1.771641453400524,0.7688071756508159,10.196391108070186,3.3294253575672497,14.456094969476947
left,0.25,0.5,0.2,0.049,0.7760273972602739,0.9392938356164383,2.4134730320629743,0.4478913863195907,10.196391108070186,3.3294253575672497,24.785796153259092
left,0.25,0.0,0.05,0.062,0.323972602739726,0.7384123287671233,1.0815802554660345,0.997408730851047,10.196391108070186,3.501210263481862,8.610943705629705
left,0.25,0.0,0.1,0.062,0.5698630136986301,0.8491109589041096,1.7142242777873418,0.6810867196903934,10.196391108070186,3.501210263481862,16.33709502861852
left,0.25,0.0,0.2,0.062,0.7931506849315069,0.9393554794520548,2.355601038859918,0.3603983391541053,10.196391108070186,3.501210263481862,29.08108240447465
