graph,input_overlap,actual_overlap,noise,apl_strength,residual,active_fraction,mean_activity,centroid_cosine,between_within_ratio,accuracy,silent_trial_fraction
0,0.25,0.25,0.1,1.0,1.20465443176343e-12,0.08467706013363029,0.023050687253326277,0.2447629917743134,43.70759677256393,1.0,0.0
0,0.25,0.25,0.1,0.75,1.064794086236276e-12,0.0902728285077951,0.02464108323442806,0.24927988338513934,43.78388920218362,1.0,0.0
0,0.25,0.25,0.1,0.5,1.1706469127403807e-12,0.09668708240534521,0.026685554812770393,0.25545208023174104,44.0355171536963,1.0,0.0
0,0.25,0.25,0.1,0.25,9.511280651963716e-13,0.10517260579064588,0.02946857957370185,0.2649192029320661,44.611102880169604,1.0,0.0
0,0.25,0.25,0.1,0.0,9.215822549535346e-13,0.11725501113585746,0.03363112504264719,0.2796521734278965,45.59119119877182,1.0,0.0
0,0.25,0.25,0.4,1.0,4.032940648102112e-12,0.16780066815144767,0.06425209615471403,0.7203212746145997,1.509122026248127,1.0,0.0
0,0.25,0.25,0.4,0.75,3.662584124874968e-12,0.18319042316258352,0.07040712572222482,0.7251167731163988,1.52769331805645,1.0,0.0
0,0.25,0.25,0.4,0.5,3.53379825401845e-12,0.20375278396436525,0.07898261574236252,0.7327367393405397,1.5521859082104201,1.0,0.0
0,0.25,0.25,0.4,0.25,3.3909819396882313e-12,0.23467149220489977,0.09227886955656987,0.7469623723005442,1.5727776934036855,1.0,0.0
0,0.25,0.25,0.4,0.0,2.9070912344053568e-12,0.2923051224944321,0.11814841792122015,0.7737853912027625,1.5995649411625092,1.0,0.0
0,0.6,0.6071428571428571,0.1,1.0,1.2552320294290098e-12,0.08399777282850779,0.022846788045414,0.6005275296092166,18.256494486054155,1.0,0.0
0,0.6,0.6071428571428571,0.1,0.75,1.06867292792856e-12,0.09113028953229399,0.02466283709590136,0.6042642215173808,18.493673334847454,1.0,0.0
0,0.6,0.6071428571428571,0.1,0.5,1.0186296250935811e-12,0.09984409799554565,0.02703827970481003,0.6086397096413722,18.7711810872589,1.0,0.0
0,0.6,0.6071428571428571,0.1,0.25,7.598921492046884e-13,0.11211581291759465,0.03036441155583892,0.6149179806492548,19.010632178951145,1.0,0.0
0,0.6,0.6071428571428571,0.1,0.0,8.549411179004096e-13,0.13102449888641426,0.03564891056183352,0.6256774224538214,19.142134300013485,1.0,0.0
0,0.6,0.6071428571428571,0.4,1.0,3.171712892324763e-12,0.14642538975501113,0.05014395848027434,0.7905377063016461,0.8968005423233378,1.0,0.0
0,0.6,0.6071428571428571,0.4,0.75,3.5087627248131525e-12,0.158858574610245,0.05484258814792965,0.7948878311443309,0.8997055259312732,1.0,0.0
0,0.6,0.6071428571428571,0.4,0.5,2.3587659603307998e-12,0.17591314031180402,0.06132689643731123,0.8013544795954002,0.9030376602148656,1.0,0.0
0,0.6,0.6071428571428571,0.4,0.25,2.161354428764639e-12,0.20041759465478842,0.07119430819351774,0.8121764245223048,0.9033748222584405,1.0,0.0
0,0.6,0.6071428571428571,0.4,0.0,2.6107727091329025e-12,0.2450501113585746,0.08968660373573982,0.8322719476588158,0.897607061457789,1.0,0.0
0,0.9,0.8928571428571429,0.1,1.0,2.5465393682644333e-12,0.131815144766147,0.04149637290895135,0.7253730834809929,19.656459067738194,1.0,0.0
0,0.9,0.8928571428571429,0.1,0.75,2.3291785167245393e-12,0.1432739420935412,0.045232422386557516,0.7306015994839776,19.760917827245684,1.0,0.0
0,0.9,0.8928571428571429,0.1,0.5,2.3000074067525134e-12,0.15812917594654788,0.05035737535905441,0.7374852438567866,19.95029476774253,1.0,0.0
0,0.9,0.8928571428571429,0.1,0.25,1.988811892950082e-12,0.18043986636971046,0.058106788821956204,0.7488750352544108,20.24158222950335,1.0,0.0
0,0.9,0.8928571428571429,0.1,0.0,1.7860157797144893e-12,0.21584075723830734,0.07224361259838005,0.7685264013604596,21.508760256515227,1.0,0.0
0,0.9,0.8928571428571429,0.4,1.0,2.6910973449645326e-12,0.13802895322939868,0.04380430138973953,0.8994078261266133,0.38351352524388205,0.9,0.0
0,0.9,0.8928571428571429,0.4,0.75,2.9113794708379714e-12,0.14899220489977727,0.04777762032332065,0.9024818055694508,0.38812797310465796,0.9,0.0
0,0.9,0.8928571428571429,0.4,0.5,2.2628288132153784e-12,0.163641425389755,0.053176868977941216,0.906783733982783,0.3927501967707747,0.9,0.0
0,0.9,0.8928571428571429,0.4,0.25,1.8654522371264193e-12,0.1852728285077951,0.06121652305681792,0.9124988640679742,0.3982723115679835,0.925,0.0
0,0.9,0.8928571428571429,0.4,0.0,2.0144164114554997e-12,0.22459910913140313,0.07577058204715158,0.9200798067210595,0.4104236599523342,0.925,0.0
1,0.25,0.25,0.1,1.0,1.3181747360313523e-12,0.08502227171492205,0.021986364061113838,0.24433869244033238,33.3807448812142,1.0,0.0
1,0.25,0.25,0.1,0.75,1.3417045252595017e-12,0.0904120267260579,0.02362130430789423,0.25278342194776826,34.1127311045702,1.0,0.0
1,0.25,0.25,0.1,0.5,1.2551834571716824e-12,0.09707683741648107,0.02572893644295506,0.2627233096453404,35.06643194184956,1.0,0.0
1,0.25,0.25,0.1,0.25,1.0356576707337695e-12,0.1064977728285078,0.028632371836082582,0.2748799079864647,36.347815571778234,1.0,0.0
1,0.25,0.25,0.1,0.0,9.611755835692293e-13,0.12062360801781737,0.03316319241019573,0.29121628538851574,38.26231717768761,1.0,0.0
1,0.25,0.25,0.4,1.0,4.7303272410204045e-12,0.16962138084632516,0.06244079709863134,0.7398358313263776,1.4140924726482413,1.0,0.0
1,0.25,0.25,0.4,0.75,4.046138424307344e-12,0.18476614699331848,0.06859148073561885,0.7429744142581084,1.4395081099840539,1.0,0.0
1,0.25,0.25,0.4,0.5,3.794686787017554e-12,0.2049554565701559,0.07719919740639046,0.7484124451657778,1.474552131866131,1.0,0.0
1,0.25,0.25,0.4,0.25,3.1431801605918963e-12,0.2350946547884187,0.0905950130339654,0.7573309915963788,1.5281813187208673,1.0,0.0
1,0.25,0.25,0.4,0.0,2.9688751457257467e-12,0.2914142538975501,0.11667301734892528,0.7747512429088644,1.6079503919658917,1.0,0.0
1,0.6,0.6071428571428571,0.1,1.0,9.812706203149446e-13,0.09197104677060133,0.0237871711893597,0.5530876096071814,19.226668164301604,1.0,0.0
1,0.6,0.6071428571428571,0.1,0.75,9.500039643839386e-13,0.09828507795100223,0.02553590442761046,0.557485323955225,19.403834022029226,1.0,0.0
1,0.6,0.6071428571428571,0.1,0.5,1.039737740349267e-12,0.10643095768374165,0.027813411910366594,0.5637055731692173,19.56526637308127,1.0,0.0
1,0.6,0.6071428571428571,0.1,0.25,8.911621440788053e-13,0.11625835189309577,0.030970641218050095,0.5734449690026682,19.83187524691961,1.0,0.0
1,0.6,0.6071428571428571,0.1,0.0,8.46538117382778e-13,0.1310913140311804,0.03583256765655038,0.5896926579400181,20.29136650438775,1.0,0.0
1,0.6,0.6071428571428571,0.4,1.0,2.784411590184277e-12,0.14527839643652563,0.050193322731693114,0.7968033046493423,0.9728545176783132,1.0,0.0
1,0.6,0.6071428571428571,0.4,0.75,3.227793032856141e-12,0.15732739420935413,0.0548951144846931,0.8004867013609149,0.9850635715373629,1.0,0.0
1,0.6,0.6071428571428571,0.4,0.5,3.0244695636838514e-12,0.17384187082405345,0.061352003777465754,0.8055661558639212,1.001218018455819,1.0,0.0
1,0.6,0.6071428571428571,0.4,0.25,2.446626234942073e-12,0.19797327394209355,0.07112485670897416,0.8131571867780539,1.0269961702383392,1.0,0.0
1,0.6,0.6071428571428571,0.4,0.0,2.551930888827769e-12,0.2404064587973274,0.0889846095770993,0.8285893258213036,1.0495889487037913,1.0,0.0
1,0.9,0.8928571428571429,0.1,1.0,2.600336612701426e-12,0.13216035634743875,0.0419080043588244,0.7764269505715157,16.352463007028806,1.0,0.0
1,0.9,0.8928571428571429,0.1,0.75,2.7124136270373356e-12,0.14175389755011136,0.04558730097495071,0.7792150549817995,16.86255172260689,1.0,0.0
1,0.9,0.8928571428571429,0.1,0.5,2.4138330223522075e-12,0.15525612472160355,0.0505185574779192,0.7832929065613305,17.388977631631118,1.0,0.0
1,0.9,0.8928571428571429,0.1,0.25,2.0547452628250085e-12,0.17628062360801783,0.05781710994428843,0.7872384094301745,18.367668802535043,1.0,0.0
1,0.9,0.8928571428571429,0.1,0.0,1.8305634785775737e-12,0.21507795100222718,0.07137120392786445,0.7881561484656227,20.603683592334786,1.0,0.0
1,0.9,0.8928571428571429,0.4,1.0,3.6274871995090052e-12,0.13565701559020044,0.0441576632818456,0.9236210955570913,0.3479340434362564,0.875,0.0
1,0.9,0.8928571428571429,0.4,0.75,2.6064983504880956e-12,0.14726057906458798,0.048117159468505664,0.9253424439639514,0.34863862321382943,0.875,0.0
1,0.9,0.8928571428571429,0.4,0.5,2.7879504260752697e-12,0.16196547884187082,0.05350807189086601,0.9275392543979334,0.3500517760574748,0.875,0.0
1,0.9,0.8928571428571429,0.4,0.25,2.261885123644447e-12,0.18407572383073498,0.061606308013511295,0.9306006997589156,0.35289331785481814,0.875,0.0
1,0.9,0.8928571428571429,0.4,0.0,2.0977386494536177e-12,0.22344654788418708,0.07638094911069862,0.9350442418146138,0.36314287191960115,0.85,0.0
2,0.25,0.25,0.1,1.0,1.318639641922914e-12,0.08706570155902005,0.021823952477628604,0.21338133087645939,35.07253537680833,1.0,0.0
2,0.25,0.25,0.1,0.75,1.2990164499626644e-12,0.0926781737193764,0.023464676593659462,0.2235914047758214,35.43519825157185,1.0,0.0
2,0.25,0.25,0.1,0.5,1.2279552374927505e-12,0.09945991091314031,0.025587044193807175,0.23642752245763232,36.04861205423816,1.0,0.0
2,0.25,0.25,0.1,0.25,1.0506942538235364e-12,0.10855233853006682,0.028502476833718482,0.2526608534113465,37.04026844303953,1.0,0.0
2,0.25,0.25,0.1,0.0,9.509615317426778e-13,0.12233296213808463,0.033031440753353125,0.2727786699508199,38.56374399593336,1.0,0.0
2,0.25,0.25,0.4,1.0,5.0678072849308364e-12,0.1692817371937639,0.0612474666072445,0.7167926842846956,1.4077405192023396,1.0,0.0
2,0.25,0.25,0.4,0.75,4.0034642267983145e-12,0.18370824053452114,0.06737374299373193,0.7223366462099023,1.4314799963368328,1.0,0.0
2,0.25,0.25,0.4,0.5,3.89624443819514e-12,0.2035356347438753,0.07591414314683574,0.7298517651337002,1.465103548148769,1.0,0.0
2,0.25,0.25,0.4,0.25,3.5109970486502107e-12,0.23559576837416482,0.08923883259873203,0.7406152219388409,1.5190383626528234,1.0,0.0
2,0.25,0.25,0.4,0.0,3.0343227930273997e-12,0.29466035634743876,0.11562792112187463,0.7608112993712778,1.6148432342114203,1.0,0.0
2,0.6,0.6071428571428571,0.1,1.0,1.19284443433898e-12,0.09442093541202673,0.025375162165021677,0.5656134114968986,19.13460586037999,1.0,0.0
2,0.6,0.6071428571428571,0.1,0.75,1.2283299377635615e-12,0.09994432071269488,0.027313313726164,0.5721298972208501,19.446099166192113,1.0,0.0
2,0.6,0.6071428571428571,0.1,0.5,1.127389848143423e-12,0.10694320712694877,0.029819547372692365,0.5808551744266709,19.927017887872744,1.0,0.0
2,0.6,0.6071428571428571,0.1,0.25,9.932471511930885e-13,0.11638641425389755,0.03326205602715399,0.5924208427583073,20.63969196615107,1.0,0.0
2,0.6,0.6071428571428571,0.1,0.0,9.071007833760802e-13,0.13171492204899776,0.03852554056574057,0.6095106917927549,21.54106604744327,1.0,0.0
2,0.6,0.6071428571428571,0.4,1.0,2.767952533844209e-12,0.14444320712694877,0.048269693564448546,0.7971169405725597,0.8748956851811275,1.0,0.0
2,0.6,0.6071428571428571,0.4,0.75,3.5642599982566026e-12,0.15663140311804008,0.05288445892814559,0.8018379979325329,0.8825508863047844,1.0,0.0
2,0.6,0.6071428571428571,0.4,0.5,2.676261989797979e-12,0.17287861915367483,0.05921411575184838,0.808163781054491,0.8926249629204056,1.0,0.0
2,0.6,0.6071428571428571,0.4,0.25,2.6341012704378386e-12,0.19775055679287304,0.06879379039178259,0.8183443522883599,0.9012431735471531,1.0,0.0
2,0.6,0.6071428571428571,0.4,0.0,2.5031365868954936e-12,0.24150890868596883,0.08645054277641268,0.8346460082149433,0.9096060824005515,1.0,0.0
2,0.9,0.8928571428571429,0.1,1.0,2.7352356490872864e-12,0.13530066815144767,0.041792099259047734,0.7881176449022042,14.78935344670904,1.0,0.0
2,0.9,0.8928571428571429,0.1,0.75,2.3649138203296616e-12,0.14639198218262806,0.04556444488099284,0.7879493927406289,15.197182257001845,1.0,0.0
2,0.9,0.8928571428571429,0.1,0.5,2.1256468807351325e-12,0.16030066815144767,0.0507026354078084,0.7875870202644634,15.893576468332903,1.0,0.0
2,0.9,0.8928571428571429,0.1,0.25,1.9585028043778152e-12,0.18037305122494432,0.05840993755960314,0.7877833886458179,17.105643623442347,1.0,0.0
2,0.9,0.8928571428571429,0.1,0.0,1.784544734206861e-12,0.21371380846325166,0.07245478109815709,0.7880905716216897,19.969373674196774,1.0,0.0
2,0.9,0.8928571428571429,0.4,1.0,2.3767030010724e-12,0.1319933184855234,0.044128486762875195,0.9215557557304705,0.3501038177848043,0.925,0.0
2,0.9,0.8928571428571429,0.4,0.75,2.6769836347639853e-12,0.14280623608017817,0.048189996373187355,0.9227239190875246,0.356620290317841,0.925,0.0
2,0.9,0.8928571428571429,0.4,0.5,3.008496229917057e-12,0.15786191536748329,0.05367939379335695,0.9243520874976592,0.36502057991639386,0.9,0.0
2,0.9,0.8928571428571429,0.4,0.25,2.4989593727653414e-12,0.18052338530066814,0.06184970028805732,0.9270407799274135,0.3764529520862568,0.9,0.0
2,0.9,0.8928571428571429,0.4,0.0,2.0720924975847765e-12,0.219771714922049,0.0766745980793702,0.9315621394394086,0.39338215978945223,0.925,0.0
3,0.25,0.25,0.1,1.0,1.315135500501441e-12,0.08352449888641425,0.022808738284881478,0.21677265158571152,42.82419607748179,1.0,0.0
3,0.25,0.25,0.1,0.75,1.265466897937273e-12,0.08856904231625835,0.024478460693113137,0.2262211872628024,43.17384165972031,1.0,0.0
3,0.25,0.25,0.1,0.5,1.1128181709452178e-12,0.0954064587973274,0.026616735804672127,0.23843498916337755,43.729733504600595,1.0,0.0
3,0.25,0.25,0.1,0.25,9.809861256648844e-13,0.10419265033407572,0.029522281336583158,0.2539764891985908,44.46691512286896,1.0,0.0
3,0.25,0.25,0.1,0.0,9.456047056488615e-13,0.11778396436525612,0.033888767742302525,0.273466977289176,45.72849797866173,1.0,0.0
3,0.25,0.25,0.4,1.0,3.572295237397327e-12,0.17234409799554565,0.06399741076487699,0.7291158239409689,1.4352628250277035,1.0,0.0
3,0.25,0.25,0.4,0.75,4.00768307429189e-12,0.187271714922049,0.07011797081687202,0.7327007655362924,1.4694223001668558,1.0,0.0
3,0.25,0.25,0.4,0.5,3.2030905705582313e-12,0.20692093541202672,0.07858979169231307,0.7384335106271166,1.5115852265973901,1.0,0.0
3,0.25,0.25,0.4,0.25,3.494676770188221e-12,0.23628619153674832,0.09158548721151827,0.7494675533115467,1.5574200091012569,1.0,0.0
3,0.25,0.25,0.4,0.0,2.853078884257343e-12,0.2912138084632517,0.11633128104157314,0.7706893152017686,1.6177223013064053,1.0,0.0
3,0.6,0.6071428571428571,0.1,1.0,1.2591455655908135e-12,0.09716035634743875,0.02607214312288551,0.5997263624963186,18.45611571276477,1.0,0.0
3,0.6,0.6071428571428571,0.1,0.75,1.1482342854307603e-12,0.10316258351893096,0.028042279750305394,0.6045510424072857,18.649141129299586,1.0,0.0
3,0.6,0.6071428571428571,0.1,0.5,1.1128389876269296e-12,0.11062917594654788,0.03056962366763508,0.610122946128241,18.926829672137256,1.0,0.0
3,0.6,0.6071428571428571,0.1,0.25,9.39061328697477e-13,0.11973830734966592,0.03399916264425797,0.61683230063836,19.372788624080087,1.0,0.0
3,0.6,0.6071428571428571,0.1,0.0,8.867420686620164e-13,0.1345489977728285,0.0392123237436559,0.6258215770005712,20.018562382792076,1.0,0.0
3,0.6,0.6071428571428571,0.4,1.0,2.690833666996184e-12,0.15100779510022272,0.05129391128518362,0.7979690247576523,0.9057738142820121,1.0,0.0
3,0.6,0.6071428571428571,0.4,0.75,3.028757800116466e-12,0.1633240534521158,0.05587665508407333,0.8023363437011736,0.9132032028071777,1.0,0.0
3,0.6,0.6071428571428571,0.4,0.5,3.5021152644532094e-12,0.17991648106904232,0.06212964161487788,0.8082002861006418,0.922198067785283,1.0,0.0
3,0.6,0.6071428571428571,0.4,0.25,2.6763591343126336e-12,0.20328507795100223,0.07152379286247564,0.8165863143129893,0.9329410159305337,1.0,0.0
3,0.6,0.6071428571428571,0.4,0.0,2.5523749780376193e-12,0.24461024498886413,0.08856927370040296,0.8307052092282373,0.944221981476131,1.0,0.0
3,0.9,0.8928571428571429,0.1,1.0,2.72540323642545e-12,0.13851893095768375,0.04361723933277585,0.7622719579088362,16.57420948859772,1.0,0.0
3,0.9,0.8928571428571429,0.1,0.75,2.407900268064367e-12,0.14947104677060133,0.04737310443897353,0.763219859601648,17.17082496074868,1.0,0.0
3,0.9,0.8928571428571429,0.1,0.5,2.3255564141066998e-12,0.16430957683741648,0.052473299553646734,0.7652058397242141,17.953905009345227,1.0,0.0
3,0.9,0.8928571428571429,0.1,0.25,2.0339424589010946e-12,0.18564031180400892,0.06003622228057305,0.7692691499436743,19.009889295062493,1.0,0.0
3,0.9,0.8928571428571429,0.1,0.0,1.7953277753335328e-12,0.2207349665924276,0.0734787339153937,0.7762245027179693,20.99876598123385,1.0,0.0
3,0.9,0.8928571428571429,0.4,1.0,2.4982793611627585e-12,0.1344097995545657,0.04400950844353335,0.9127769969529355,0.3999235622743401,0.875,0.0
3,0.9,0.8928571428571429,0.4,0.75,2.479988436832059e-12,0.14610801781737193,0.04788461317356082,0.9138358786397108,0.40293172856485476,0.875,0.0
3,0.9,0.8928571428571429,0.4,0.5,2.241110075296149e-12,0.161597995545657,0.053165922569044524,0.9152462761685788,0.40650055948164415,0.875,0.0
3,0.9,0.8928571428571429,0.4,0.25,2.071995353070122e-12,0.1840478841870824,0.06107450770662605,0.9173017376391966,0.41214131747648725,0.875,0.0
3,0.9,0.8928571428571429,0.4,0.0,1.8995360839824116e-12,0.22237750556792873,0.07533489205216004,0.9217498001706141,0.4215568127176084,0.9,0.0
4,0.25,0.25,0.1,1.0,1.2826892326067707e-12,0.08238864142538975,0.022878555837666056,0.2981204384405825,35.531572396056916,1.0,0.0
4,0.25,0.25,0.1,0.75,1.1690717838241937e-12,0.08717149220489978,0.02451078816746844,0.30344747151854,36.23707791520492,1.0,0.0
4,0.25,0.25,0.1,0.5,1.105782132526656e-12,0.09414253897550111,0.026598749271131383,0.3097600172282302,37.02092751099573,1.0,0.0
4,0.25,0.25,0.1,0.25,9.464720673868499e-13,0.10369710467706013,0.029481949192139156,0.3175231113970645,38.02419286059387,1.0,0.0
4,0.25,0.25,0.1,0.0,9.065734274393833e-13,0.11673162583518931,0.03389918901914985,0.3273915997120429,39.714709059602704,1.0,0.0
4,0.25,0.25,0.4,1.0,4.126227137746241e-12,0.17124721603563475,0.06541037062426404,0.7105343471537493,1.5043903008835662,1.0,0.0
4,0.25,0.25,0.4,0.75,3.867892117703775e-12,0.1858630289532294,0.07167687788847779,0.715687290185027,1.540502067246699,1.0,0.0
4,0.25,0.25,0.4,0.5,3.801875481102002e-12,0.2052227171492205,0.08030579558188916,0.7238934212984857,1.5818749440403008,1.0,0.0
4,0.25,0.25,0.4,0.25,3.2875369093687823e-12,0.23483296213808463,0.09349145344906203,0.7376352515137266,1.629433914659701,1.0,0.0
4,0.25,0.25,0.4,0.0,2.8592961331952438e-12,0.29071269487750556,0.11864052208933498,0.7617549738551024,1.699954955651547,1.0,0.0
4,0.6,0.6071428571428571,0.1,1.0,1.2434289708984636e-12,0.09324610244988864,0.0275367311347753,0.6200452758128736,19.612638238001413,1.0,0.0
4,0.6,0.6071428571428571,0.1,0.75,1.1749698436425149e-12,0.09942093541202672,0.029574564868509935,0.6227572216508908,20.029864555975006,1.0,0.0
4,0.6,0.6071428571428571,0.1,0.5,9.958631141948615e-13,0.10679844097995546,0.03219422369696948,0.626609038360602,20.53617099315003,1.0,0.0
4,0.6,0.6071428571428571,0.1,0.25,1.0030934416427328e-12,0.11819599109131403,0.03581313366575844,0.6331568807580548,21.048469017053336,1.0,0.0
4,0.6,0.6071428571428571,0.1,0.0,9.284933932818262e-13,0.1354120267260579,0.04147529250703873,0.6427109894012164,21.711700238872286,1.0,0.0
4,0.6,0.6071428571428571,0.4,1.0,2.965266920895715e-12,0.1473162583518931,0.05180500618933683,0.8252895095611895,0.8056360233822559,0.975,0.0
4,0.6,0.6071428571428571,0.4,0.75,3.94005661430441e-12,0.1585022271714922,0.05649839993239459,0.8301134052083429,0.8088338010111403,1.0,0.0
4,0.6,0.6071428571428571,0.4,0.5,2.4308749457802037e-12,0.17423719376391983,0.0628629243966231,0.8360133768199786,0.8158926209155444,1.0,0.0
4,0.6,0.6071428571428571,0.4,0.25,2.460254222569347e-12,0.19777839643652562,0.07238377547746871,0.8435796268550917,0.8277973046291505,1.0,0.0
4,0.6,0.6071428571428571,0.4,0.0,2.569444657041231e-12,0.24024498886414253,0.08967623733646009,0.8545005025156431,0.846351108280523,1.0,0.0
4,0.9,0.8928571428571429,0.1,1.0,2.5999966069001346e-12,0.13011692650334075,0.04491461134510768,0.7528079753447157,19.80648673192726,1.0,0.0
4,0.9,0.8928571428571429,0.1,0.75,2.5326268859870993e-12,0.13942650334075724,0.048887690029265865,0.7579713275022544,20.44145705320091,1.0,0.0
4,0.9,0.8928571428571429,0.1,0.5,2.2151031009443045e-12,0.15255567928730512,0.054200252684731186,0.7644768740493955,21.278945513674596,1.0,0.0
4,0.9,0.8928571428571429,0.1,0.25,1.8938739465568233e-12,0.1712249443207127,0.06194925876995721,0.7716917329223064,22.574881941921507,1.0,0.0
4,0.9,0.8928571428571429,0.1,0.0,1.8152701564133622e-12,0.20708240534521158,0.07548425930800057,0.7798045633749443,24.768196770640202,1.0,0.0
4,0.9,0.8928571428571429,0.4,1.0,2.4472091020300013e-12,0.13243318485523387,0.0436815442748369,0.9070260756979509,0.3882261112314197,0.925,0.0
4,0.9,0.8928571428571429,0.4,0.75,3.080438681912767e-12,0.14374164810690424,0.04768383493079982,0.9101234949663969,0.38667457243222114,0.925,0.0
4,0.9,0.8928571428571429,0.4,0.5,2.9208163665472853e-12,0.159315144766147,0.05315037966464006,0.9142439464076548,0.38486252245162345,0.925,0.0
4,0.9,0.8928571428571429,0.4,0.25,2.118513697801916e-12,0.1820044543429844,0.06136030675516409,0.9198164502325838,0.3840252464392166,0.925,0.0
4,0.9,0.8928571428571429,0.4,0.0,2.0098089859033053e-12,0.2216369710467706,0.076255509058607,0.9279375654981867,0.3870993560101589,0.9,0.0
5,0.25,0.25,0.1,1.0,1.2022050022153508e-12,0.08684298440979955,0.02398421430821779,0.28889974215934716,36.26885074727295,1.0,0.0
5,0.25,0.25,0.1,0.75,1.217741185666199e-12,0.09219933184855233,0.02569564814799145,0.29086836794507426,37.06876255404641,1.0,0.0
5,0.25,0.25,0.1,0.5,1.1077111450319421e-12,0.09945991091314031,0.027909290940364304,0.2933037910268551,37.98533991239567,1.0,0.0
5,0.25,0.25,0.1,0.25,1.0344086698310662e-12,0.10933741648106904,0.030982274151223198,0.29658300702134743,39.18235312528781,1.0,0.0
5,0.25,0.25,0.1,0.0,9.681005996853287e-13,0.1235412026726058,0.035718987497439354,0.3017086314185956,41.07188586883772,1.0,0.0
5,0.25,0.25,0.4,1.0,4.228575822828873e-12,0.1720378619153675,0.0657198077243431,0.7306774678437434,1.415098153418185,1.0,0.0
5,0.25,0.25,0.4,0.75,3.905750722843493e-12,0.18687639198218262,0.07176956653640498,0.7337596120417614,1.4516586448120303,1.0,0.0
5,0.25,0.25,0.4,0.5,3.97834543086617e-12,0.2071881959910913,0.08018971327764662,0.738457030967517,1.499318933197478,1.0,0.0
5,0.25,0.25,0.4,0.25,2.9735380824291724e-12,0.23775612472160357,0.09325475689123312,0.7477401738933559,1.5567889460262117,1.0,0.0
5,0.25,0.25,0.4,0.0,2.9181101979247615e-12,0.29380289532293985,0.1184433657383289,0.7704378646378898,1.6118937215652154,1.0,0.0
5,0.6,0.6071428571428571,0.1,1.0,1.1401712907144201e-12,0.09548440979955457,0.0250691033635039,0.638993471113179,15.159956165683345,1.0,0.0
5,0.6,0.6071428571428571,0.1,0.75,1.088053258602173e-12,0.10104120267260579,0.026993624801833666,0.6435374518405202,15.415200685111921,1.0,0.0
5,0.6,0.6071428571428571,0.1,0.5,9.390196953340535e-13,0.10810690423162583,0.029448056991086703,0.6502975652944729,15.701056188598718,1.0,0.0
5,0.6,0.6071428571428571,0.1,0.25,8.558639907896293e-13,0.11818485523385301,0.03276506587833759,0.6596227604865742,16.068309882363558,1.0,0.0
5,0.6,0.6071428571428571,0.1,0.0,8.613387780798121e-13,0.13457683741648108,0.0378001918337549,0.6712578085039521,16.542339210463485,1.0,0.0
5,0.6,0.6071428571428571,0.4,1.0,4.199751657552042e-12,0.14632516703786191,0.05115103992770936,0.8131908665677975,0.9375866769508684,1.0,0.0
5,0.6,0.6071428571428571,0.4,0.75,3.1113583931485778e-12,0.15862472160356347,0.05575750462570274,0.8170154749396555,0.9405387518910889,1.0,0.0
5,0.6,0.6071428571428571,0.4,0.5,3.0098701309100306e-12,0.17528953229398664,0.0620895867757664,0.8218765973625987,0.9455551393630772,1.0,0.0
5,0.6,0.6071428571428571,0.4,0.25,2.2992441284230836e-12,0.19917594654788418,0.07166876857600583,0.8291055967822929,0.9529724633730562,1.0,0.0
5,0.6,0.6071428571428571,0.4,0.0,2.523231623641209e-12,0.2408574610244989,0.08912472585600052,0.842898341072787,0.9514840447116611,1.0,0.0
5,0.9,0.8928571428571429,0.1,1.0,2.5613539067492752e-12,0.12866926503340756,0.043550245673826996,0.7629664989736991,19.051887118930328,1.0,0.0
5,0.9,0.8928571428571429,0.1,0.75,2.3113039260280743e-12,0.13886971046770602,0.04713780955128191,0.7642248140538582,19.52965861445012,1.0,0.0
5,0.9,0.8928571428571429,0.1,0.5,2.2573748426069074e-12,0.1527783964365256,0.05196660060095631,0.7673033098743643,20.035448513914613,1.0,0.0
5,0.9,0.8928571428571429,0.1,0.25,2.0471124795307105e-12,0.17290645879732738,0.0590733841031467,0.7720498519118507,20.906234422255555,1.0,0.0
5,0.9,0.8928571428571429,0.1,0.0,1.7385815009873795e-12,0.21178730512249444,0.07177770017403783,0.7793640660165277,22.19393312231335,1.0,0.0
5,0.9,0.8928571428571429,0.4,1.0,2.379013652742401e-12,0.1355400890868597,0.04406059310628161,0.925838863945259,0.34553722337727316,0.875,0.0
5,0.9,0.8928571428571429,0.4,0.75,2.818967281825735e-12,0.14667037861915366,0.04791056125086994,0.9263268804992831,0.35045299540403246,0.875,0.0
5,0.9,0.8928571428571429,0.4,0.5,2.4899943218414933e-12,0.16125278396436526,0.05315004980234354,0.9272841192910559,0.35625790506919525,0.875,0.0
5,0.9,0.8928571428571429,0.4,0.25,2.0928953015086904e-12,0.1835467706013363,0.06098402103843355,0.9285273630611025,0.36600419988055993,0.9,0.0
5,0.9,0.8928571428571429,0.4,0.0,1.939365334990839e-12,0.2218207126948775,0.07511481594999707,0.9307044745880815,0.3829434639974258,0.9,0.0
6,0.25,0.25,0.1,1.0,1.2278025818268645e-12,0.08506124721603564,0.02358861069209377,0.20373541039291557,43.55099223257269,1.0,0.0
6,0.25,0.25,0.1,0.75,1.092161083793286e-12,0.0903674832962138,0.025190129952782764,0.21169883341212808,44.02385222117963,1.0,0.0
6,0.25,0.25,0.1,0.5,1.0898226765476693e-12,0.09675946547884187,0.027242323095790576,0.2206107080413653,44.78932551232176,1.0,0.0
6,0.25,0.25,0.1,0.25,8.39432690025177e-13,0.10528953229398663,0.030005189572713743,0.23170377279650625,45.957243194078444,1.0,0.0
6,0.25,0.25,0.1,0.0,8.887682256819573e-13,0.11792873051224945,0.034111750307379306,0.24609753671435192,47.27838636480173,1.0,0.0
6,0.25,0.25,0.4,1.0,4.3449827069608205e-12,0.1706403118040089,0.0638482759489923,0.6812527512749217,1.6775378971461212,1.0,0.0
6,0.25,0.25,0.4,0.75,3.931743819407529e-12,0.18524498886414253,0.06994711504459715,0.6885145650017657,1.6977898324378242,1.0,0.0
6,0.25,0.25,0.4,0.5,3.9308417632000214e-12,0.20539532293986637,0.07845137444121628,0.698867701555938,1.7219560705291483,1.0,0.0
6,0.25,0.25,0.4,0.25,3.4421354655478353e-12,0.2349944320712695,0.09164409177325784,0.7137141768609836,1.760800421930709,1.0,0.0
6,0.25,0.25,0.4,0.0,2.929961828712635e-12,0.29174832962138086,0.11729384981753722,0.7414259417498127,1.8211471577311278,1.0,0.0
6,0.6,0.6071428571428571,0.1,1.0,1.0847087117404897e-12,0.09229398663697104,0.024535208970183325,0.6038404049361699,18.33707614518445,1.0,0.0
6,0.6,0.6071428571428571,0.1,0.75,9.404491074782584e-13,0.09837973273942094,0.026401700995719427,0.6113373417607817,18.452901694952065,1.0,0.0
6,0.6,0.6071428571428571,0.1,0.5,8.510345206325098e-13,0.1067316258351893,0.028821872040701375,0.6202040235666969,18.561983728734976,1.0,0.0
6,0.6,0.6071428571428571,0.1,0.25,8.8976742640412e-13,0.11741648106904232,0.032170864288254414,0.6306574043770824,18.837549663390416,1.0,0.0
6,0.6,0.6071428571428571,0.1,0.0,8.606448886894214e-13,0.13262249443207128,0.03726380490294119,0.6430247445048185,19.46769325391813,1.0,0.0
6,0.6,0.6071428571428571,0.4,1.0,3.3869157478605416e-12,0.14833518930957684,0.05018211040474097,0.7647191691315899,1.0796084368808667,1.0,0.0
6,0.6,0.6071428571428571,0.4,0.75,3.526609559934002e-12,0.1607293986636971,0.05473943174196196,0.7709663287897845,1.0774374280514938,1.0,0.0
6,0.6,0.6071428571428571,0.4,0.5,2.8306107457964913e-12,0.17671492204899777,0.06097455968697923,0.7796874549087655,1.071859988083312,1.0,0.0
6,0.6,0.6071428571428571,0.4,0.25,1.8756940445285863e-12,0.1995991091314031,0.07034806763198062,0.7922702425273686,1.0609408442046016,1.0,0.0
6,0.6,0.6071428571428571,0.4,0.0,2.5121849045461886e-12,0.24179287305122493,0.08752807197336239,0.8137001375144159,1.0340298471094802,1.0,0.0
6,0.9,0.8928571428571429,0.1,1.0,2.5726434871309323e-12,0.13061804008908687,0.043858930646461174,0.7626511854537766,18.80120211362041,1.0,0.0
6,0.9,0.8928571428571429,0.1,0.75,2.5209279108651117e-12,0.14162583518930957,0.04756104488291573,0.7663957896490052,19.26264803196089,1.0,0.0
6,0.9,0.8928571428571429,0.1,0.5,2.0833335057091062e-12,0.15632516703786192,0.05261038577893887,0.7710849550727517,19.733639047130495,1.0,0.0
6,0.9,0.8928571428571429,0.1,0.25,2.0634882691439316e-12,0.17844097995545657,0.0602725912008209,0.7763951677163157,20.447191698965398,1.0,0.0
6,0.9,0.8928571428571429,0.1,0.0,1.8070267504555204e-12,0.21329621380846325,0.07418133376576982,0.7793471411059507,23.015755634390057,1.0,0.0
6,0.9,0.8928571428571429,0.4,1.0,2.6455573842731894e-12,0.13812360801781737,0.04518777827308486,0.9351892910386195,0.316784454396531,0.825,0.0
6,0.9,0.8928571428571429,0.4,0.75,2.788297370770465e-12,0.14929287305122493,0.04903918100421617,0.9352133003112978,0.32197561553954224,0.85,0.0
6,0.9,0.8928571428571429,0.4,0.5,1.9723112032465906e-12,0.16434855233853007,0.05427559258653391,0.9352955436792518,0.32960544117008256,0.875,0.0
6,0.9,0.8928571428571429,0.4,0.25,2.016720124231597e-12,0.18601893095768374,0.062067101366995316,0.9354029731864163,0.3427564353059563,0.85,0.0
6,0.9,0.8928571428571429,0.4,0.0,1.9140522500293855e-12,0.22259465478841872,0.07598935323047828,0.9359151690672597,0.36851449641086204,0.85,0.0
7,0.25,0.25,0.1,1.0,1.2286144324136217e-12,0.08496102449888641,0.02259687060886748,0.2805472953810773,34.365174527922235,1.0,0.0
7,0.25,0.25,0.1,0.75,1.1865647353559439e-12,0.09038975501113586,0.02420785299176187,0.2856017130978685,34.93285296616972,1.0,0.0
7,0.25,0.25,0.1,0.5,1.2250131464774938e-12,0.09719933184855234,0.026296505444686657,0.29221099367184167,35.685999687074585,1.0,0.0
7,0.25,0.25,0.1,0.25,9.756848107222993e-13,0.10693207126948776,0.02921046128591149,0.30076287049580724,36.832727865730625,1.0,0.0
7,0.25,0.25,0.1,0.0,9.423156699384094e-13,0.12042873051224945,0.03381039768878536,0.3126584806420609,38.99641519771173,1.0,0.0
7,0.25,0.25,0.4,1.0,4.288999710944097e-12,0.17270044543429844,0.06487641470851321,0.7370326749729046,1.367848050732696,1.0,0.0
7,0.25,0.25,0.4,0.75,3.4204444832042213e-12,0.18712138084632518,0.0712120770220364,0.7398261541905802,1.4076467315781593,1.0,0.0
7,0.25,0.25,0.4,0.5,3.56294160841486e-12,0.20665924276169265,0.08001325916113672,0.7437282730388274,1.4627304762682671,1.0,0.0
7,0.25,0.25,0.4,0.25,3.2549796191716496e-12,0.23619710467706012,0.09367697127545097,0.7513005176014571,1.5378792066331985,1.0,0.0
7,0.25,0.25,0.4,0.0,3.007899485041321e-12,0.2929621380846325,0.12033351073647679,0.7730796414905383,1.627076603788959,1.0,0.0
7,0.6,0.6071428571428571,0.1,1.0,1.0631946711914253e-12,0.0957739420935412,0.023769097164331104,0.6185290613883747,15.468630452728247,1.0,0.0
7,0.6,0.6071428571428571,0.1,0.75,1.0598882882462135e-12,0.10185412026726058,0.02546825032880714,0.6158605012776374,15.769096159882233,1.0,0.0
7,0.6,0.6071428571428571,0.1,0.5,9.534387168663727e-13,0.10964922048997773,0.027669148249716415,0.6138048318977525,16.162900091326872,1.0,0.0
7,0.6,0.6071428571428571,0.1,0.25,7.717923522498893e-13,0.11984409799554566,0.03071449335413707,0.6132459734704668,16.68843877549418,1.0,0.0
7,0.6,0.6071428571428571,0.1,0.0,8.152575836639642e-13,0.13594654788418709,0.03542998105394017,0.6153449827460633,17.343812121770004,1.0,0.0
7,0.6,0.6071428571428571,0.4,1.0,2.8769764348623994e-12,0.14724387527839644,0.05138529326785946,0.8124184780755667,0.9072937639057858,0.975,0.0
7,0.6,0.6071428571428571,0.4,0.75,3.0916519344614812e-12,0.15901447661469933,0.056129068338275134,0.8154770840108945,0.9195283638393216,1.0,0.0
7,0.6,0.6071428571428571,0.4,0.5,2.7297053506458724e-12,0.1748552338530067,0.06265019283490254,0.8199443450162056,0.9351727611637304,1.0,0.0
7,0.6,0.6071428571428571,0.4,0.25,2.8817503938682876e-12,0.1988251670378619,0.07252329277313624,0.8276873860465759,0.9509860892629347,1.0,0.0
7,0.6,0.6071428571428571,0.4,0.0,2.6156299348656376e-12,0.24089643652561246,0.09074414632194132,0.8426861860360744,0.9623397135750087,1.0,0.0
7,0.9,0.8928571428571429,0.1,1.0,2.6819865772687024e-12,0.14048440979955457,0.044179024920665395,0.7504484722463634,18.44461825664763,1.0,0.0
7,0.9,0.8928571428571429,0.1,0.75,2.435801560451978e-12,0.15115812917594654,0.04801046289370632,0.75536395265941,18.776288431249142,1.0,0.0
7,0.9,0.8928571428571429,0.1,0.5,2.089994843856857e-12,0.16519487750556794,0.05317858088999311,0.7601129604047466,19.43365401570184,1.0,0.0
7,0.9,0.8928571428571429,0.1,0.25,2.2216672945774008e-12,0.18528953229398665,0.06081493951481903,0.7651891788867937,20.534559405329436,1.0,0.0
7,0.9,0.8928571428571429,0.1,0.0,1.7729012702361047e-12,0.217956570155902,0.07435701355292842,0.772778426600027,22.760423252009254,1.0,0.0
7,0.9,0.8928571428571429,0.4,1.0,3.004166360121019e-12,0.13856904231625836,0.04506093802250552,0.9210426885106634,0.3546127405481703,0.85,0.0
7,0.9,0.8928571428571429,0.4,0.75,2.789060649099895e-12,0.14960467706013364,0.04894325773439549,0.9212445762980952,0.3634656506152357,0.875,0.0
7,0.9,0.8928571428571429,0.4,0.5,2.8208824165432134e-12,0.16458240534521157,0.05420813699740582,0.9218549704970901,0.3744926907766122,0.875,0.0
7,0.9,0.8928571428571429,0.4,0.25,2.0200924266688958e-12,0.185684855233853,0.062051416223378716,0.9234699300566599,0.38732658056354163,0.9,0.0
7,0.9,0.8928571428571429,0.4,0.0,1.9411972029814706e-12,0.22297327394209354,0.07611454462657423,0.9272425528207187,0.40353470778238104,0.925,0.0
8,0.25,0.25,0.1,1.0,1.0899822711074592e-12,0.08610801781737194,0.022109821955875644,0.2593370984836144,36.65990480895098,1.0,0.0
8,0.25,0.25,0.1,0.75,1.1263906474212604e-12,0.09150890868596882,0.02366775045998214,0.2620634027617106,37.08055152151521,1.0,0.0
8,0.25,0.25,0.1,0.5,1.0551282070281331e-12,0.09833518930957684,0.025673397185567912,0.26576229353087644,37.619877304416285,1.0,0.0
8,0.25,0.25,0.1,0.25,9.461251226916545e-13,0.10717706013363029,0.028431454587192914,0.2704681340179677,38.54329445920446,1.0,0.0
8,0.25,0.25,0.1,0.0,9.005018952734645e-13,0.12053452115812918,0.03265775836376065,0.27704304740135216,39.97288972854639,1.0,0.0
8,0.25,0.25,0.4,1.0,4.420061539001097e-12,0.1706291759465479,0.06454630740269535,0.7081103117204616,1.5823184649107354,1.0,0.0
8,0.25,0.25,0.4,0.75,3.8262726320681395e-12,0.18561804008908686,0.07050103261899794,0.7132285245011705,1.6015363209638824,1.0,0.0
8,0.25,0.25,0.4,0.5,3.831907013918112e-12,0.20608017817371937,0.0787603868083705,0.7200024152553068,1.6256704810203042,1.0,0.0
8,0.25,0.25,0.4,0.25,3.0415392426874632e-12,0.23645879732739422,0.09153373970500576,0.7306213128744944,1.6527521294059881,1.0,0.0
8,0.25,0.25,0.4,0.0,2.8982094502083555e-12,0.2938530066815145,0.11654379673950058,0.7538604072189411,1.6743550177113364,1.0,0.0
8,0.6,0.6071428571428571,0.1,1.0,1.1086097317924981e-12,0.09244988864142539,0.023842550102807235,0.6036688694828946,17.52933067231247,1.0,0.0
8,0.6,0.6071428571428571,0.1,0.75,9.928793898161814e-13,0.09850779510022271,0.025633134054361347,0.604022684642463,17.771850651945694,1.0,0.0
8,0.6,0.6071428571428571,0.1,0.5,9.50725609349945e-13,0.10624721603563475,0.02796199914225432,0.6051726744125993,18.11263751932126,1.0,0.0
8,0.6,0.6071428571428571,0.1,0.25,9.453549054683208e-13,0.11633630289532294,0.0311810865331267,0.6082926902360217,18.668183197938756,1.0,0.0
8,0.6,0.6071428571428571,0.1,0.0,8.581399479901108e-13,0.13220489977728286,0.036135528719482654,0.6154616714345201,19.323762435195654,1.0,0.0
8,0.6,0.6071428571428571,0.4,1.0,3.177375029750351e-12,0.14824053452115812,0.05042256870194069,0.7830298790378324,0.9457282919122753,0.975,0.0
8,0.6,0.6071428571428571,0.4,0.75,2.973940538275599e-12,0.16060133630289533,0.054975319623434854,0.7866608807011373,0.9643764883555177,0.975,0.0
8,0.6,0.6071428571428571,0.4,0.5,2.977521007530015e-12,0.17708240534521158,0.06122516922762031,0.7917192805390566,0.9863709740672871,1.0,0.0
8,0.6,0.6071428571428571,0.4,0.25,2.4527185837897036e-12,0.20143652561247216,0.07066088169368101,0.8000733452095554,1.0070459322228378,1.0,0.0
8,0.6,0.6071428571428571,0.4,0.0,2.533612208921454e-12,0.24451002227171492,0.08807470323181751,0.8156618864215424,1.0192984379777932,1.0,0.0
8,0.9,0.8928571428571429,0.1,1.0,3.0130203887424045e-12,0.13579621380846324,0.04218138778401147,0.7335097371788649,20.15557995086723,1.0,0.0
8,0.9,0.8928571428571429,0.1,0.75,2.7237934130397434e-12,0.14580734966592426,0.045771323302447035,0.7400859791404174,20.17739307906282,1.0,0.0
8,0.9,0.8928571428571429,0.1,0.5,2.5040247653151937e-12,0.16007238307349667,0.05067983008951403,0.7487154785067403,20.302993612606976,1.0,0.0
8,0.9,0.8928571428571429,0.1,0.25,2.0267537648166467e-12,0.18120267260579065,0.058112112983347265,0.7600401437082521,20.609223729058357,1.0,0.0
8,0.9,0.8928571428571429,0.1,0.0,1.778119318451843e-12,0.21591870824053452,0.07185123469072906,0.7733417061710582,21.994947140079976,1.0,0.0
8,0.9,0.8928571428571429,0.4,1.0,2.6809388042892124e-12,0.13487750556792874,0.04412519071012424,0.9180590537001835,0.36517578457093197,0.875,0.0
8,0.9,0.8928571428571429,0.4,0.75,2.1140450501277996e-12,0.14638084632516704,0.04791133891348275,0.9190360937943914,0.36638186437278664,0.85,0.0
8,0.9,0.8928571428571429,0.4,0.5,2.434816237517623e-12,0.16142538975501114,0.053061099126455714,0.9202214874718011,0.36984197243069483,0.85,0.0
8,0.9,0.8928571428571429,0.4,0.25,1.8102463972269334e-12,0.18393652561247217,0.06077989786312998,0.9218515783339819,0.3771359524309091,0.875,0.0
8,0.9,0.8928571428571429,0.4,0.0,1.9504120540858594e-12,0.22207126948775055,0.07473250188339042,0.9250264385970111,0.3909537217532811,0.85,0.0
9,0.25,0.25,0.1,1.0,1.22633847521314e-12,0.0815478841870824,0.022716336497399365,0.2429358264203011,41.55220583702819,1.0,0.0
9,0.25,0.25,0.1,0.75,1.096275847878303e-12,0.08672048997772829,0.024233035548703687,0.2509065672997435,41.92693192885596,1.0,0.0
9,0.25,0.25,0.1,0.5,1.0531853167350391e-12,0.0931347438752784,0.026157676419386534,0.2597099634567523,42.386107177202845,1.0,0.0
9,0.25,0.25,0.1,0.25,1.0057926713713528e-12,0.10237193763919822,0.0287636467215232,0.2696909209256279,43.09591136223026,1.0,0.0
9,0.25,0.25,0.1,0.0,9.135053824493866e-13,0.11541202672605791,0.03273632548862059,0.2821203453148374,44.35683149236756,1.0,0.0
9,0.25,0.25,0.4,1.0,4.279285259478627e-12,0.16869710467706014,0.06357784742100644,0.7245503044105637,1.4644985640787875,1.0,0.0
9,0.25,0.25,0.4,0.75,3.4196118159357525e-12,0.18347995545657014,0.06971390946649411,0.7301286737660428,1.491394672448485,1.0,0.0
9,0.25,0.25,0.4,0.5,3.1226687902119465e-12,0.2028730512249443,0.07823494277493503,0.7382853176873896,1.5257431686671856,1.0,0.0
9,0.25,0.25,0.4,0.25,3.746031262963356e-12,0.23279510022271716,0.0913411201770398,0.750944297687268,1.5685381296962468,1.0,0.0
9,0.25,0.25,0.4,0.0,2.9261038037020626e-12,0.29005567928730513,0.11673014438150316,0.7717126406257777,1.6392459786011024,1.0,0.0
9,0.6,0.6071428571428571,0.1,1.0,1.0467529620861171e-12,0.09115256124721603,0.02578271996214919,0.6751628737646648,17.201386141957926,1.0,0.0
9,0.6,0.6071428571428571,0.1,0.75,1.0029962971280781e-12,0.09717149220489978,0.02742789427901764,0.6716512146735766,17.582871951179293,1.0,0.0
9,0.6,0.6071428571428571,0.1,0.5,8.262071582443298e-13,0.10463251670378619,0.029529008276710348,0.6678047429627033,18.08021619776722,1.0,0.0
9,0.6,0.6071428571428571,0.1,0.25,8.752026880998187e-13,0.11531180400890868,0.03240769991068933,0.6638554652296806,18.59376988787071,1.0,0.0
9,0.6,0.6071428571428571,0.1,0.0,8.566550246946747e-13,0.13076837416481069,0.03680128095697044,0.661047174009057,19.116621165791013,1.0,0.0
9,0.6,0.6071428571428571,0.4,1.0,2.7498697763306268e-12,0.1471325167037862,0.05125554451457028,0.7797821631526556,1.020222417388691,0.975,0.0
9,0.6,0.6071428571428571,0.4,0.75,2.790476183456292e-12,0.15844097995545656,0.05580047450657299,0.7850699254956813,1.0237384825214317,1.0,0.0
9,0.6,0.6071428571428571,0.4,0.5,2.7460950180469013e-12,0.17456570155902004,0.06199206503545104,0.7925137440822663,1.0248317339822597,1.0,0.0
9,0.6,0.6071428571428571,0.4,0.25,2.664354847858874e-12,0.19801781737193763,0.07129076420469788,0.8029094406330706,1.0250167702613346,1.0,0.0
9,0.6,0.6071428571428571,0.4,0.0,2.442296365146035e-12,0.23988307349665924,0.08830243707305739,0.8197597518455723,1.0230729649218762,1.0,0.0
9,0.9,0.8928571428571429,0.1,1.0,2.915521990498604e-12,0.13469376391982182,0.04428255747100841,0.7634276482424406,18.629460177768497,1.0,0.0
9,0.9,0.8928571428571429,0.1,0.75,2.4471397130909622e-12,0.1433685968819599,0.04801175266473197,0.7678704940360441,19.12852763589476,1.0,0.0
9,0.9,0.8928571428571429,0.1,0.5,2.308486735103088e-12,0.15574610244988865,0.052965734595627166,0.77204396953616,19.917365663725604,1.0,0.0
9,0.9,0.8928571428571429,0.1,0.25,1.869074339744259e-12,0.17544543429844098,0.06022094859222767,0.7764482297575881,21.04345899588725,1.0,0.0
9,0.9,0.8928571428571429,0.1,0.0,1.759717371818681e-12,0.21157015590200445,0.07324474350351795,0.7807444634587904,23.15292571848782,1.0,0.0
9,0.9,0.8928571428571429,0.4,1.0,2.5273047543628024e-12,0.13869710467706015,0.044456090893060234,0.9143845302094716,0.3279319188092374,0.875,0.0
9,0.9,0.8928571428571429,0.4,0.75,2.6476598691260733e-12,0.14938195991091313,0.048421332724304746,0.9166679731934239,0.3333181444959273,0.875,0.0
9,0.9,0.8928571428571429,0.4,0.5,2.2754853556961052e-12,0.16393652561247216,0.053797636143656374,0.9193756891225833,0.3413469097531483,0.875,0.0
9,0.9,0.8928571428571429,0.4,0.25,1.9379220450588264e-12,0.1855902004454343,0.061797645651023476,0.9229505414258241,0.3531060206101948,0.875,0.0
9,0.9,0.8928571428571429,0.4,0.0,2.00228722491147e-12,0.2229064587973274,0.07598114164669753,0.9287597505011617,0.3716802823085214,0.85,0.0
10,0.25,0.25,0.1,1.0,1.212210887224785e-12,0.08041759465478841,0.02186510372981109,0.3503224148701923,32.79397680017505,1.0,0.0
10,0.25,0.25,0.1,0.75,1.0619075063722505e-12,0.08652561247216035,0.023589208282626468,0.35030324658987166,33.65956760343219,1.0,0.0
10,0.25,0.25,0.1,0.5,1.1928652510206916e-12,0.09419265033407573,0.02582312287459634,0.35101713372059956,34.672749190979715,1.0,0.0
10,0.25,0.25,0.1,0.25,1.0620462842503287e-12,0.10421492204899778,0.028892983167204497,0.35327397933245236,35.952306110733865,1.0,0.0
10,0.25,0.25,0.1,0.0,9.77121161760408e-13,0.12008351893095769,0.033668603046768004,0.3584330379911838,37.62498836075213,1.0,0.0
10,0.25,0.25,0.4,1.0,4.544656317939655e-12,0.17126948775055678,0.06442057273139676,0.7201558158736355,1.471929205955973,1.0,0.0
10,0.25,0.25,0.4,0.75,4.289013588731905e-12,0.1865478841870824,0.07059709554141277,0.7248710381240908,1.494179432269894,1.0,0.0
10,0.25,0.25,0.4,0.5,3.873346088312246e-12,0.20724387527839644,0.07919868886516993,0.73112010288268,1.5249245336275035,1.0,0.0
10,0.25,0.25,0.4,0.25,3.518463298490815e-12,0.23869710467706012,0.09253520257057728,0.7412425376551097,1.570723916600034,1.0,0.0
10,0.25,0.25,0.4,0.0,2.952332822658832e-12,0.29497772828507796,0.11844521274914442,0.7613423421838784,1.6433386474585605,1.0,0.0
10,0.6,0.6071428571428571,0.1,1.0,1.0792824967076342e-12,0.0919543429844098,0.025078632848209034,0.6209121005722281,18.10856335864728,1.0,0.0
10,0.6,0.6071428571428571,0.1,0.75,1.1014453238367139e-12,0.09831291759465478,0.02692198451915091,0.6247989204048741,18.334179065031616,1.0,0.0
10,0.6,0.6071428571428571,0.1,0.5,1.0015530071960654e-12,0.10635857461024499,0.02929332082518471,0.629306014538343,18.586429793979903,1.0,0.0
10,0.6,0.6071428571428571,0.1,0.25,8.413478247426553e-13,0.11766703786191536,0.03253904352510937,0.6348795591518388,18.91152625178336,1.0,0.0
10,0.6,0.6071428571428571,0.1,0.0,8.794631689568178e-13,0.13360801781737194,0.03743062301600581,0.6418183212608237,19.463096566727568,1.0,0.0
10,0.6,0.6071428571428571,0.4,1.0,2.9911767507329046e-12,0.1434465478841871,0.04981861543407499,0.7893621398682739,1.0171941284699968,0.975,0.0
10,0.6,0.6071428571428571,0.4,0.75,2.9334173978767808e-12,0.15610801781737194,0.05435025020482924,0.7935492172533429,1.0182205438291145,0.975,0.0
10,0.6,0.6071428571428571,0.4,0.5,3.6142894233037737e-12,0.17318485523385302,0.06057087765789464,0.7996482705000921,1.0162455975166704,0.975,0.0
10,0.6,0.6071428571428571,0.4,0.25,2.267949716916462e-12,0.1986469933184855,0.07004576545985698,0.8083497430841249,1.0146972639561962,0.975,0.0
10,0.6,0.6071428571428571,0.4,0.0,2.5309476736623537e-12,0.24288975501113585,0.08781756097893825,0.8232965301419394,1.0151498076417804,1.0,0.0
10,0.9,0.8928571428571429,0.1,1.0,2.630930195923753e-12,0.13031180400890868,0.04290688969140729,0.7341183692226319,18.35365321326931,1.0,0.0
10,0.9,0.8928571428571429,0.1,0.75,2.4167612355796564e-12,0.1398162583518931,0.0466970219212936,0.7403863890048511,19.007388343499873,1.0,0.0
10,0.9,0.8928571428571429,0.1,0.5,2.176259172870232e-12,0.15411469933184854,0.051802422183804986,0.7472703507309738,19.834425522836046,1.0,0.0
10,0.9,0.8928571428571429,0.1,0.25,2.034511448201215e-12,0.17658685968819599,0.05948335152288069,0.7556644092656737,20.919757704085313,1.0,0.0
10,0.9,0.8928571428571429,0.1,0.0,1.7932044737989372e-12,0.21201002227171492,0.07329657656245366,0.7644186680784824,23.490331705678432,1.0,0.0
10,0.9,0.8928571428571429,0.4,1.0,2.6723345758483674e-12,0.13248886414253896,0.044561303166546135,0.9220206980541921,0.35385642719405935,0.925,0.0
10,0.9,0.8928571428571429,0.4,0.75,2.462349768528327e-12,0.14348552338530066,0.04842397959335513,0.9230996013693211,0.35950732531019824,0.95,0.0
10,0.9,0.8928571428571429,0.4,0.5,2.4319574132292132e-12,0.15847438752783966,0.05366338925531772,0.9246699734895792,0.365949705596203,0.95,0.0
10,0.9,0.8928571428571429,0.4,0.25,2.125383202766784e-12,0.17997216035634744,0.061454871943583914,0.9268749661053035,0.3744931844893098,0.95,0.0
10,0.9,0.8928571428571429,0.4,0.0,1.978556207760107e-12,0.21933184855233853,0.07540454405671286,0.9299167344385337,0.391572151297355,0.925,0.0
