integrator,opposed,cancel,amplify,mean_d_A,mean_d_B,mean_d_AB,cell_type,side,n_aversive_mbons,n_appetitive_mbons
720575940615166111,0.9833333333333333,0.2833333333333333,0.0,-0.5660267851167207,0.30247767070760756,-0.18961578053896663,LHPV10d1,right,13,8
720575940621766938,0.95,0.45,0.0,0.20426340932702483,-0.26578627433189267,-0.00995229776827507,LAL159,right,4,5
720575940645239844,0.9333333333333333,0.55,0.0,0.04689104043284586,-0.03603908307291782,0.014212681469407979,"LAL173,LAL174",left,2,2
720575940631177803,0.9166666666666666,0.38333333333333336,0.0,0.34187646521874987,-0.21924396752386263,0.09361541967457589,MBON24,left,4,6
720575940626385182,0.8666666666666667,0.15,0.0,-0.631340438454934,0.2511503194179678,-0.2616221424471087,CB3112,right,5,2
720575940627047185,0.85,0.36666666666666664,0.0,-0.0734614348589426,0.048955867945882615,-0.023396329999388153,SMP030,right,3,7
720575940615651670,0.8333333333333334,0.5,0.0,0.03212087291418132,-0.044416497444339974,0.0014434417748083012,"LAL171,LAL172",left,3,2
720575940626654041,0.8166666666666667,0.4,0.0,-0.1506313901955591,0.08145626747099448,-0.05018464998063599,LAL185,right,3,6
720575940617828893,0.8,0.26666666666666666,0.0,-0.1029661431881118,0.1725083468625092,0.0324571208684554,CB1308,right,10,4
720575940629981440,0.8,0.4166666666666667,0.0,0.5257565979641342,-0.18469515408933973,0.24850528085717843,MBON26,left,4,8
720575940617071372,0.7833333333333333,0.21666666666666667,0.0,0.8570367091329658,-0.38028065590530546,0.3184086255618008,CRE050,left,6,14
720575940605625958,0.7666666666666667,0.2833333333333333,0.0,-0.14476993381398115,0.28936143642747314,0.07471610856888967,CB1870,right,6,4
720575940637966682,0.7666666666666667,0.3,0.0,-0.2712483028361421,0.7339625217996019,0.28744907432567196,LHAV3k1,right,5,3
720575940645716771,0.75,0.43333333333333335,0.0,0.050335583209731166,-0.029455883309315027,0.02159975577358857,"LAL171,LAL172",left,2,2
720575940628773711,0.75,0.18333333333333332,0.0,-0.29985545592947577,0.10455848320928804,-0.1317304953423694,SIP019,right,9,4
720575940624169255,0.7,0.16666666666666666,0.0,-0.3682322837681416,0.10986837649620397,-0.16653738929106385,SMP031,right,9,10
720575940639917400,0.6833333333333333,0.4,0.0,-0.15349728887253136,0.7306648401572498,0.33943045525448134,CB3369,right,6,9
720575940642506459,0.6833333333333333,0.3333333333333333,0.0,-0.30674335977846295,0.0681780842407413,-0.16531601172232824,LHPV5e3,right,15,9
720575940617532089,0.6666666666666666,0.3,0.0,1.2245549259396122,-0.17456249555085682,0.7013852185916009,CRE050,right,5,11
720575940621667711,0.5833333333333334,0.25,0.0,-0.5355859578526343,-0.01083751360541601,-0.35000257074082364,LAL129,right,2,5
720575940659019649,0.5833333333333334,0.3,0.0,0.11227515004867673,-0.027608891637437984,0.06585230876181064,"LAL171,LAL172",right,2,2
720575940625934094,0.5666666666666667,0.21666666666666667,0.0,-0.029401706845452957,0.13513783560086434,0.06690440022099171,DPM,right,20,21
720575940630644727,0.5666666666666667,0.35,0.0,-0.03603776087539757,0.5099935533394837,0.2647202209137866,SMP163,right,3,4
720575940623387786,0.55,0.2833333333333333,0.0,-0.13303531362697324,-0.002913187202723155,-0.08837298269295397,SMP177,left,7,9
720575940624891941,0.55,0.26666666666666666,0.0,0.10296621777281652,-0.016357840720318977,0.0651369313785282,"LAL171,LAL172",right,2,3
720575940636489140,0.5333333333333333,0.26666666666666666,0.0,-0.10805215790337577,0.0504929524081194,-0.03401920874436834,LHCENT3,left,5,9
720575940624449318,0.48333333333333334,0.26666666666666666,0.03333333333333333,-0.07901630085648442,-0.0062585164157176664,-0.06453761890050086,SIP087,left,10,6
720575940621129607,0.4666666666666667,0.23333333333333334,0.0,-0.3758925682146954,0.04492861553912235,-0.21595912412043136,LHCENT9,left,3,2
720575940624155672,0.43333333333333335,0.16666666666666666,0.0,-0.19697973751836015,-0.0028179045024659148,-0.13164702403974518,LHPV5e1,left,6,7
720575940622930200,0.43333333333333335,0.31666666666666665,0.0,-0.012168950880072379,0.4778736475349939,0.27886968743053014,CB3369,right,6,5
720575940639939712,0.4166666666666667,0.26666666666666666,0.0,-0.03798844552701453,-0.4566629709412849,-0.2835304588154536,LHPV7c1,right,8,7
720575940624206472,0.4166666666666667,0.23333333333333334,0.0,0.019886489191222125,0.2854402899710982,0.17106824320949723,AL-MBDL1,right,7,12
720575940617691170,0.4166666666666667,0.18333333333333332,0.0,0.8813326238077185,0.10166570053393094,0.6464988126837732,PPL101,right,13,8
720575940621684358,0.36666666666666664,0.13333333333333333,0.05,-0.23548690523317745,-0.04409108489267899,-0.18706770260019734,SIP087,right,10,8
720575940632457514,0.36666666666666664,0.18333333333333332,0.0,-3.15564467196507,-0.25363990680357895,-2.225714389977908,SIP088,right,10,6
720575940624544748,0.35,0.1,0.0,-0.3925969504799006,-0.06123417617355335,-0.3000651716743831,LHPD5d1,right,17,11
720575940621589887,0.35,0.15,0.0,-0.5100227458644602,-0.05560797176831689,-0.37210483545458506,LHPV10d1,left,11,8
720575940619709899,0.31666666666666665,0.2,0.0,-0.33728654992082485,-0.035667416388321466,-0.24216407806113885,SIP029,right,9,6
720575940625990500,0.3,0.15,0.0,0.04471977972964249,0.3006925956792582,0.19644184351500252,SMP586,right,4,8
720575940627808122,0.26666666666666666,0.11666666666666667,0.0,-0.08248884980828788,-0.011627607456482676,-0.06121660015982632,CB2357,right,3,5
720575940653480438,0.26666666666666666,0.18333333333333332,0.03333333333333333,-0.0765692860410411,-0.17663102695717076,-0.1446907020416789,CRE100,right,5,11
720575940622999688,0.25,0.2,0.0,-0.558155292125038,-0.09855076466590143,-0.41295090119017386,LHPV5e1,right,11,12
720575940620402345,0.21666666666666667,0.06666666666666667,0.0,-0.10588414737231908,-0.021881542929900903,-0.08212213154990121,CB2357,right,5,7
720575940618551481,0.21666666666666667,0.18333333333333332,0.11666666666666667,0.13604864616412363,0.2926335567968986,0.23003306352389039,LHPV4m1,left,9,9
720575940613792296,0.18333333333333332,0.1,0.0,0.12241604856414026,0.4483201470280763,0.36348877137736996,LHMB1,right,13,8
720575940610167665,0.15,0.05,0.0,-0.07466903701739855,-0.020198490466221776,-0.06052726904117674,CB2357,right,5,5
720575940628510480,0.15,0.1,0.03333333333333333,-0.22968353964518284,-0.06484882459639678,-0.1869231380784344,LHPD5d1,right,11,11
720575940623636957,0.11666666666666667,0.08333333333333333,0.0,-1.76515144203837,-0.558296997324556,-1.5028649528584692,LHCENT9,right,11,5
720575940619245016,0.1,0.06666666666666667,0.0,0.03888259555349387,0.10864438382473537,0.08673456308484898,PPL107,right,10,8
720575940628734376,0.1,0.03333333333333333,0.0,1.2772127230376877,0.3707201426258662,1.058640397981166,MBON04,right,3,9
720575940631154396,0.1,0.05,0.0,-0.14061890577644612,-0.5165579965933949,-0.3840128709989446,LHPV7c1,right,7,8
720575940637098352,0.1,0.06666666666666667,0.0,0.3025114349063299,1.2335104415772529,0.9142721133220602,LHCENT3,right,8,16
720575940605007206,0.08333333333333333,0.05,0.0,-0.1912164364606182,-0.06725313681601693,-0.16331075291163927,CRE102,right,4,12
720575940615886534,0.08333333333333333,0.06666666666666667,0.016666666666666666,-1.9476213968569767,-0.7022843937436795,-1.7135080208419933,LHCENT6,right,6,3
720575940624911548,0.05,0.016666666666666666,0.05,0.8919811442573905,1.0177084199661584,1.1679085991730962,LHCENT4,right,14,9
720575940627008954,0.016666666666666666,0.0,0.03333333333333333,-0.10282979292581544,-0.05715230054579809,-0.1018270527531944,CB2357,right,4,5
720575940632732845,0.016666666666666666,0.0,0.0,-0.1026577594165808,-0.041389374884346256,-0.09077359027613231,CB2357,right,4,6
720575940613583001,0.016666666666666666,0.0,0.0,3.925328853590845,1.3917417590004926,3.3821420337567014,APL,right,23,23
720575940633626337,0.016666666666666666,0.0,0.03333333333333333,-0.36289047159288107,-0.5118042822467539,-0.5588490483961418,LHCENT2,right,13,5
720575940606664894,0.0,0.0,0.13333333333333333,-1.051333443770479,-1.1759484953570116,-1.3655487723294353,CRE042,right,8,14
720575940619134789,0.0,0.0,0.0,-0.40286165331715285,-0.16091907919163695,-0.35656401070840665,SMP177,right,14,14
720575940617577702,0.0,0.0,0.03333333333333333,-0.16944425422365852,-0.2242897574141799,-0.24421183168445207,CB1079,right,4,7
720575940612281586,0.0,0.0,0.016666666666666666,-0.1586074853067229,-0.45652496456078495,-0.3684062190595992,CRE022,right,10,8
720575940615409150,0.0,0.0,0.016666666666666666,-0.06367429148869493,-0.12270116592551832,-0.11556103601039311,WEDPN4,right,5,3
720575940619979387,0.0,0.0,0.15,0.3290766119493618,0.3274604363547304,0.41875291514262364,SMPp&v1A_S02,left,3,7
720575940619814997,0.0,0.0,0.016666666666666666,0.42437145186801534,0.8304176928540631,0.7424409930726491,SMP075b,right,8,8
720575940620252075,0.0,0.0,0.13333333333333333,-0.4720492432083835,-0.5652998426783669,-0.6475707184349198,LHPV4m1,right,12,11
720575940623891637,0.0,0.0,0.18333333333333332,-0.09488894530343693,-0.09122803175749275,-0.11649779699229354,CB1079,right,6,5
720575940627619057,0.0,0.0,0.08333333333333333,0.8770637254856417,0.9803200784569255,1.1865407056111927,SMPp&v1A_S02,right,9,14
720575940627486485,0.0,0.0,0.13333333333333333,-0.09908056988638049,-0.10704602341780502,-0.12563749120706127,CB4159,right,5,8
720575940627109202,0.0,0.0,0.13333333333333333,-0.1097257082317288,-0.10356387472107152,-0.1339902101591517,CB1079,right,3,5
720575940624803511,0.0,0.0,0.05,-0.2581220974104827,-0.37765299024254845,-0.3892577207643876,CB2018,right,4,5
720575940624547622,0.0,0.0,0.03333333333333333,3.0207528051981383,1.6088619182889452,2.947008307963254,APL,left,4,9
720575940628342171,0.0,0.0,0.03333333333333333,-0.496906034632052,-0.3024043705716269,-0.49802894695633737,CRE077,right,10,7
720575940628455942,0.0,0.0,0.0,-2.5822996313263653,-1.3045796000041525,-2.4055344373630816,CRE011,right,10,8
720575940629947964,0.0,0.0,0.1,-0.15548759780138216,-0.20588803364258765,-0.22344314843368887,CB1079,right,7,9
720575940631758393,0.0,0.0,0.03333333333333333,0.036044050562224546,0.03806941286521363,0.04587173007711205,PPL103,right,10,8
720575940631142956,0.0,0.0,0.11666666666666667,-0.545722613680764,-0.5188174279204399,-0.6472824960888433,CRE048,right,11,7
720575940630765253,0.0,0.0,0.13333333333333333,-0.2076222978860434,-0.23492261540770856,-0.27206202031934396,CB1079,right,5,6
720575940632998028,0.0,0.0,0.03333333333333333,-2.907916268817899,-1.2810778165942318,-2.7184402376354595,CB0687,right,5,4
720575940639505792,0.0,0.0,0.016666666666666666,-0.044127717243001505,-0.08483460341354536,-0.07949124013761454,SIP018,right,6,4
720575940638028607,0.0,0.0,0.08333333333333333,0.8746376222323833,0.7592416956249449,1.028665936660696,MBON06,right,4,7
720575940633333916,0.0,0.0,0.05,-0.3266671864466624,-0.4742446129497457,-0.4910052400453463,CB2018,right,5,6
720575940644849431,0.0,0.0,0.016666666666666666,0.5439792622239658,0.9949250449598076,0.9130246212261676,SMP075a,right,7,6
