odor,control,a,leak,ref_norm
0,learned,0.0,0.036,0.0096853401784478
0,learned,0.5,0.036,0.00906624353888347
0,learned,1.0,0.036,0.009231379072254313
0,learned,2.0,0.044,0.012615422112970807
0,learned,4.0,0.046,0.01807102581843052
0,learned,8.0,0.046,0.020051538228138235
0,random,0.0,0.006,0.0096853401784478
0,random,0.5,0.006,0.00906624353888347
0,random,1.0,0.006,0.009231379072254313
0,random,2.0,0.006,0.012615422112970807
0,random,4.0,0.002,0.01807102581843052
0,random,8.0,0.016,0.020051538228138235
0,matched,0.0,0.006,0.0096853401784478
0,matched,0.5,0.006,0.00906624353888347
0,matched,1.0,0.006,0.009231379072254313
0,matched,2.0,0.006,0.012615422112970807
0,matched,4.0,0.002,0.01807102581843052
0,matched,8.0,0.008,0.020051538228138235
2,learned,0.0,0.036,0.007136878179376526
2,learned,0.5,0.036,0.006278306975647423
2,learned,1.0,0.036,0.006778670876801585
2,learned,2.0,0.038,0.010027373479266608
2,learned,4.0,0.034,0.01590958926949456
2,learned,8.0,0.044,0.016093315424800674
2,random,0.0,0.0,0.007136878179376526
2,random,0.5,0.004,0.006278306975647423
2,random,1.0,0.0,0.006778670876801585
2,random,2.0,0.0,0.010027373479266608
2,random,4.0,0.0,0.01590958926949456
2,random,8.0,0.0,0.016093315424800674
2,matched,0.0,0.004,0.007136878179376526
2,matched,0.5,0.004,0.006278306975647423
2,matched,1.0,0.004,0.006778670876801585
2,matched,2.0,0.004,0.010027373479266608
2,matched,4.0,0.0,0.01590958926949456
2,matched,8.0,0.006,0.016093315424800674
3,learned,0.0,0.012,0.027666147371197915
3,learned,0.5,0.012,0.025962975081430258
3,learned,1.0,0.012,0.02472451069702659
3,learned,2.0,0.02,0.03254158114550523
3,learned,4.0,0.012,0.056063319365446854
3,learned,8.0,0.008,0.09304867354143842
3,random,0.0,0.03,0.027666147371197915
3,random,0.5,0.032,0.025962975081430258
3,random,1.0,0.032,0.02472451069702659
3,random,2.0,0.026,0.03254158114550523
3,random,4.0,0.004,0.056063319365446854
3,random,8.0,0.0,0.09304867354143842
3,matched,0.0,0.03,0.027666147371197915
3,matched,0.5,0.03,0.025962975081430258
3,matched,1.0,0.032,0.02472451069702659
3,matched,2.0,0.028,0.03254158114550523
3,matched,4.0,0.016,0.056063319365446854
3,matched,8.0,0.01,0.09304867354143842
4,learned,0.0,0.02,0.0016687288922156488
4,learned,0.5,0.018,0.001715461226720317
4,learned,1.0,0.014,0.003663396257991291
4,learned,2.0,0.012,0.021981139370173593
4,learned,4.0,0.014,0.04854912729586105
4,learned,8.0,0.012,0.06996043318282381
4,random,0.0,0.036,0.0016687288922156488
4,random,0.5,0.036,0.001715461226720317
4,random,1.0,0.0,0.003663396257991291
4,random,2.0,0.0,0.021981139370173593
4,random,4.0,0.0,0.04854912729586105
4,random,8.0,0.0,0.06996043318282381
4,matched,0.0,0.036,0.0016687288922156488
4,matched,0.5,0.036,0.001715461226720317
4,matched,1.0,0.002,0.003663396257991291
4,matched,2.0,0.002,0.021981139370173593
4,matched,4.0,0.008,0.04854912729586105
4,matched,8.0,0.012,0.06996043318282381
5,learned,0.0,0.004,0.10218323682545269
5,learned,0.5,0.006,0.10077389103672352
5,learned,1.0,0.008,0.09965277356482971
5,learned,2.0,0.008,0.09958241680117234
5,learned,4.0,0.008,0.10678076220510252
5,learned,8.0,0.008,0.1383974996466093
5,random,0.0,0.0,0.10218323682545269
5,random,0.5,0.0,0.10077389103672352
5,random,1.0,0.0,0.09965277356482971
5,random,2.0,0.0,0.09958241680117234
5,random,4.0,0.0,0.10678076220510252
5,random,8.0,0.0,0.1383974996466093
5,matched,0.0,0.0,0.10218323682545269
5,matched,0.5,0.002,0.10077389103672352
5,matched,1.0,0.002,0.09965277356482971
5,matched,2.0,0.002,0.09958241680117234
5,matched,4.0,0.002,0.10678076220510252
5,matched,8.0,0.0,0.1383974996466093
7,learned,0.0,0.036,0.0001607926546551397
7,learned,0.5,0.0,0.0
7,learned,1.0,0.004,0.00016915626139853363
7,learned,2.0,0.012,0.00566395895634386
7,learned,4.0,0.024,0.010072944774054758
7,learned,8.0,0.044,0.010506137614928458
7,random,0.0,0.002,0.0001607926546551397
7,random,0.5,0.0,0.0
7,random,1.0,0.0,0.00016915626139853363
7,random,2.0,0.0,0.00566395895634386
7,random,4.0,0.0,0.010072944774054758
7,random,8.0,0.006,0.010506137614928458
7,matched,0.0,0.02,0.0001607926546551397
7,matched,0.5,0.0,0.0
7,matched,1.0,0.008,0.00016915626139853363
7,matched,2.0,0.002,0.00566395895634386
7,matched,4.0,0.0,0.010072944774054758
7,matched,8.0,0.008,0.010506137614928458
8,learned,0.0,0.036,0.013084383996265755
8,learned,0.5,0.036,0.013136787450933942
8,learned,1.0,0.036,0.013402347648206575
8,learned,2.0,0.038,0.014823349257182974
8,learned,4.0,0.046,0.01780545743893677
8,learned,8.0,0.044,0.021282965466099577
8,random,0.0,0.026,0.013084383996265755
8,random,0.5,0.026,0.013136787450933942
8,random,1.0,0.026,0.013402347648206575
8,random,2.0,0.024,0.014823349257182974
8,random,4.0,0.024,0.01780545743893677
8,random,8.0,0.01,0.021282965466099577
8,matched,0.0,0.004,0.013084383996265755
8,matched,0.5,0.004,0.013136787450933942
8,matched,1.0,0.006,0.013402347648206575
8,matched,2.0,0.004,0.014823349257182974
8,matched,4.0,0.004,0.01780545743893677
8,matched,8.0,0.008,0.021282965466099577
9,learned,0.0,0.036,0.014369146260058049
9,learned,0.5,0.036,0.014038773752202999
9,learned,1.0,0.036,0.014037897731978957
9,learned,2.0,0.038,0.01658883850721114
9,learned,4.0,0.046,0.021704629690976855
9,learned,8.0,0.042,0.028231677805847614
9,random,0.0,0.0,0.014369146260058049
9,random,0.5,0.0,0.014038773752202999
9,random,1.0,0.0,0.014037897731978957
9,random,2.0,0.0,0.01658883850721114
9,random,4.0,0.0,0.021704629690976855
9,random,8.0,0.0,0.028231677805847614
9,matched,0.0,0.016,0.014369146260058049
9,matched,0.5,0.016,0.014038773752202999
9,matched,1.0,0.016,0.014037897731978957
9,matched,2.0,0.016,0.01658883850721114
9,matched,4.0,0.014,0.021704629690976855
9,matched,8.0,0.012,0.028231677805847614
10,learned,0.0,0.036,0.002829744446917215
10,learned,0.5,0.036,0.0027310779591403064
10,learned,1.0,0.014,0.004819039611979701
10,learned,2.0,0.01,0.01684490665274789
10,learned,4.0,0.026,0.02737184107416485
10,learned,8.0,0.038,0.030353601477273905
10,random,0.0,0.01,0.002829744446917215
10,random,0.5,0.01,0.0027310779591403064
10,random,1.0,0.002,0.004819039611979701
10,random,2.0,0.0,0.01684490665274789
10,random,4.0,0.0,0.02737184107416485
10,random,8.0,0.0,0.030353601477273905
10,matched,0.0,0.032,0.002829744446917215
10,matched,0.5,0.032,0.0027310779591403064
10,matched,1.0,0.006,0.004819039611979701
10,matched,2.0,0.0,0.01684490665274789
10,matched,4.0,0.002,0.02737184107416485
10,matched,8.0,0.008,0.030353601477273905
13,learned,0.0,0.022,0.013915748458594945
13,learned,0.5,0.024,0.013010035339532553
13,learned,1.0,0.022,0.013681489925324003
13,learned,2.0,0.026,0.018754541388464257
13,learned,4.0,0.032,0.025748614820276586
13,learned,8.0,0.036,0.03080637958938051
13,random,0.0,0.01,0.013915748458594945
13,random,0.5,0.01,0.013010035339532553
13,random,1.0,0.01,0.013681489925324003
13,random,2.0,0.01,0.018754541388464257
13,random,4.0,0.006,0.025748614820276586
13,random,8.0,0.006,0.03080637958938051
13,matched,0.0,0.026,0.013915748458594945
13,matched,0.5,0.026,0.013010035339532553
13,matched,1.0,0.026,0.013681489925324003
13,matched,2.0,0.024,0.018754541388464257
13,matched,4.0,0.012,0.025748614820276586
13,matched,8.0,0.014,0.03080637958938051
14,learned,0.0,0.01,0.0004852663906744887
14,learned,0.5,0.004,0.001036377243864834
14,learned,1.0,0.004,0.001435076360110488
14,learned,2.0,0.018,0.008164243645218134
14,learned,4.0,0.032,0.012551783635604136
14,learned,8.0,0.044,0.017393081340813136
14,random,0.0,0.004,0.0004852663906744887
14,random,0.5,0.006,0.001036377243864834
14,random,1.0,0.012,0.001435076360110488
14,random,2.0,0.002,0.008164243645218134
14,random,4.0,0.004,0.012551783635604136
14,random,8.0,0.002,0.017393081340813136
14,matched,0.0,0.01,0.0004852663906744887
14,matched,0.5,0.006,0.001036377243864834
14,matched,1.0,0.008,0.001435076360110488
14,matched,2.0,0.004,0.008164243645218134
14,matched,4.0,0.004,0.012551783635604136
14,matched,8.0,0.004,0.017393081340813136
15,learned,0.0,0.036,0.013187184463590015
15,learned,0.5,0.036,0.01293180811501905
15,learned,1.0,0.036,0.012901350013832082
15,learned,2.0,0.044,0.016961106478999687
15,learned,4.0,0.044,0.025968393658011214
15,learned,8.0,0.042,0.03602469790709093
15,random,0.0,0.0,0.013187184463590015
15,random,0.5,0.0,0.01293180811501905
15,random,1.0,0.0,0.012901350013832082
15,random,2.0,0.0,0.016961106478999687
15,random,4.0,0.0,0.025968393658011214
15,random,8.0,0.0,0.03602469790709093
15,matched,0.0,0.01,0.013187184463590015
15,matched,0.5,0.012,0.01293180811501905
15,matched,1.0,0.012,0.012901350013832082
15,matched,2.0,0.006,0.016961106478999687
15,matched,4.0,0.006,0.025968393658011214
15,matched,8.0,0.002,0.03602469790709093
16,learned,0.0,0.036,0.012891279914456398
16,learned,0.5,0.036,0.013276021225008844
16,learned,1.0,0.036,0.013707554367495161
16,learned,2.0,0.042,0.017892315462062637
16,learned,4.0,0.044,0.025412393416394587
16,learned,8.0,0.044,0.028201871103239868
16,random,0.0,0.02,0.012891279914456398
16,random,0.5,0.02,0.013276021225008844
16,random,1.0,0.02,0.013707554367495161
16,random,2.0,0.016,0.017892315462062637
16,random,4.0,0.01,0.025412393416394587
16,random,8.0,0.006,0.028201871103239868
16,matched,0.0,0.0,0.012891279914456398
16,matched,0.5,0.0,0.013276021225008844
16,matched,1.0,0.0,0.013707554367495161
16,matched,2.0,0.0,0.017892315462062637
16,matched,4.0,0.0,0.025412393416394587
16,matched,8.0,0.0,0.028201871103239868
17,learned,0.0,0.016,0.029118223834149987
17,learned,0.5,0.016,0.028481095661669262
17,learned,1.0,0.016,0.028661926654070767
17,learned,2.0,0.016,0.03371803116858125
17,learned,4.0,0.02,0.0383536852086063
17,learned,8.0,0.032,0.038820682679551556
17,random,0.0,0.01,0.029118223834149987
17,random,0.5,0.01,0.028481095661669262
17,random,1.0,0.01,0.028661926654070767
17,random,2.0,0.006,0.03371803116858125
17,random,4.0,0.006,0.0383536852086063
17,random,8.0,0.0,0.038820682679551556
17,matched,0.0,0.034,0.029118223834149987
17,matched,0.5,0.034,0.028481095661669262
17,matched,1.0,0.034,0.028661926654070767
17,matched,2.0,0.03,0.03371803116858125
17,matched,4.0,0.026,0.0383536852086063
17,matched,8.0,0.026,0.038820682679551556
19,learned,0.0,0.036,0.014217253693282533
19,learned,0.5,0.036,0.01393833148114989
19,learned,1.0,0.036,0.014596389533328808
19,learned,2.0,0.042,0.02180773578780279
19,learned,4.0,0.036,0.03629583287767816
19,learned,8.0,0.04,0.043746171704594786
19,random,0.0,0.01,0.014217253693282533
19,random,0.5,0.01,0.01393833148114989
19,random,1.0,0.012,0.014596389533328808
19,random,2.0,0.01,0.02180773578780279
19,random,4.0,0.0,0.03629583287767816
19,random,8.0,0.0,0.043746171704594786
19,matched,0.0,0.022,0.014217253693282533
19,matched,0.5,0.022,0.01393833148114989
19,matched,1.0,0.022,0.014596389533328808
19,matched,2.0,0.018,0.02180773578780279
19,matched,4.0,0.0,0.03629583287767816
19,matched,8.0,0.004,0.043746171704594786
20,learned,0.0,0.036,0.004620427726141692
20,learned,0.5,0.036,0.004426209714142021
20,learned,1.0,0.036,0.004548215798551756
20,learned,2.0,0.036,0.010226052632535053
20,learned,4.0,0.034,0.015351337577305614
20,learned,8.0,0.044,0.016585315880802493
20,random,0.0,0.008,0.004620427726141692
20,random,0.5,0.008,0.004426209714142021
20,random,1.0,0.01,0.004548215798551756
20,random,2.0,0.004,0.010226052632535053
20,random,4.0,0.002,0.015351337577305614
20,random,8.0,0.004,0.016585315880802493
20,matched,0.0,0.016,0.004620427726141692
20,matched,0.5,0.02,0.004426209714142021
20,matched,1.0,0.02,0.004548215798551756
20,matched,2.0,0.008,0.010226052632535053
20,matched,4.0,0.002,0.015351337577305614
20,matched,8.0,0.006,0.016585315880802493
21,learned,0.0,0.034,0.011036541357727492
21,learned,0.5,0.034,0.010699861352713731
21,learned,1.0,0.034,0.01099130917574676
21,learned,2.0,0.036,0.015557310559397575
21,learned,4.0,0.032,0.02215753423958456
21,learned,8.0,0.034,0.030734069269283862
21,random,0.0,0.022,0.011036541357727492
21,random,0.5,0.022,0.010699861352713731
21,random,1.0,0.022,0.01099130917574676
21,random,2.0,0.02,0.015557310559397575
21,random,4.0,0.008,0.02215753423958456
21,random,8.0,0.0,0.030734069269283862
21,matched,0.0,0.036,0.011036541357727492
21,matched,0.5,0.036,0.010699861352713731
21,matched,1.0,0.036,0.01099130917574676
21,matched,2.0,0.032,0.015557310559397575
21,matched,4.0,0.03,0.02215753423958456
21,matched,8.0,0.032,0.030734069269283862
22,learned,0.0,0.036,0.010510787952769244
22,learned,0.5,0.036,0.010788328914678668
22,learned,1.0,0.036,0.011059127188453142
22,learned,2.0,0.038,0.014008609607299162
22,learned,4.0,0.044,0.016158742984363386
22,learned,8.0,0.044,0.018107236366808773
22,random,0.0,0.01,0.010510787952769244
22,random,0.5,0.01,0.010788328914678668
22,random,1.0,0.01,0.011059127188453142
22,random,2.0,0.012,0.014008609607299162
22,random,4.0,0.01,0.016158742984363386
22,random,8.0,0.016,0.018107236366808773
22,matched,0.0,0.014,0.010510787952769244
22,matched,0.5,0.014,0.010788328914678668
22,matched,1.0,0.014,0.011059127188453142
22,matched,2.0,0.014,0.014008609607299162
22,matched,4.0,0.014,0.016158742984363386
22,matched,8.0,0.012,0.018107236366808773
23,learned,0.0,0.004,0.029423565033524366
23,learned,0.5,0.006,0.027962117617681657
23,learned,1.0,0.006,0.02698395540690132
23,learned,2.0,0.008,0.03240297694464928
23,learned,4.0,0.012,0.04570270729483333
23,learned,8.0,0.012,0.06338421449269842
23,random,0.0,0.0,0.029423565033524366
23,random,0.5,0.0,0.027962117617681657
23,random,1.0,0.0,0.02698395540690132
23,random,2.0,0.0,0.03240297694464928
23,random,4.0,0.0,0.04570270729483333
23,random,8.0,0.0,0.06338421449269842
23,matched,0.0,0.034,0.029423565033524366
23,matched,0.5,0.034,0.027962117617681657
23,matched,1.0,0.034,0.02698395540690132
23,matched,2.0,0.034,0.03240297694464928
23,matched,4.0,0.034,0.04570270729483333
23,matched,8.0,0.028,0.06338421449269842
26,learned,0.0,0.034,0.014197226310949336
26,learned,0.5,0.034,0.012980804433003411
26,learned,1.0,0.034,0.01347679339461857
26,learned,2.0,0.038,0.021221244243572593
26,learned,4.0,0.036,0.03277084394736835
26,learned,8.0,0.04,0.046214530153924384
26,random,0.0,0.028,0.014197226310949336
26,random,0.5,0.03,0.012980804433003411
26,random,1.0,0.03,0.01347679339461857
26,random,2.0,0.024,0.021221244243572593
26,random,4.0,0.0,0.03277084394736835
26,random,8.0,0.0,0.046214530153924384
26,matched,0.0,0.024,0.014197226310949336
26,matched,0.5,0.024,0.012980804433003411
26,matched,1.0,0.024,0.01347679339461857
26,matched,2.0,0.024,0.021221244243572593
26,matched,4.0,0.0,0.03277084394736835
26,matched,8.0,0.002,0.046214530153924384
28,learned,0.0,0.036,0.04067092074003804
28,learned,0.5,0.036,0.03940489087887898
28,learned,1.0,0.036,0.03895048245240433
28,learned,2.0,0.034,0.04082955718498352
28,learned,4.0,0.038,0.04218294073433339
28,learned,8.0,0.038,0.044114416483721414
28,random,0.0,0.0,0.04067092074003804
28,random,0.5,0.0,0.03940489087887898
28,random,1.0,0.0,0.03895048245240433
28,random,2.0,0.0,0.04082955718498352
28,random,4.0,0.0,0.04218294073433339
28,random,8.0,0.0,0.044114416483721414
28,matched,0.0,0.0,0.04067092074003804
28,matched,0.5,0.0,0.03940489087887898
28,matched,1.0,0.0,0.03895048245240433
28,matched,2.0,0.0,0.04082955718498352
28,matched,4.0,0.0,0.04218294073433339
28,matched,8.0,0.0,0.044114416483721414
29,learned,0.0,0.024,0.04787243249801004
29,learned,0.5,0.026,0.04699260470687676
29,learned,1.0,0.024,0.04628072065921555
29,learned,2.0,0.026,0.04634904453337833
29,learned,4.0,0.03,0.04705156901030701
29,learned,8.0,0.032,0.05434283066683861
29,random,0.0,0.0,0.04787243249801004
29,random,0.5,0.0,0.04699260470687676
29,random,1.0,0.0,0.04628072065921555
29,random,2.0,0.0,0.04634904453337833
29,random,4.0,0.0,0.04705156901030701
29,random,8.0,0.0,0.05434283066683861
29,matched,0.0,0.016,0.04787243249801004
29,matched,0.5,0.016,0.04699260470687676
29,matched,1.0,0.016,0.04628072065921555
29,matched,2.0,0.016,0.04634904453337833
29,matched,4.0,0.014,0.04705156901030701
29,matched,8.0,0.018,0.05434283066683861
30,learned,0.0,0.036,0.0070593384755583384
30,learned,0.5,0.036,0.006819061243636742
30,learned,1.0,0.036,0.006881440765956825
30,learned,2.0,0.044,0.009956011013123267
30,learned,4.0,0.046,0.015449513269338754
30,learned,8.0,0.046,0.02161598404376812
30,random,0.0,0.022,0.0070593384755583384
30,random,0.5,0.022,0.006819061243636742
30,random,1.0,0.022,0.006881440765956825
30,random,2.0,0.018,0.009956011013123267
30,random,4.0,0.012,0.015449513269338754
30,random,8.0,0.008,0.02161598404376812
30,matched,0.0,0.006,0.0070593384755583384
30,matched,0.5,0.006,0.006819061243636742
30,matched,1.0,0.006,0.006881440765956825
30,matched,2.0,0.006,0.009956011013123267
30,matched,4.0,0.0,0.015449513269338754
30,matched,8.0,0.002,0.02161598404376812
31,learned,0.0,0.036,0.010248534831361181
31,learned,0.5,0.036,0.010042120365625304
31,learned,1.0,0.036,0.010053451366609685
31,learned,2.0,0.044,0.0169981810294455
31,learned,4.0,0.04,0.026994565005787743
31,learned,8.0,0.046,0.031060517047012633
31,random,0.0,0.006,0.010248534831361181
31,random,0.5,0.006,0.010042120365625304
31,random,1.0,0.006,0.010053451366609685
31,random,2.0,0.002,0.0169981810294455
31,random,4.0,0.0,0.026994565005787743
31,random,8.0,0.0,0.031060517047012633
31,matched,0.0,0.01,0.010248534831361181
31,matched,0.5,0.01,0.010042120365625304
31,matched,1.0,0.012,0.010053451366609685
31,matched,2.0,0.01,0.0169981810294455
31,matched,4.0,0.008,0.026994565005787743
31,matched,8.0,0.014,0.031060517047012633
32,learned,0.0,0.036,0.014022627667833923
32,learned,0.5,0.036,0.013880282347571068
32,learned,1.0,0.036,0.013839060403929484
32,learned,2.0,0.044,0.01679780624721321
32,learned,4.0,0.046,0.021187400919975907
32,learned,8.0,0.046,0.024561154890454226
32,random,0.0,0.002,0.014022627667833923
32,random,0.5,0.002,0.013880282347571068
32,random,1.0,0.002,0.013839060403929484
32,random,2.0,0.0,0.01679780624721321
32,random,4.0,0.002,0.021187400919975907
32,random,8.0,0.004,0.024561154890454226
32,matched,0.0,0.012,0.014022627667833923
32,matched,0.5,0.012,0.013880282347571068
32,matched,1.0,0.012,0.013839060403929484
32,matched,2.0,0.012,0.01679780624721321
32,matched,4.0,0.008,0.021187400919975907
32,matched,8.0,0.004,0.024561154890454226
33,learned,0.0,0.036,0.02132853693848159
33,learned,0.5,0.036,0.021069421727646604
33,learned,1.0,0.036,0.021271711635592286
33,learned,2.0,0.038,0.02489926415422443
33,learned,4.0,0.042,0.027808194798902976
33,learned,8.0,0.044,0.030790000057671362
33,random,0.0,0.0,0.02132853693848159
33,random,0.5,0.0,0.021069421727646604
33,random,1.0,0.0,0.021271711635592286
33,random,2.0,0.0,0.02489926415422443
33,random,4.0,0.0,0.027808194798902976
33,random,8.0,0.0,0.030790000057671362
33,matched,0.0,0.0,0.02132853693848159
33,matched,0.5,0.0,0.021069421727646604
33,matched,1.0,0.0,0.021271711635592286
33,matched,2.0,0.0,0.02489926415422443
33,matched,4.0,0.0,0.027808194798902976
33,matched,8.0,0.002,0.030790000057671362
37,learned,0.0,0.036,0.010238852116030246
37,learned,0.5,0.036,0.009202021340265052
37,learned,1.0,0.036,0.008279168664303737
37,learned,2.0,0.042,0.013370752279138223
37,learned,4.0,0.034,0.022156016428710207
37,learned,8.0,0.044,0.02630035183850839
37,random,0.0,0.002,0.010238852116030246
37,random,0.5,0.002,0.009202021340265052
37,random,1.0,0.002,0.008279168664303737
37,random,2.0,0.002,0.013370752279138223
37,random,4.0,0.0,0.022156016428710207
37,random,8.0,0.008,0.02630035183850839
37,matched,0.0,0.008,0.010238852116030246
37,matched,0.5,0.008,0.009202021340265052
37,matched,1.0,0.008,0.008279168664303737
37,matched,2.0,0.01,0.013370752279138223
37,matched,4.0,0.004,0.022156016428710207
37,matched,8.0,0.012,0.02630035183850839
39,learned,0.0,0.036,0.037813427326980356
39,learned,0.5,0.036,0.03658640631682395
39,learned,1.0,0.036,0.03611699127107842
39,learned,2.0,0.036,0.03915479888867985
39,learned,4.0,0.04,0.04627009921262119
39,learned,8.0,0.04,0.05790575876723676
39,random,0.0,0.002,0.037813427326980356
39,random,0.5,0.004,0.03658640631682395
39,random,1.0,0.004,0.03611699127107842
39,random,2.0,0.002,0.03915479888867985
39,random,4.0,0.0,0.04627009921262119
39,random,8.0,0.0,0.05790575876723676
39,matched,0.0,0.01,0.037813427326980356
39,matched,0.5,0.01,0.03658640631682395
39,matched,1.0,0.01,0.03611699127107842
39,matched,2.0,0.01,0.03915479888867985
39,matched,4.0,0.01,0.04627009921262119
39,matched,8.0,0.01,0.05790575876723676
40,learned,0.0,0.02,0.04737788583947391
40,learned,0.5,0.024,0.04636897354354711
40,learned,1.0,0.024,0.046112161033643184
40,learned,2.0,0.024,0.04782941925608473
40,learned,4.0,0.022,0.0548497194318189
40,learned,8.0,0.024,0.06833021801580814
40,random,0.0,0.0,0.04737788583947391
40,random,0.5,0.0,0.04636897354354711
40,random,1.0,0.0,0.046112161033643184
40,random,2.0,0.0,0.04782941925608473
40,random,4.0,0.0,0.0548497194318189
40,random,8.0,0.0,0.06833021801580814
40,matched,0.0,0.0,0.04737788583947391
40,matched,0.5,0.0,0.04636897354354711
40,matched,1.0,0.0,0.046112161033643184
40,matched,2.0,0.0,0.04782941925608473
40,matched,4.0,0.0,0.0548497194318189
40,matched,8.0,0.0,0.06833021801580814
41,learned,0.0,0.018,0.038929396000148025
41,learned,0.5,0.018,0.037825157915175926
41,learned,1.0,0.018,0.03753249521016794
41,learned,2.0,0.022,0.03811623910941492
41,learned,4.0,0.032,0.03802447950794802
41,learned,8.0,0.034,0.03855535078827259
41,random,0.0,0.012,0.038929396000148025
41,random,0.5,0.012,0.037825157915175926
41,random,1.0,0.012,0.03753249521016794
41,random,2.0,0.012,0.03811623910941492
41,random,4.0,0.012,0.03802447950794802
41,random,8.0,0.012,0.03855535078827259
41,matched,0.0,0.014,0.038929396000148025
41,matched,0.5,0.014,0.037825157915175926
41,matched,1.0,0.012,0.03753249521016794
41,matched,2.0,0.012,0.03811623910941492
41,matched,4.0,0.018,0.03802447950794802
41,matched,8.0,0.028,0.03855535078827259
43,learned,0.0,0.026,0.011676623401700678
43,learned,0.5,0.028,0.010145502318928879
43,learned,1.0,0.03,0.008953310083912022
43,learned,2.0,0.02,0.02184959496804134
43,learned,4.0,0.012,0.043221061792523
43,learned,8.0,0.01,0.061798377361774286
43,random,0.0,0.002,0.011676623401700678
43,random,0.5,0.004,0.010145502318928879
43,random,1.0,0.004,0.008953310083912022
43,random,2.0,0.0,0.02184959496804134
43,random,4.0,0.0,0.043221061792523
43,random,8.0,0.0,0.061798377361774286
43,matched,0.0,0.036,0.011676623401700678
43,matched,0.5,0.036,0.010145502318928879
43,matched,1.0,0.036,0.008953310083912022
43,matched,2.0,0.024,0.02184959496804134
43,matched,4.0,0.022,0.043221061792523
43,matched,8.0,0.028,0.061798377361774286
45,learned,0.0,0.0,0.14589950308661503
45,learned,0.5,0.0,0.14644532467252597
45,learned,1.0,0.0,0.14664425112517776
45,learned,2.0,0.0,0.14617883663388367
45,learned,4.0,0.0,0.1507963938159847
45,learned,8.0,0.002,0.17139464786146838
45,random,0.0,0.0,0.14589950308661503
45,random,0.5,0.0,0.14644532467252597
45,random,1.0,0.0,0.14664425112517776
45,random,2.0,0.0,0.14617883663388367
45,random,4.0,0.0,0.1507963938159847
45,random,8.0,0.0,0.17139464786146838
45,matched,0.0,0.006,0.14589950308661503
45,matched,0.5,0.006,0.14644532467252597
45,matched,1.0,0.006,0.14664425112517776
45,matched,2.0,0.006,0.14617883663388367
45,matched,4.0,0.006,0.1507963938159847
45,matched,8.0,0.008,0.17139464786146838
46,learned,0.0,0.002,0.17467981895774534
46,learned,0.5,0.002,0.17669670537422244
46,learned,1.0,0.002,0.17784888955324824
46,learned,2.0,0.002,0.17832135369767627
46,learned,4.0,0.0,0.18409007919648018
46,learned,8.0,0.002,0.19937856741598364
46,random,0.0,0.0,0.17467981895774534
46,random,0.5,0.0,0.17669670537422244
46,random,1.0,0.0,0.17784888955324824
46,random,2.0,0.0,0.17832135369767627
46,random,4.0,0.0,0.18409007919648018
46,random,8.0,0.0,0.19937856741598364
46,matched,0.0,0.002,0.17467981895774534
46,matched,0.5,0.002,0.17669670537422244
46,matched,1.0,0.002,0.17784888955324824
46,matched,2.0,0.002,0.17832135369767627
46,matched,4.0,0.002,0.18409007919648018
46,matched,8.0,0.002,0.19937856741598364
48,learned,0.0,0.036,0.010386097299873434
48,learned,0.5,0.036,0.009791088126184889
48,learned,1.0,0.036,0.009681214646381083
48,learned,2.0,0.038,0.011357921342922288
48,learned,4.0,0.044,0.014655537674940017
48,learned,8.0,0.042,0.020991892593195196
48,random,0.0,0.014,0.010386097299873434
48,random,0.5,0.014,0.009791088126184889
48,random,1.0,0.014,0.009681214646381083
48,random,2.0,0.014,0.011357921342922288
48,random,4.0,0.008,0.014655537674940017
48,random,8.0,0.004,0.020991892593195196
48,matched,0.0,0.028,0.010386097299873434
48,matched,0.5,0.028,0.009791088126184889
48,matched,1.0,0.028,0.009681214646381083
48,matched,2.0,0.028,0.011357921342922288
48,matched,4.0,0.028,0.014655537674940017
48,matched,8.0,0.014,0.020991892593195196
50,learned,0.0,0.034,0.01004624862713604
50,learned,0.5,0.034,0.00990243346593581
50,learned,1.0,0.034,0.00994795360965783
50,learned,2.0,0.032,0.017592851901626978
50,learned,4.0,0.016,0.03032280789499617
50,learned,8.0,0.016,0.0418583703863047
50,random,0.0,0.02,0.01004624862713604
50,random,0.5,0.024,0.00990243346593581
50,random,1.0,0.024,0.00994795360965783
50,random,2.0,0.014,0.017592851901626978
50,random,4.0,0.002,0.03032280789499617
50,random,8.0,0.002,0.0418583703863047
50,matched,0.0,0.036,0.01004624862713604
50,matched,0.5,0.036,0.00990243346593581
50,matched,1.0,0.036,0.00994795360965783
50,matched,2.0,0.042,0.017592851901626978
50,matched,4.0,0.036,0.03032280789499617
50,matched,8.0,0.038,0.0418583703863047
53,learned,0.0,0.0,0.26327128491393625
53,learned,0.5,0.0,0.26264977199328887
53,learned,1.0,0.0,0.26204527881778356
53,learned,2.0,0.0,0.26081148356341766
53,learned,4.0,0.0,0.2689159827922767
53,learned,8.0,0.0,0.2878501794099703
53,random,0.0,0.0,0.26327128491393625
53,random,0.5,0.0,0.26264977199328887
53,random,1.0,0.0,0.26204527881778356
53,random,2.0,0.0,0.26081148356341766
53,random,4.0,0.0,0.2689159827922767
53,random,8.0,0.0,0.2878501794099703
53,matched,0.0,0.0,0.26327128491393625
53,matched,0.5,0.0,0.26264977199328887
53,matched,1.0,0.0,0.26204527881778356
53,matched,2.0,0.0,0.26081148356341766
53,matched,4.0,0.0,0.2689159827922767
53,matched,8.0,0.0,0.2878501794099703
54,learned,0.0,0.036,0.03164569885877875
54,learned,0.5,0.036,0.030011103943985252
54,learned,1.0,0.036,0.028848161250287767
54,learned,2.0,0.036,0.03496312643681014
54,learned,4.0,0.036,0.05168316991433966
54,learned,8.0,0.032,0.0769113161986092
54,random,0.0,0.004,0.03164569885877875
54,random,0.5,0.006,0.030011103943985252
54,random,1.0,0.006,0.028848161250287767
54,random,2.0,0.004,0.03496312643681014
54,random,4.0,0.0,0.05168316991433966
54,random,8.0,0.002,0.0769113161986092
54,matched,0.0,0.018,0.03164569885877875
54,matched,0.5,0.018,0.030011103943985252
54,matched,1.0,0.018,0.028848161250287767
54,matched,2.0,0.016,0.03496312643681014
54,matched,4.0,0.01,0.05168316991433966
54,matched,8.0,0.002,0.0769113161986092
55,learned,0.0,0.004,0.04476042016272462
55,learned,0.5,0.006,0.04201676116127353
55,learned,1.0,0.004,0.03966087837407485
55,learned,2.0,0.002,0.04518198500847193
55,learned,4.0,0.006,0.0672174941260424
55,learned,8.0,0.006,0.10591267001954054
55,random,0.0,0.0,0.04476042016272462
55,random,0.5,0.0,0.04201676116127353
55,random,1.0,0.0,0.03966087837407485
55,random,2.0,0.0,0.04518198500847193
55,random,4.0,0.0,0.0672174941260424
55,random,8.0,0.0,0.10591267001954054
55,matched,0.0,0.026,0.04476042016272462
55,matched,0.5,0.032,0.04201676116127353
55,matched,1.0,0.03,0.03966087837407485
55,matched,2.0,0.024,0.04518198500847193
55,matched,4.0,0.012,0.0672174941260424
55,matched,8.0,0.002,0.10591267001954054
56,learned,0.0,0.002,0.018473818261686394
56,learned,0.5,0.002,0.016630993661692284
56,learned,1.0,0.002,0.01533605443175019
56,learned,2.0,0.01,0.02417168249504405
56,learned,4.0,0.008,0.044409207480837286
56,learned,8.0,0.006,0.07381447049215002
56,random,0.0,0.018,0.018473818261686394
56,random,0.5,0.02,0.016630993661692284
56,random,1.0,0.02,0.01533605443175019
56,random,2.0,0.016,0.02417168249504405
56,random,4.0,0.0,0.044409207480837286
56,random,8.0,0.0,0.07381447049215002
56,matched,0.0,0.036,0.018473818261686394
56,matched,0.5,0.036,0.016630993661692284
56,matched,1.0,0.036,0.01533605443175019
56,matched,2.0,0.036,0.02417168249504405
56,matched,4.0,0.01,0.044409207480837286
56,matched,8.0,0.012,0.07381447049215002
57,learned,0.0,0.016,0.03334710748713176
57,learned,0.5,0.016,0.03306235565308308
57,learned,1.0,0.016,0.0345451339420296
57,learned,2.0,0.016,0.040996357624842016
57,learned,4.0,0.022,0.055408542424203816
57,learned,8.0,0.014,0.09307676916616853
57,random,0.0,0.0,0.03334710748713176
57,random,0.5,0.0,0.03306235565308308
57,random,1.0,0.0,0.0345451339420296
57,random,2.0,0.0,0.040996357624842016
57,random,4.0,0.0,0.055408542424203816
57,random,8.0,0.0,0.09307676916616853
57,matched,0.0,0.014,0.03334710748713176
57,matched,0.5,0.014,0.03306235565308308
57,matched,1.0,0.014,0.0345451339420296
57,matched,2.0,0.01,0.040996357624842016
57,matched,4.0,0.002,0.055408542424203816
57,matched,8.0,0.0,0.09307676916616853
58,learned,0.0,0.0,0.10090937338168501
58,learned,0.5,0.0,0.0993088162360317
58,learned,1.0,0.0,0.09819168715886033
58,learned,2.0,0.002,0.09761637780519991
58,learned,4.0,0.0,0.10570419135586699
58,learned,8.0,0.004,0.14134783790990807
58,random,0.0,0.0,0.10090937338168501
58,random,0.5,0.0,0.0993088162360317
58,random,1.0,0.0,0.09819168715886033
58,random,2.0,0.0,0.09761637780519991
58,random,4.0,0.0,0.10570419135586699
58,random,8.0,0.0,0.14134783790990807
58,matched,0.0,0.022,0.10090937338168501
58,matched,0.5,0.02,0.0993088162360317
58,matched,1.0,0.02,0.09819168715886033
58,matched,2.0,0.018,0.09761637780519991
58,matched,4.0,0.012,0.10570419135586699
58,matched,8.0,0.006,0.14134783790990807
59,learned,0.0,0.0,0.10159845404435747
59,learned,0.5,0.0,0.09904691431286243
59,learned,1.0,0.0,0.09647339957278478
59,learned,2.0,0.002,0.09365648563677434
59,learned,4.0,0.004,0.09747020218383028
59,learned,8.0,0.004,0.1379781173678925
59,random,0.0,0.0,0.10159845404435747
59,random,0.5,0.0,0.09904691431286243
59,random,1.0,0.0,0.09647339957278478
59,random,2.0,0.0,0.09365648563677434
59,random,4.0,0.0,0.09747020218383028
59,random,8.0,0.0,0.1379781173678925
59,matched,0.0,0.01,0.10159845404435747
59,matched,0.5,0.012,0.09904691431286243
59,matched,1.0,0.012,0.09647339957278478
59,matched,2.0,0.014,0.09365648563677434
59,matched,4.0,0.008,0.09747020218383028
59,matched,8.0,0.0,0.1379781173678925
60,learned,0.0,0.02,0.030592618821635595
60,learned,0.5,0.02,0.030324826056003968
60,learned,1.0,0.02,0.029900659872085403
60,learned,2.0,0.014,0.037318969677332725
60,learned,4.0,0.012,0.05910638101257368
60,learned,8.0,0.006,0.09324231919743636
60,random,0.0,0.0,0.030592618821635595
60,random,0.5,0.0,0.030324826056003968
60,random,1.0,0.0,0.029900659872085403
60,random,2.0,0.0,0.037318969677332725
60,random,4.0,0.0,0.05910638101257368
60,random,8.0,0.0,0.09324231919743636
60,matched,0.0,0.002,0.030592618821635595
60,matched,0.5,0.002,0.030324826056003968
60,matched,1.0,0.002,0.029900659872085403
60,matched,2.0,0.002,0.037318969677332725
60,matched,4.0,0.002,0.05910638101257368
60,matched,8.0,0.0,0.09324231919743636
61,learned,0.0,0.0,0.13487784192294294
61,learned,0.5,0.0,0.13547382858537368
61,learned,1.0,0.0,0.13596017923598624
61,learned,2.0,0.0,0.13556981720368017
61,learned,4.0,0.0,0.13976564902194982
61,learned,8.0,0.002,0.15984817032678622
61,random,0.0,0.0,0.13487784192294294
61,random,0.5,0.0,0.13547382858537368
61,random,1.0,0.0,0.13596017923598624
61,random,2.0,0.0,0.13556981720368017
61,random,4.0,0.0,0.13976564902194982
61,random,8.0,0.0,0.15984817032678622
61,matched,0.0,0.01,0.13487784192294294
61,matched,0.5,0.01,0.13547382858537368
61,matched,1.0,0.01,0.13596017923598624
61,matched,2.0,0.01,0.13556981720368017
61,matched,4.0,0.01,0.13976564902194982
61,matched,8.0,0.006,0.15984817032678622
62,learned,0.0,0.012,0.02708987544792374
62,learned,0.5,0.012,0.02506765130342306
62,learned,1.0,0.014,0.02344555810310094
62,learned,2.0,0.018,0.03346720395381105
62,learned,4.0,0.012,0.06116318714896419
62,learned,8.0,0.008,0.10187252314446399
62,random,0.0,0.0,0.02708987544792374
62,random,0.5,0.0,0.02506765130342306
62,random,1.0,0.0,0.02344555810310094
62,random,2.0,0.0,0.03346720395381105
62,random,4.0,0.0,0.06116318714896419
62,random,8.0,0.0,0.10187252314446399
62,matched,0.0,0.036,0.02708987544792374
62,matched,0.5,0.036,0.02506765130342306
62,matched,1.0,0.036,0.02344555810310094
62,matched,2.0,0.034,0.03346720395381105
62,matched,4.0,0.018,0.06116318714896419
62,matched,8.0,0.008,0.10187252314446399
64,learned,0.0,0.036,0.002858487294320124
64,learned,0.5,0.036,0.0023342072441581534
64,learned,1.0,0.036,0.0018692057393412342
64,learned,2.0,0.008,0.01900700839530013
64,learned,4.0,0.02,0.03996748387142644
64,learned,8.0,0.038,0.0498081579216025
64,random,0.0,0.02,0.002858487294320124
64,random,0.5,0.024,0.0023342072441581534
64,random,1.0,0.026,0.0018692057393412342
64,random,2.0,0.0,0.01900700839530013
64,random,4.0,0.0,0.03996748387142644
64,random,8.0,0.0,0.0498081579216025
64,matched,0.0,0.034,0.002858487294320124
64,matched,0.5,0.034,0.0023342072441581534
64,matched,1.0,0.034,0.0018692057393412342
64,matched,2.0,0.0,0.01900700839530013
64,matched,4.0,0.0,0.03996748387142644
64,matched,8.0,0.0,0.0498081579216025
70,learned,0.0,0.012,0.04697186976638546
70,learned,0.5,0.012,0.04662393576242984
70,learned,1.0,0.012,0.04751580676120879
70,learned,2.0,0.012,0.04926345298382012
70,learned,4.0,0.016,0.048096793900026046
70,learned,8.0,0.02,0.04455173041731095
70,random,0.0,0.0,0.04697186976638546
70,random,0.5,0.0,0.04662393576242984
70,random,1.0,0.0,0.04751580676120879
70,random,2.0,0.0,0.04926345298382012
70,random,4.0,0.0,0.048096793900026046
70,random,8.0,0.0,0.04455173041731095
70,matched,0.0,0.028,0.04697186976638546
70,matched,0.5,0.028,0.04662393576242984
70,matched,1.0,0.026,0.04751580676120879
70,matched,2.0,0.024,0.04926345298382012
70,matched,4.0,0.022,0.048096793900026046
70,matched,8.0,0.026,0.04455173041731095
76,learned,0.0,0.002,0.07693017923686796
76,learned,0.5,0.002,0.0769060782500172
76,learned,1.0,0.002,0.07855036459094841
76,learned,2.0,0.002,0.07972941200458844
76,learned,4.0,0.004,0.08247531314653833
76,learned,8.0,0.008,0.08645369844770136
76,random,0.0,0.014,0.07693017923686796
76,random,0.5,0.016,0.0769060782500172
76,random,1.0,0.014,0.07855036459094841
76,random,2.0,0.012,0.07972941200458844
76,random,4.0,0.012,0.08247531314653833
76,random,8.0,0.006,0.08645369844770136
76,matched,0.0,0.022,0.07693017923686796
76,matched,0.5,0.022,0.0769060782500172
76,matched,1.0,0.022,0.07855036459094841
76,matched,2.0,0.02,0.07972941200458844
76,matched,4.0,0.016,0.08247531314653833
76,matched,8.0,0.01,0.08645369844770136
77,learned,0.0,0.0,0.1445772965319596
77,learned,0.5,0.0,0.1436901615372907
77,learned,1.0,0.0,0.14268644199329542
77,learned,2.0,0.0,0.14199906364712775
77,learned,4.0,0.0,0.1436834523427225
77,learned,8.0,0.004,0.16108699389603676
77,random,0.0,0.0,0.1445772965319596
77,random,0.5,0.0,0.1436901615372907
77,random,1.0,0.0,0.14268644199329542
77,random,2.0,0.0,0.14199906364712775
77,random,4.0,0.0,0.1436834523427225
77,random,8.0,0.0,0.16108699389603676
77,matched,0.0,0.01,0.1445772965319596
77,matched,0.5,0.01,0.1436901615372907
77,matched,1.0,0.01,0.14268644199329542
77,matched,2.0,0.01,0.14199906364712775
77,matched,4.0,0.012,0.1436834523427225
77,matched,8.0,0.008,0.16108699389603676
79,learned,0.0,0.0,0.24790450267579134
79,learned,0.5,0.0,0.2478557980830939
79,learned,1.0,0.0,0.24756767324053297
79,learned,2.0,0.0,0.24605741543784562
79,learned,4.0,0.0,0.25292833939483705
79,learned,8.0,0.002,0.274981533642005
79,random,0.0,0.0,0.24790450267579134
79,random,0.5,0.0,0.2478557980830939
79,random,1.0,0.0,0.24756767324053297
79,random,2.0,0.0,0.24605741543784562
79,random,4.0,0.0,0.25292833939483705
79,random,8.0,0.0,0.274981533642005
79,matched,0.0,0.006,0.24790450267579134
79,matched,0.5,0.006,0.2478557980830939
79,matched,1.0,0.006,0.24756767324053297
79,matched,2.0,0.006,0.24605741543784562
79,matched,4.0,0.006,0.25292833939483705
79,matched,8.0,0.004,0.274981533642005
80,learned,0.0,0.0,0.286137021892918
80,learned,0.5,0.0,0.28764197947762216
80,learned,1.0,0.0,0.28848437181108605
80,learned,2.0,0.0,0.2884959770707645
80,learned,4.0,0.0,0.2989369156308878
80,learned,8.0,0.0,0.3168519156663752
80,random,0.0,0.0,0.286137021892918
80,random,0.5,0.0,0.28764197947762216
80,random,1.0,0.0,0.28848437181108605
80,random,2.0,0.0,0.2884959770707645
80,random,4.0,0.0,0.2989369156308878
80,random,8.0,0.0,0.3168519156663752
80,matched,0.0,0.002,0.286137021892918
80,matched,0.5,0.002,0.28764197947762216
80,matched,1.0,0.002,0.28848437181108605
80,matched,2.0,0.002,0.2884959770707645
80,matched,4.0,0.002,0.2989369156308878
80,matched,8.0,0.002,0.3168519156663752
83,learned,0.0,0.002,0.20102609298000468
83,learned,0.5,0.002,0.201135710524074
83,learned,1.0,0.002,0.20085450996084495
83,learned,2.0,0.002,0.19954946300575094
83,learned,4.0,0.0,0.20580855753024568
83,learned,8.0,0.002,0.22508102753257325
83,random,0.0,0.0,0.20102609298000468
83,random,0.5,0.0,0.201135710524074
83,random,1.0,0.0,0.20085450996084495
83,random,2.0,0.0,0.19954946300575094
83,random,4.0,0.0,0.20580855753024568
83,random,8.0,0.0,0.22508102753257325
83,matched,0.0,0.006,0.20102609298000468
83,matched,0.5,0.006,0.201135710524074
83,matched,1.0,0.006,0.20085450996084495
83,matched,2.0,0.006,0.19954946300575094
83,matched,4.0,0.006,0.20580855753024568
83,matched,8.0,0.004,0.22508102753257325
84,learned,0.0,0.032,0.016441361119366855
84,learned,0.5,0.032,0.016200910510679435
84,learned,1.0,0.032,0.015971498322824816
84,learned,2.0,0.032,0.01704892264334362
84,learned,4.0,0.04,0.019301997925660917
84,learned,8.0,0.044,0.02205103841535902
84,random,0.0,0.016,0.016441361119366855
84,random,0.5,0.018,0.016200910510679435
84,random,1.0,0.018,0.015971498322824816
84,random,2.0,0.016,0.01704892264334362
84,random,4.0,0.018,0.019301997925660917
84,random,8.0,0.014,0.02205103841535902
84,matched,0.0,0.008,0.016441361119366855
84,matched,0.5,0.012,0.016200910510679435
84,matched,1.0,0.012,0.015971498322824816
84,matched,2.0,0.01,0.01704892264334362
84,matched,4.0,0.006,0.019301997925660917
84,matched,8.0,0.002,0.02205103841535902
85,learned,0.0,0.024,0.0044106518923373705
85,learned,0.5,0.024,0.004403190747175088
85,learned,1.0,0.024,0.004423162636536029
85,learned,2.0,0.016,0.012286741057821663
85,learned,4.0,0.012,0.025431776084163506
85,learned,8.0,0.024,0.03587474479424132
85,random,0.0,0.002,0.0044106518923373705
85,random,0.5,0.002,0.004403190747175088
85,random,1.0,0.002,0.004423162636536029
85,random,2.0,0.0,0.012286741057821663
85,random,4.0,0.0,0.025431776084163506
85,random,8.0,0.0,0.03587474479424132
85,matched,0.0,0.032,0.0044106518923373705
85,matched,0.5,0.032,0.004403190747175088
85,matched,1.0,0.034,0.004423162636536029
85,matched,2.0,0.016,0.012286741057821663
85,matched,4.0,0.012,0.025431776084163506
85,matched,8.0,0.018,0.03587474479424132
86,learned,0.0,0.024,0.05816615201980326
86,learned,0.5,0.022,0.056883823438791475
86,learned,1.0,0.022,0.055969251229449
86,learned,2.0,0.022,0.05754419052329366
86,learned,4.0,0.024,0.0628414658514378
86,learned,8.0,0.024,0.07112997686297458
86,random,0.0,0.0,0.05816615201980326
86,random,0.5,0.0,0.056883823438791475
86,random,1.0,0.0,0.055969251229449
86,random,2.0,0.0,0.05754419052329366
86,random,4.0,0.0,0.0628414658514378
86,random,8.0,0.0,0.07112997686297458
86,matched,0.0,0.006,0.05816615201980326
86,matched,0.5,0.006,0.056883823438791475
86,matched,1.0,0.006,0.055969251229449
86,matched,2.0,0.006,0.05754419052329366
86,matched,4.0,0.004,0.0628414658514378
86,matched,8.0,0.002,0.07112997686297458
87,learned,0.0,0.018,0.05689333631333929
87,learned,0.5,0.018,0.05543135919963258
87,learned,1.0,0.016,0.054041701003690656
87,learned,2.0,0.018,0.05196963251532773
87,learned,4.0,0.016,0.05103986322719423
87,learned,8.0,0.018,0.054377061836903905
87,random,0.0,0.0,0.05689333631333929
87,random,0.5,0.0,0.05543135919963258
87,random,1.0,0.0,0.054041701003690656
87,random,2.0,0.0,0.05196963251532773
87,random,4.0,0.0,0.05103986322719423
87,random,8.0,0.0,0.054377061836903905
87,matched,0.0,0.018,0.05689333631333929
87,matched,0.5,0.018,0.05543135919963258
87,matched,1.0,0.016,0.054041701003690656
87,matched,2.0,0.02,0.05196963251532773
87,matched,4.0,0.022,0.05103986322719423
87,matched,8.0,0.03,0.054377061836903905
88,learned,0.0,0.002,0.13169442086519514
88,learned,0.5,0.002,0.12951280521037695
88,learned,1.0,0.002,0.12750161338605692
88,learned,2.0,0.002,0.1262382321825831
88,learned,4.0,0.002,0.12906205976505278
88,learned,8.0,0.004,0.15766900495135353
88,random,0.0,0.0,0.13169442086519514
88,random,0.5,0.0,0.12951280521037695
88,random,1.0,0.0,0.12750161338605692
88,random,2.0,0.0,0.1262382321825831
88,random,4.0,0.0,0.12906205976505278
88,random,8.0,0.0,0.15766900495135353
88,matched,0.0,0.008,0.13169442086519514
88,matched,0.5,0.01,0.12951280521037695
88,matched,1.0,0.01,0.12750161338605692
88,matched,2.0,0.012,0.1262382321825831
88,matched,4.0,0.014,0.12906205976505278
88,matched,8.0,0.008,0.15766900495135353
90,learned,0.0,0.0,0.23755211275045807
90,learned,0.5,0.0,0.2368878406037215
90,learned,1.0,0.0,0.23614229658090866
90,learned,2.0,0.0,0.23473771703672916
90,learned,4.0,0.0,0.23947798549424368
90,learned,8.0,0.002,0.2591949540022196
90,random,0.0,0.0,0.23755211275045807
90,random,0.5,0.0,0.2368878406037215
90,random,1.0,0.0,0.23614229658090866
90,random,2.0,0.0,0.23473771703672916
90,random,4.0,0.0,0.23947798549424368
90,random,8.0,0.0,0.2591949540022196
90,matched,0.0,0.006,0.23755211275045807
90,matched,0.5,0.006,0.2368878406037215
90,matched,1.0,0.006,0.23614229658090866
90,matched,2.0,0.006,0.23473771703672916
90,matched,4.0,0.006,0.23947798549424368
90,matched,8.0,0.004,0.2591949540022196
91,learned,0.0,0.006,0.016899151311729577
91,learned,0.5,0.006,0.015224958436072265
91,learned,1.0,0.006,0.013772584448734172
91,learned,2.0,0.014,0.01962457560391361
91,learned,4.0,0.012,0.03652447261129266
91,learned,8.0,0.01,0.052799060275725396
91,random,0.0,0.006,0.016899151311729577
91,random,0.5,0.008,0.015224958436072265
91,random,1.0,0.008,0.013772584448734172
91,random,2.0,0.004,0.01962457560391361
91,random,4.0,0.0,0.03652447261129266
91,random,8.0,0.0,0.052799060275725396
91,matched,0.0,0.036,0.016899151311729577
91,matched,0.5,0.036,0.015224958436072265
91,matched,1.0,0.036,0.013772584448734172
91,matched,2.0,0.038,0.01962457560391361
91,matched,4.0,0.02,0.03652447261129266
91,matched,8.0,0.018,0.052799060275725396
93,learned,0.0,0.0,0.23959226615581664
93,learned,0.5,0.0,0.2401232878444221
93,learned,1.0,0.0,0.24125805270511652
93,learned,2.0,0.0,0.2407951342057107
93,learned,4.0,0.0,0.24466150267374467
93,learned,8.0,0.0,0.2556996085208713
93,random,0.0,0.0,0.23959226615581664
93,random,0.5,0.0,0.2401232878444221
93,random,1.0,0.0,0.24125805270511652
93,random,2.0,0.0,0.2407951342057107
93,random,4.0,0.0,0.24466150267374467
93,random,8.0,0.0,0.2556996085208713
93,matched,0.0,0.006,0.23959226615581664
93,matched,0.5,0.006,0.2401232878444221
93,matched,1.0,0.006,0.24125805270511652
93,matched,2.0,0.006,0.2407951342057107
93,matched,4.0,0.006,0.24466150267374467
93,matched,8.0,0.004,0.2556996085208713
94,learned,0.0,0.002,0.09158071104857878
94,learned,0.5,0.002,0.0907448240602681
94,learned,1.0,0.002,0.09117475140103119
94,learned,2.0,0.002,0.09140338772026796
94,learned,4.0,0.004,0.0935449613964006
94,learned,8.0,0.006,0.10635467173227858
94,random,0.0,0.0,0.09158071104857878
94,random,0.5,0.0,0.0907448240602681
94,random,1.0,0.0,0.09117475140103119
94,random,2.0,0.0,0.09140338772026796
94,random,4.0,0.0,0.0935449613964006
94,random,8.0,0.0,0.10635467173227858
94,matched,0.0,0.024,0.09158071104857878
94,matched,0.5,0.026,0.0907448240602681
94,matched,1.0,0.026,0.09117475140103119
94,matched,2.0,0.026,0.09140338772026796
94,matched,4.0,0.022,0.0935449613964006
94,matched,8.0,0.014,0.10635467173227858
96,learned,0.0,0.004,0.08184987013882192
96,learned,0.5,0.006,0.07876644900241533
96,learned,1.0,0.006,0.076263762678439
96,learned,2.0,0.004,0.07752667946195627
96,learned,4.0,0.004,0.0912756988235929
96,learned,8.0,0.004,0.14006684981639503
96,random,0.0,0.0,0.08184987013882192
96,random,0.5,0.0,0.07876644900241533
96,random,1.0,0.0,0.076263762678439
96,random,2.0,0.0,0.07752667946195627
96,random,4.0,0.0,0.0912756988235929
96,random,8.0,0.0,0.14006684981639503
96,matched,0.0,0.024,0.08184987013882192
96,matched,0.5,0.024,0.07876644900241533
96,matched,1.0,0.024,0.076263762678439
96,matched,2.0,0.022,0.07752667946195627
96,matched,4.0,0.022,0.0912756988235929
96,matched,8.0,0.008,0.14006684981639503
97,learned,0.0,0.012,0.03793031961386333
97,learned,0.5,0.012,0.03744139025181187
97,learned,1.0,0.012,0.03817422967487911
97,learned,2.0,0.016,0.047754553444406156
97,learned,4.0,0.014,0.07166985949495215
97,learned,8.0,0.01,0.10681489575660322
97,random,0.0,0.0,0.03793031961386333
97,random,0.5,0.0,0.03744139025181187
97,random,1.0,0.0,0.03817422967487911
97,random,2.0,0.0,0.047754553444406156
97,random,4.0,0.0,0.07166985949495215
97,random,8.0,0.0,0.10681489575660322
97,matched,0.0,0.014,0.03793031961386333
97,matched,0.5,0.014,0.03744139025181187
97,matched,1.0,0.014,0.03817422967487911
97,matched,2.0,0.01,0.047754553444406156
97,matched,4.0,0.01,0.07166985949495215
97,matched,8.0,0.01,0.10681489575660322
98,learned,0.0,0.002,0.15168344550395574
98,learned,0.5,0.002,0.14966501356574524
98,learned,1.0,0.002,0.1480496790847845
98,learned,2.0,0.002,0.14671447760861436
98,learned,4.0,0.002,0.15006249349548317
98,learned,8.0,0.004,0.18186374598685476
98,random,0.0,0.0,0.15168344550395574
98,random,0.5,0.0,0.14966501356574524
98,random,1.0,0.0,0.1480496790847845
98,random,2.0,0.0,0.14671447760861436
98,random,4.0,0.0,0.15006249349548317
98,random,8.0,0.0,0.18186374598685476
98,matched,0.0,0.008,0.15168344550395574
98,matched,0.5,0.008,0.14966501356574524
98,matched,1.0,0.008,0.1480496790847845
98,matched,2.0,0.008,0.14671447760861436
98,matched,4.0,0.01,0.15006249349548317
98,matched,8.0,0.006,0.18186374598685476
100,learned,0.0,0.036,0.01519707475974946
100,learned,0.5,0.036,0.014428852497020925
100,learned,1.0,0.036,0.01409853245580345
100,learned,2.0,0.036,0.0166726147630265
100,learned,4.0,0.044,0.017888837216343052
100,learned,8.0,0.044,0.019198216573028216
100,random,0.0,0.028,0.01519707475974946
100,random,0.5,0.028,0.014428852497020925
100,random,1.0,0.028,0.01409853245580345
100,random,2.0,0.026,0.0166726147630265
100,random,4.0,0.01,0.017888837216343052
100,random,8.0,0.014,0.019198216573028216
100,matched,0.0,0.01,0.01519707475974946
100,matched,0.5,0.01,0.014428852497020925
100,matched,1.0,0.01,0.01409853245580345
100,matched,2.0,0.012,0.0166726147630265
100,matched,4.0,0.01,0.017888837216343052
100,matched,8.0,0.01,0.019198216573028216
101,learned,0.0,0.002,0.1762656890836761
101,learned,0.5,0.002,0.1750654615638385
101,learned,1.0,0.002,0.17376428097010257
101,learned,2.0,0.002,0.17138091062916624
101,learned,4.0,0.002,0.17313126772955095
101,learned,8.0,0.004,0.1876399427862302
101,random,0.0,0.0,0.1762656890836761
101,random,0.5,0.0,0.1750654615638385
101,random,1.0,0.0,0.17376428097010257
101,random,2.0,0.0,0.17138091062916624
101,random,4.0,0.0,0.17313126772955095
101,random,8.0,0.0,0.1876399427862302
101,matched,0.0,0.002,0.1762656890836761
101,matched,0.5,0.002,0.1750654615638385
101,matched,1.0,0.002,0.17376428097010257
101,matched,2.0,0.002,0.17138091062916624
101,matched,4.0,0.002,0.17313126772955095
101,matched,8.0,0.002,0.1876399427862302
102,learned,0.0,0.008,0.0657247973305511
102,learned,0.5,0.008,0.062470683807667814
102,learned,1.0,0.008,0.05934668726546056
102,learned,2.0,0.008,0.06053906267203003
102,learned,4.0,0.01,0.07697975379509016
102,learned,8.0,0.006,0.11606433727791234
102,random,0.0,0.0,0.0657247973305511
102,random,0.5,0.0,0.062470683807667814
102,random,1.0,0.0,0.05934668726546056
102,random,2.0,0.0,0.06053906267203003
102,random,4.0,0.0,0.07697975379509016
102,random,8.0,0.0,0.11606433727791234
102,matched,0.0,0.024,0.0657247973305511
102,matched,0.5,0.024,0.062470683807667814
102,matched,1.0,0.024,0.05934668726546056
102,matched,2.0,0.022,0.06053906267203003
102,matched,4.0,0.014,0.07697975379509016
102,matched,8.0,0.008,0.11606433727791234
103,learned,0.0,0.036,0.007278905315879099
103,learned,0.5,0.036,0.00633542129758493
103,learned,1.0,0.036,0.006484762306203386
103,learned,2.0,0.02,0.019088801944066897
103,learned,4.0,0.028,0.03262817123400284
103,learned,8.0,0.036,0.04745662607225363
103,random,0.0,0.01,0.007278905315879099
103,random,0.5,0.012,0.00633542129758493
103,random,1.0,0.012,0.006484762306203386
103,random,2.0,0.0,0.019088801944066897
103,random,4.0,0.004,0.03262817123400284
103,random,8.0,0.01,0.04745662607225363
103,matched,0.0,0.02,0.007278905315879099
103,matched,0.5,0.02,0.00633542129758493
103,matched,1.0,0.02,0.006484762306203386
103,matched,2.0,0.002,0.019088801944066897
103,matched,4.0,0.0,0.03262817123400284
103,matched,8.0,0.002,0.04745662607225363
104,learned,0.0,0.02,0.009576607486334326
104,learned,0.5,0.02,0.008880694549300265
104,learned,1.0,0.02,0.008284627288411615
104,learned,2.0,0.024,0.010264872710006678
104,learned,4.0,0.018,0.015140999870482124
104,learned,8.0,0.018,0.019620563023450933
104,random,0.0,0.014,0.009576607486334326
104,random,0.5,0.014,0.008880694549300265
104,random,1.0,0.014,0.008284627288411615
104,random,2.0,0.012,0.010264872710006678
104,random,4.0,0.0,0.015140999870482124
104,random,8.0,0.0,0.019620563023450933
104,matched,0.0,0.034,0.009576607486334326
104,matched,0.5,0.034,0.008880694549300265
104,matched,1.0,0.034,0.008284627288411615
104,matched,2.0,0.036,0.010264872710006678
104,matched,4.0,0.022,0.015140999870482124
104,matched,8.0,0.038,0.019620563023450933
105,learned,0.0,0.036,0.00299514575947547
105,learned,0.5,0.036,0.002539214568269371
105,learned,1.0,0.036,0.003095077554725452
105,learned,2.0,0.018,0.006275901628957286
105,learned,4.0,0.022,0.0110533646817546
105,learned,8.0,0.036,0.012481360351437907
105,random,0.0,0.0,0.00299514575947547
105,random,0.5,0.0,0.002539214568269371
105,random,1.0,0.0,0.003095077554725452
105,random,2.0,0.002,0.006275901628957286
105,random,4.0,0.004,0.0110533646817546
105,random,8.0,0.01,0.012481360351437907
105,matched,0.0,0.026,0.00299514575947547
105,matched,0.5,0.026,0.002539214568269371
105,matched,1.0,0.026,0.003095077554725452
105,matched,2.0,0.024,0.006275901628957286
105,matched,4.0,0.024,0.0110533646817546
105,matched,8.0,0.028,0.012481360351437907
106,learned,0.0,0.036,0.0022887553486393417
106,learned,0.5,0.034,0.0020238513092665773
106,learned,1.0,0.036,0.002300155419637685
106,learned,2.0,0.02,0.010525973708423524
106,learned,4.0,0.038,0.020473086519708406
106,learned,8.0,0.044,0.02480631560575229
106,random,0.0,0.014,0.0022887553486393417
106,random,0.5,0.014,0.0020238513092665773
106,random,1.0,0.014,0.002300155419637685
106,random,2.0,0.0,0.010525973708423524
106,random,4.0,0.0,0.020473086519708406
106,random,8.0,0.0,0.02480631560575229
106,matched,0.0,0.026,0.0022887553486393417
106,matched,0.5,0.028,0.0020238513092665773
106,matched,1.0,0.028,0.002300155419637685
106,matched,2.0,0.002,0.010525973708423524
106,matched,4.0,0.002,0.020473086519708406
106,matched,8.0,0.004,0.02480631560575229
107,learned,0.0,0.004,0.0755441791058798
107,learned,0.5,0.004,0.07299163843238334
107,learned,1.0,0.004,0.0708000531187622
107,learned,2.0,0.006,0.07070557834060313
107,learned,4.0,0.004,0.08020481191706093
107,learned,8.0,0.004,0.12011751103471101
107,random,0.0,0.0,0.0755441791058798
107,random,0.5,0.0,0.07299163843238334
107,random,1.0,0.0,0.0708000531187622
107,random,2.0,0.0,0.07070557834060313
107,random,4.0,0.0,0.08020481191706093
107,random,8.0,0.0,0.12011751103471101
107,matched,0.0,0.024,0.0755441791058798
107,matched,0.5,0.024,0.07299163843238334
107,matched,1.0,0.024,0.0708000531187622
107,matched,2.0,0.022,0.07070557834060313
107,matched,4.0,0.018,0.08020481191706093
107,matched,8.0,0.008,0.12011751103471101
108,learned,0.0,0.01,0.06230361238296757
108,learned,0.5,0.012,0.06029249131798138
108,learned,1.0,0.012,0.05859831717594523
108,learned,2.0,0.01,0.05947429007525285
108,learned,4.0,0.008,0.0672163177950171
108,learned,8.0,0.004,0.08679762577009946
108,random,0.0,0.0,0.06230361238296757
108,random,0.5,0.0,0.06029249131798138
108,random,1.0,0.0,0.05859831717594523
108,random,2.0,0.0,0.05947429007525285
108,random,4.0,0.0,0.0672163177950171
108,random,8.0,0.0,0.08679762577009946
108,matched,0.0,0.016,0.06230361238296757
108,matched,0.5,0.016,0.06029249131798138
108,matched,1.0,0.016,0.05859831717594523
108,matched,2.0,0.022,0.05947429007525285
108,matched,4.0,0.028,0.0672163177950171
108,matched,8.0,0.028,0.08679762577009946
