graph,window,target,residual,ALL_dprime,ALL_accuracy,C_A_HIGH_dprime,C_A_HIGH_accuracy,C_A_LOW_dprime,C_A_LOW_accuracy,C_B_HIGH_dprime,C_B_HIGH_accuracy,C_B_LOW_dprime,C_B_LOW_accuracy,active_fraction
0,0.5,0.1,1.368377633426121e-12,18.322833984367787,0.9534246575342465,18.75924556997427,0.9916666666666667,16.043586014096874,0.9405405405405406,19.51152662427418,0.9916666666666667,14.02266788889702,0.9364864864864865,0.09396406016413948
0,0.5,0.05,5.320119345064711e-13,18.859650249456955,0.9294520547945205,19.531143262759173,0.9875,15.78062588076086,0.9094594594594595,19.979298557913427,0.9916666666666667,14.644534838771014,0.8972972972972973,0.04598143006783212
0,0.25,0.1,1.3252177133438181e-12,13.09530437988035,0.8678082191780822,13.822753342240762,0.9625,11.146794054132293,0.8324324324324325,13.891113486302961,0.9541666666666667,9.514013028442646,0.827027027027027,0.09403362113677274
0,0.25,0.05,5.594275043208086e-13,13.408773017658936,0.8376712328767123,14.443352239976248,0.9541666666666667,10.848306027414921,0.7905405405405406,14.197367704910452,0.9472222222222222,9.766685363108284,0.7797297297297298,0.045884817605841496
1,0.5,0.1,1.4046402929679402e-12,19.736441937835533,0.9568493150684931,20.782303451684967,0.9930555555555556,16.829245901170278,0.9432432432432433,20.922056782424647,0.9916666666666667,15.090157952528653,0.9432432432432433,0.09526741312505721
1,0.5,0.05,5.074690667683512e-13,20.104085183698952,0.9465753424657535,20.75263782326104,0.9930555555555556,17.116378010125572,0.9256756756756757,21.6248880608985,0.9902777777777778,15.13365746216575,0.9243243243243243,0.04270026746397372
1,0.25,0.1,1.4115722479779436e-12,14.13334547382639,0.8890410958904109,15.049580409247753,0.9763888888888889,12.121550559509135,0.8635135135135135,14.899164864837342,0.9680555555555556,10.323075330647901,0.85,0.09519073333943517
1,0.25,0.05,5.801019387075002e-13,14.328980879173697,0.8671232876712329,15.159864325685406,0.9666666666666667,12.202947581074092,0.8297297297297297,15.242585172127512,0.9680555555555556,10.227861229882881,0.8189189189189189,0.04289511954520955
2,0.5,0.1,1.3453890779224764e-12,20.110955672722945,0.9561643835616438,20.96088186786859,0.9930555555555556,17.353686521095216,0.9418918918918919,21.4190506574073,0.9930555555555556,15.198348504397904,0.9364864864864865,0.09510856189807894
2,0.5,0.05,5.303223138408697e-13,20.30256113054863,0.9424657534246575,21.272504953806365,0.9930555555555556,17.25718863449349,0.9202702702702703,22.469242400986342,0.9888888888888889,14.586421569196562,0.9202702702702703,0.04478119819792334
2,0.25,0.1,1.31415711646099e-12,14.376175428783442,0.8787671232876713,15.053758009576045,0.9708333333333333,12.40452159901661,0.8472972972972973,15.209547974049865,0.9680555555555556,10.41516436790421,0.8337837837837838,0.09487465804273322
2,0.25,0.05,5.478673070768991e-13,14.587040130532216,0.8595890410958904,15.325108577194655,0.9666666666666667,12.318365487644764,0.8189189189189189,16.024198647767697,0.9680555555555556,10.00317166187532,0.8054054054054054,0.04474784147420447
3,0.5,0.1,1.3367675022468717e-12,19.944083013204732,0.9602739726027397,20.902007682760374,0.9916666666666667,17.02824373067141,0.9527027027027027,20.747800832157406,0.9930555555555556,15.417825028407185,0.9459459459459459,0.09594776825212802
3,0.5,0.05,5.495361110607888e-13,20.402481410605336,0.9376712328767123,21.091066486114418,0.9875,17.24325778673159,0.922972972972973,21.69019730842079,0.9944444444444445,15.309187718388474,0.9094594594594595,0.04368510439230761
3,0.25,0.1,1.446023856210843e-12,14.326030328824148,0.8842465753424658,15.24897430891329,0.9680555555555556,12.224208043678948,0.8513513513513513,14.859126970572643,0.9652777777777778,10.616453441707497,0.8405405405405405,0.09580742593892058
3,0.25,0.05,5.244901735146357e-13,14.749011947685908,0.8746575342465753,15.563162357457271,0.9583333333333334,12.41631860473463,0.8418918918918918,15.634268166819703,0.9652777777777778,10.528831362269667,0.822972972972973,0.043778665934445904
4,0.5,0.1,1.2700361595729959e-12,19.49853224062208,0.9582191780821918,20.03245914536666,0.9902777777777778,17.105969147359602,0.9540540540540541,20.39867442901122,0.9916666666666667,14.976346983091293,0.9472972972972973,0.0947507906967284
4,0.5,0.05,5.254685575550866e-13,19.143253203992813,0.95,19.4524571253295,0.9916666666666667,16.7086095489485,0.9391891891891891,20.76523733050761,0.9902777777777778,14.18219709639258,0.9297297297297298,0.042814982050421536
4,0.25,0.1,1.413487382695422e-12,13.964866052220366,0.8794520547945206,14.568969821773331,0.9722222222222222,12.14554375175067,0.8432432432432433,14.503947478779844,0.9652777777777778,10.225336020176462,0.8364864864864865,0.09464970355228768
4,0.25,0.05,5.458619667386699e-13,13.719232292155283,0.8595890410958904,14.239356246819694,0.9666666666666667,11.8719700364822,0.8135135135135135,14.689960160815858,0.9652777777777778,9.713628925577714,0.8,0.04287396650090002
5,0.5,0.1,1.315059172668498e-12,19.594339520790932,0.9547945205479452,20.74266828152497,0.9888888888888889,17.003493030153287,0.9445945945945946,20.62212318870568,0.9916666666666667,14.734813283832382,0.9391891891891891,0.09482197882661622
5,0.5,0.05,5.463685059936552e-13,19.97829831126439,0.9493150684931507,21.199236607751253,0.9902777777777778,16.944641980152426,0.9324324324324325,21.520081560842623,0.9902777777777778,14.814354953194142,0.9324324324324325,0.043849243880363264
5,0.25,0.1,1.3137199661450438e-12,14.033072321811389,0.8719178082191781,14.970759659094643,0.9694444444444444,12.167687903040406,0.8378378378378378,14.742924753811842,0.9652777777777778,10.317477768385674,0.8243243243243243,0.09473879041197587
5,0.25,0.05,5.411400494370611e-13,14.349702635802503,0.8650684931506849,15.237210419901748,0.9611111111111111,12.31017696241413,0.827027027027027,15.374081479661081,0.9680555555555556,10.439305682458286,0.8108108108108109,0.043814056604733
6,0.5,0.1,1.3007789290142568e-12,19.396162741862586,0.9575342465753425,19.897009069174846,0.9888888888888889,16.983157086245505,0.9540540540540541,20.548334368095457,0.9930555555555556,14.828655509504653,0.9405405405405406,0.09353286349167607
6,0.5,0.05,5.069035469151828e-13,19.552461917642045,0.9458904109589041,19.58750553781384,0.9902777777777778,17.254071440618368,0.9310810810810811,21.27057641763414,0.9916666666666667,14.399522351332296,0.9202702702702703,0.043353774496343984
6,0.25,0.1,1.2683222527787308e-12,13.942106323056532,0.8787671232876713,14.527199725665758,0.9680555555555556,12.042980939151786,0.8445945945945946,14.767482818041914,0.9666666666666667,10.26222128950257,0.8283783783783784,0.09356154213828803
6,0.25,0.05,5.19004977883597e-13,13.990493697879234,0.85,14.484914468961119,0.9541666666666667,12.057236330144818,0.8148648648648649,15.235007464475867,0.9597222222222223,10.02231449727911,0.7945945945945946,0.04337960561776042
7,0.5,0.1,1.4209813881116418e-12,19.607856178110307,0.9595890410958904,20.35494613030652,0.9902777777777778,16.80670302749417,0.9513513513513514,20.642326892822656,0.9916666666666667,15.112091469074727,0.9472972972972973,0.0952255138257518
7,0.5,0.05,5.028755190039647e-13,19.65815006899747,0.9383561643835616,20.181232637866195,0.9930555555555556,16.951448526107196,0.9162162162162162,21.297486105704664,0.9916666666666667,14.615472923349747,0.9094594594594595,0.042767591095381925
7,0.25,0.1,1.369952762342308e-12,13.904307584979028,0.8691780821917808,14.639017457356694,0.9666666666666667,11.878275372738543,0.8337837837837838,14.777365443165635,0.9666666666666667,10.16788540420305,0.8175675675675675,0.09515615624777538
7,0.25,0.05,5.076113140933813e-13,13.772303527826798,0.8376712328767123,14.528123389807703,0.9541666666666667,11.646786508078716,0.7918918918918919,14.999979938138546,0.9625,9.79337862114596,0.772972972972973,0.04285932208560881
8,0.5,0.1,1.2093798185119908e-12,19.523361433700423,0.9602739726027397,20.377421302561427,0.9888888888888889,17.27831165344525,0.9472972972972973,20.686789374389118,0.9944444444444445,14.614100766067432,0.95,0.09381924316848196
8,0.5,0.05,5.014842707762313e-13,18.8672850897363,0.9376712328767123,19.566217688174387,0.9833333333333333,16.854508512613098,0.9256756756756757,21.033209747523472,0.9930555555555556,13.193942474316568,0.9094594594594595,0.042851999877963204
8,0.25,0.1,1.3460482728433476e-12,13.873749196291548,0.8808219178082192,14.705245986414662,0.9680555555555556,12.224723524595616,0.85,14.595486594889445,0.9625,10.043554470068885,0.8432432432432433,0.09371734244541396
8,0.25,0.05,5.714907713727513e-13,13.42166893766627,0.8547945205479452,14.23337840482791,0.9638888888888889,11.91318267198787,0.8135135135135135,14.800226202413098,0.9597222222222223,9.164860691483097,0.8,0.0428601356642361
9,0.5,0.1,1.3743867155469047e-12,19.700197744750895,0.9575342465753425,20.43981157072141,0.9888888888888889,17.235331285183673,0.9486486486486486,20.92946447486614,0.9930555555555556,14.688141448938005,0.9459459459459459,0.09705647252646674
9,0.5,0.05,4.87370560575684e-13,19.794869672221246,0.947945205479452,20.512180510939572,0.9888888888888889,16.894311322114454,0.9324324324324325,21.59324755037372,0.9930555555555556,14.423129356578437,0.927027027027027,0.044190946903824836
9,0.25,0.1,1.4008239013207913e-12,14.112685676100261,0.876027397260274,14.89652480114596,0.9611111111111111,12.240801236441598,0.8472972972972973,14.909280100568596,0.9652777777777778,10.215470267049067,0.8297297297297297,0.09681748380470045
9,0.25,0.05,4.762266969660089e-13,14.14989094108194,0.8595890410958904,14.92013655259585,0.9527777777777777,12.064026939758614,0.831081081081081,15.183010060665987,0.9652777777777778,10.062972362294458,0.8013513513513514,0.04405975735017441
10,0.5,0.1,1.320811515714837e-12,19.483595836985845,0.958904109589041,20.10326779792004,0.9902777777777778,16.944911186532295,0.9445945945945946,20.525885501390356,0.9916666666666667,14.844118244199802,0.9445945945945946,0.0942097609095809
10,0.5,0.05,5.889594367758377e-13,19.750728659451234,0.9397260273972603,20.182566181412124,0.9902777777777778,16.94829481428162,0.9162162162162162,21.050191021970907,0.9888888888888889,14.702344203791665,0.9121621621621622,0.04404185862037404
10,0.25,0.1,1.332402937981314e-12,13.841866822984274,0.8732876712328768,14.629097972022992,0.9694444444444444,11.906541385157176,0.8378378378378378,14.922477569942423,0.9652777777777778,9.981046709093071,0.822972972972973,0.09411396202621757
10,0.25,0.05,5.7981744405744e-13,14.154330559597351,0.8568493150684932,14.996773430439914,0.9708333333333333,11.868974673228013,0.8094594594594594,15.399544222713777,0.9638888888888889,9.942558293877656,0.7972972972972973,0.04391941503696698
11,0.5,0.1,1.3140599719463353e-12,18.911050968939037,0.9541095890410959,19.40976844472633,0.9888888888888889,16.545202444726826,0.9472972972972973,19.419659146290613,0.9902777777777778,14.220867978779173,0.9378378378378378,0.09522754777232002
11,0.5,0.05,5.321645901723571e-13,18.463188172553373,0.9335616438356165,18.721511385806448,0.9819444444444444,15.893221497675109,0.9108108108108108,19.42919894681329,0.9930555555555556,13.234727393485963,0.904054054054054,0.042811524341255555
11,0.25,0.1,1.3960915756783265e-12,13.507483009131278,0.873972602739726,14.162416563599445,0.9708333333333333,11.655372265505179,0.845945945945946,13.930980312767515,0.9597222222222223,9.861072083837533,0.827027027027027,0.09485208123582593
11,0.25,0.05,6.170446098519022e-13,13.134148908815483,0.839041095890411,13.75385248667404,0.9513888888888888,11.088109692846157,0.7945945945945946,13.79061307236174,0.9569444444444445,9.221149686765427,0.7702702702702703,0.04297444346137027
12,0.5,0.1,1.2725619169540181e-12,19.30975037023764,0.9568493150684931,20.16503221104235,0.9916666666666667,16.65303153866987,0.9405405405405406,20.170796252006767,0.9944444444444445,14.803611885874677,0.9405405405405406,0.09364554413155567
12,0.5,0.05,4.897332539499644e-13,19.50113807192328,0.95,20.292973158668044,0.9902777777777778,16.833466907741187,0.9324324324324325,20.85381527717946,0.9930555555555556,14.126524538788859,0.9310810810810811,0.04218934008603594
12,0.25,0.1,1.3478662630461713e-12,13.80043804026335,0.8780821917808219,14.573528518726857,0.9694444444444444,11.891032973546933,0.8364864864864865,14.459915881262374,0.9680555555555556,10.120625889367723,0.8364864864864865,0.0935513724054469
12,0.25,0.05,5.480789433409683e-13,13.84212583356099,0.8568493150684932,14.44494351656543,0.9583333333333334,12.057024048009891,0.8189189189189189,14.9157496453863,0.9652777777777778,9.547827302134404,0.8,0.04225930784798283
13,0.5,0.1,1.344372529965554e-12,19.999560801838342,0.9506849315068493,20.81069487737134,0.9916666666666667,17.195579747029786,0.9391891891891891,21.2275881271285,0.9916666666666667,15.075034714103863,0.9297297297297298,0.09364066265979193
13,0.5,0.05,4.864234015578006e-13,19.988822931730333,0.9410958904109589,20.770472670616403,0.9944444444444445,16.875449062934347,0.922972972972973,21.856159551084502,0.9902777777777778,14.847170463556997,0.9148648648648648,0.043153837548687596
13,0.25,0.1,1.3604117832244356e-12,14.1342027702503,0.8705479452054794,14.821320786998855,0.9680555555555556,12.146356479982089,0.8364864864864865,15.327581863372929,0.9680555555555556,10.001092413318341,0.8243243243243243,0.09351984623363944
13,0.25,0.05,5.046831008659325e-13,14.033121710533866,0.8506849315068493,14.818897448672883,0.9611111111111111,11.81998339113879,0.8013513513513514,15.818757585020839,0.9625,9.75976913263938,0.7891891891891892,0.043293366283267735
14,0.5,0.1,1.4958242977591851e-12,19.365755475702258,0.95,20.273920955686307,0.9861111111111112,16.718247984918122,0.9351351351351351,20.580880867267602,0.9930555555555556,14.785585910457765,0.9364864864864865,0.09429193235093714
14,0.5,0.05,5.775172007282947e-13,18.853826459673144,0.9404109589041096,19.40910115380405,0.9902777777777778,16.481759107078513,0.9256756756756757,20.920402085329503,0.9875,13.873457723353262,0.9162162162162162,0.04272569179607652
14,0.25,0.1,1.3646167529302033e-12,13.877516534795939,0.8746575342465753,14.569121995271352,0.9666666666666667,12.005334855761353,0.8405405405405405,14.844451738075637,0.9638888888888889,10.123060175540283,0.8283783783783784,0.09417538721257793
14,0.25,0.05,5.2476425982384e-13,13.472949531229053,0.8568493150684932,14.056747435017407,0.9527777777777777,11.731149210208418,0.8189189189189189,14.870390320154897,0.9611111111111111,9.438879088548877,0.8067567567567567,0.042865627319970304
15,0.5,0.1,1.2522587133911856e-12,19.1903283973333,0.9561643835616438,20.21544618029747,0.9916666666666667,16.46602832868857,0.9486486486486486,20.0884520286809,0.9930555555555556,14.854271680876527,0.9378378378378378,0.09478129989525175
15,0.5,0.05,5.237858757833891e-13,19.203332018979996,0.9410958904109589,20.27899664903483,0.9888888888888889,16.333220529176618,0.9216216216216216,20.852088963224183,0.9930555555555556,14.23035793768589,0.9175675675675675,0.042854237219188254
15,0.25,0.1,1.4908005385727563e-12,13.787002342865225,0.8773972602739726,14.563414460683672,0.9708333333333333,11.986953659206886,0.8472972972972973,14.508447313312383,0.9666666666666667,10.159392334720277,0.8324324324324325,0.09457668487048845
15,0.25,0.05,5.086348009442077e-13,13.937774025057244,0.8602739726027397,14.933672829409769,0.9611111111111111,11.95229652759186,0.8243243243243243,15.107421761393692,0.9652777777777778,9.861929703370807,0.8135135135135135,0.042912408091039446
16,0.5,0.1,1.286405010292313e-12,19.19717614667026,0.95,20.03710346749808,0.9888888888888889,16.40915706526212,0.9405405405405406,20.693680535518933,0.9916666666666667,14.55592751582421,0.9324324324324325,0.09520476757075591
16,0.5,0.05,5.761120747127535e-13,19.221342849604014,0.9410958904109589,20.251573313755372,0.9930555555555556,16.167204186463884,0.918918918918919,21.18251024469668,0.9888888888888889,13.943156892501541,0.9162162162162162,0.043607814422715115
16,0.25,0.1,1.304352459374769e-12,13.687695541066086,0.8726027397260274,14.511465681811355,0.9652777777777778,11.680927295987427,0.8364864864864865,14.722099914502925,0.9638888888888889,9.92714464869598,0.8297297297297297,0.09513317265155444
16,0.25,0.05,5.940734015830174e-13,13.782319575675507,0.85,14.733778500091729,0.9638888888888889,11.620855169018212,0.8054054054054054,15.173296493577965,0.9611111111111111,9.60221492813125,0.7918918918918919,0.043599882031099046
17,0.5,0.1,1.2786577352486006e-12,18.75394399435432,0.9493150684931507,19.592786390141733,0.9888888888888889,16.004536258747983,0.9391891891891891,20.331373400355783,0.9916666666666667,14.283754660597731,0.9283783783783783,0.09319339780943954
17,0.5,0.05,5.560447935426538e-13,18.620396759180135,0.9363013698630137,19.631982041251266,0.9888888888888889,15.431215649603178,0.9135135135135135,21.147525451000696,0.9875,13.87056260001966,0.9121621621621622,0.043236415779357475
17,0.25,0.1,1.4664658376517536e-12,13.48877417836658,0.8712328767123287,14.230088280870046,0.9694444444444444,11.472114046957817,0.8364864864864865,14.731848817370647,0.9652777777777778,9.867313374843656,0.8297297297297297,0.09302824134809978
17,0.25,0.05,5.560447935426538e-13,13.3910953949711,0.85,14.414001257454846,0.9555555555555556,10.979103380204881,0.8081081081081081,15.21636261078465,0.9555555555555556,9.603590240352819,0.7932432432432432,0.04330597675199072
18,0.5,0.1,1.2576502339545215e-12,18.98479822001064,0.9547945205479452,19.858901604364355,0.9888888888888889,16.330289621147106,0.9432432432432433,19.77100666554548,0.9902777777777778,14.566424729543845,0.9418918918918919,0.09514903743478659
18,0.5,0.05,5.859097929050705e-13,18.837950194798957,0.9363013698630137,19.39845791927985,0.9847222222222223,15.946156528969846,0.9121621621621622,20.09030160277075,0.9902777777777778,14.001944589439065,0.9081081081081082,0.04384029451546308
18,0.25,0.1,1.4646686641306417e-12,13.505073784818627,0.8753424657534247,14.432440925724647,0.9708333333333333,11.439508508695406,0.85,14.190990303576926,0.9652777777777778,9.904931992519124,0.8351351351351352,0.09494238846345507
18,0.25,0.05,5.847926309865414e-13,13.301293968714917,0.8513698630136987,14.286493584826351,0.9597222222222223,10.97179389082217,0.8067567567567567,14.401464088262466,0.9652777777777778,9.482310460130897,0.7918918918918919,0.0438132430261057
19,0.5,0.1,1.2713094466043628e-12,19.700661009923632,0.9541095890410959,20.78617646949928,0.9888888888888889,16.77572989419426,0.9459459459459459,21.01489204170555,0.9902777777777778,14.875984739800892,0.9405405405405406,0.09462204187895984
19,0.5,0.05,5.020463211824477e-13,19.85491545248387,0.936986301369863,20.784867288679052,0.9861111111111112,16.597583300875847,0.9202702702702703,21.725994983721474,0.9861111111111112,14.857931525435028,0.9148648648648648,0.04224466343269162
19,0.25,0.1,1.3485879080121776e-12,14.032687829403878,0.8780821917808219,14.909567237884167,0.9722222222222222,11.950678195348727,0.8405405405405405,15.03703579870445,0.9708333333333333,10.197791522291082,0.8351351351351352,0.09455126053838565
19,0.25,0.05,4.692808641681978e-13,14.230100043496142,0.8527397260273972,15.100191535373979,0.9638888888888889,11.877496052744412,0.8054054054054054,15.589750227971312,0.9625,10.187072950156082,0.7972972972972973,0.04238785327109457
20,0.5,0.1,1.26180316195601e-12,19.404413354769694,0.9609589041095891,20.3626597139707,0.9902777777777778,16.722231562670572,0.9486486486486486,20.76428581737378,0.9944444444444445,14.664215667474167,0.9472972972972973,0.09443817310919242
20,0.5,0.05,5.650514778299254e-13,19.792968355668368,0.95,20.209430149818022,0.9888888888888889,16.99303354682099,0.9364864864864865,21.700675926746417,0.9944444444444445,14.200294155147825,0.9310810810810811,0.04331146840772493
20,0.25,0.1,1.3869530524068807e-12,13.91520248340498,0.8732876712328768,14.878236712600353,0.9680555555555556,11.873667464647363,0.8364864864864865,14.748665655420192,0.9638888888888889,10.337601071597831,0.8324324324324325,0.09424942286766126
20,0.25,0.05,5.829677018898138e-13,14.099378403522843,0.8643835616438356,14.88420219454235,0.9625,11.920167886808647,0.827027027027027,15.082338422495672,0.9652777777777778,10.05900748014497,0.8121621621621622,0.043355605048255384
21,0.5,0.1,1.2561236772956619e-12,19.600170830469924,0.9554794520547946,20.39103207158171,0.9888888888888889,16.9490622134644,0.9432432432432433,20.72948603631733,0.9944444444444445,14.682706566455922,0.9364864864864865,0.09528571864417122
21,0.5,0.05,4.955723331701023e-13,20.2068575690031,0.9431506849315069,20.906289297586667,0.9861111111111112,17.238799586460743,0.9283783783783783,22.286457381026025,0.9888888888888889,14.144468837281206,0.922972972972973,0.04417955680304279
21,0.25,0.1,1.2574004337739808e-12,14.020514674189895,0.8780821917808219,14.664655815215491,0.9652777777777778,12.077597976844823,0.8513513513513513,14.847459856128449,0.9680555555555556,10.018030358010614,0.827027027027027,0.09500625438569729
21,0.25,0.05,4.92977186850041e-13,14.267642899122599,0.8609589041095891,14.987486090373196,0.9597222222222223,12.07637880471643,0.8243243243243243,15.669943644132838,0.9638888888888889,9.59887435435406,0.8054054054054054,0.044164912387751575
22,0.5,0.1,1.329485133094721e-12,19.90620627694833,0.9541095890410959,20.391437318290794,0.9902777777777778,17.562331442537488,0.9472972972972973,21.648484358398672,0.9930555555555556,14.59711769394123,0.9378378378378378,0.0952181916181062
22,0.5,0.05,4.938202624593657e-13,19.72372124623942,0.9356164383561644,19.989494444242837,0.9875,17.22441910489925,0.927027027027027,22.559457002780423,0.9875,13.66961686953865,0.9067567567567567,0.04298135887970223
22,0.25,0.1,1.3763989947790378e-12,14.334288587769828,0.8746575342465753,15.003506287789309,0.9694444444444444,12.465143929765066,0.8418918918918918,15.280781925638907,0.9611111111111111,10.261977644610601,0.8283783783783784,0.09509045977362175
22,0.25,0.05,5.240252676230739e-13,14.182942058382414,0.8431506849315068,14.783823974178562,0.9555555555555556,12.22375323611789,0.8067567567567567,15.73023908965833,0.9555555555555556,9.610934483039278,0.7837837837837838,0.04311336201197995
23,0.5,0.1,1.2371249857867639e-12,19.14853157825029,0.9547945205479452,19.771386670580295,0.9902777777777778,16.70001947094809,0.9459459459459459,19.882879408283042,0.9944444444444445,14.549887352172133,0.9378378378378378,0.09466150044238338
23,0.5,0.05,5.391798119092073e-13,18.79060999748306,0.9383561643835616,19.366212742729054,0.9875,16.20447081991647,0.927027027027027,19.937315171441586,0.9916666666666667,13.823385462260578,0.9135135135135135,0.04285037272070863
23,0.25,0.1,1.330081877970457e-12,13.784468013652663,0.8726027397260274,14.418089243590819,0.9680555555555556,11.857279026768026,0.827027027027027,14.143815181940539,0.9694444444444444,10.143699978984053,0.827027027027027,0.09474611261962149
23,0.25,0.05,5.108725942282177e-13,13.58959507175762,0.8424657534246576,14.38207645723069,0.9597222222222223,11.413442440476086,0.7918918918918919,14.127202977332576,0.9597222222222223,9.679086365546363,0.777027027027027,0.04282067710081256
24,0.5,0.1,1.290752227323111e-12,18.19913928017197,0.9561643835616438,18.932058244287674,0.9888888888888889,15.685555088492555,0.9445945945945946,19.49557360485297,0.9944444444444445,13.847050861093196,0.9418918918918919,0.0955956921011685
24,0.5,0.05,6.333510105260842e-13,18.309066373639652,0.9356164383561644,18.935335847899985,0.9847222222222223,15.322130173590546,0.9135135135135135,20.055085872330345,0.9930555555555556,13.641145313582221,0.9094594594594595,0.04486214927133864
24,0.25,0.1,1.282446371320134e-12,13.23135132568881,0.8650684931506849,13.879034380092202,0.9638888888888889,11.349792742341865,0.8418918918918918,14.015261511856002,0.9666666666666667,9.56195425711986,0.8108108108108109,0.09537867000233904
24,0.25,0.05,5.742142872300349e-13,13.343856862199258,0.8506849315068493,14.02647180516652,0.9527777777777777,11.123114552417032,0.8013513513513514,14.460067285920891,0.9625,9.355940436070126,0.7891891891891892,0.0447207899848471
25,0.5,0.1,1.2527270887296993e-12,19.252134490518106,0.9568493150684931,19.816553128800162,0.9902777777777778,16.868846652253822,0.9472972972972973,20.435723517893315,0.9944444444444445,14.304029309036624,0.9378378378378378,0.0958330536656802
25,0.5,0.05,4.922139085206112e-13,19.64656817695234,0.9465753424657535,20.106849583355565,0.9902777777777778,16.930108353178106,0.9391891891891891,21.191070129507132,0.9930555555555556,14.272473577251692,0.9243243243243243,0.043812632842135234
25,0.25,0.1,1.3795631303992195e-12,13.694348673241775,0.8767123287671232,14.306461560714585,0.9652777777777778,11.850751618405114,0.845945945945946,14.578218202988674,0.9638888888888889,9.840128627247156,0.8337837837837838,0.09565610031424475
25,0.25,0.05,5.922450030393378e-13,13.986980807409665,0.8554794520547945,14.708191384278452,0.9597222222222223,11.781517738085556,0.8162162162162162,15.191930155507084,0.9611111111111111,9.81398361865855,0.8027027027027027,0.04386083737580214
26,0.5,0.1,1.2184454833974456e-12,19.4174567123441,0.9541095890410959,20.385654011350038,0.9902777777777778,16.898877819157157,0.9432432432432433,20.605093901548162,0.9916666666666667,14.579030030453803,0.9364864864864865,0.09397911136874434
26,0.5,0.05,4.971058287228658e-13,19.339285891672972,0.9356164383561644,20.196768580062233,0.9847222222222223,16.722668354806327,0.9148648648648648,21.616953385001178,0.9875,13.560502859938662,0.9135135135135135,0.04350550691033347
26,0.25,0.1,1.2495178502991422e-12,13.853901895013019,0.8746575342465753,14.770834486122089,0.9694444444444444,11.993491001519995,0.8364864864864865,14.63621909806069,0.9694444444444444,10.090780251516149,0.8256756756756757,0.09396304319085538
26,0.25,0.05,5.085168397478412e-13,13.764164704053984,0.852054794520548,14.580242479733963,0.9583333333333334,11.927635712084289,0.8094594594594594,15.139020628729803,0.9611111111111111,9.382318876642735,0.7878378378378378,0.043543134921845604
27,0.5,0.1,1.2016256045743745e-12,18.769307512593674,0.9595890410958904,19.409649103190294,0.9902777777777778,16.41858316581725,0.9486486486486486,19.81825950549653,0.9944444444444445,14.111370946681644,0.9418918918918919,0.09542585756272183
27,0.5,0.05,5.192166141476662e-13,19.065568668773814,0.9410958904109589,19.5491725114679,0.9861111111111112,16.57939578383904,0.922972972972973,20.665729469638684,0.9930555555555556,13.609105188235546,0.9135135135135135,0.044506615411213146
27,0.25,0.1,1.3399212295261975e-12,13.415628715023068,0.8780821917808219,14.101825658954112,0.9694444444444444,11.619969750480434,0.8418918918918918,14.124636088517518,0.9625,9.74909772478931,0.8378378378378378,0.09512178255077239
27,0.25,0.05,5.432286565021371e-13,13.584211391368674,0.8561643835616438,14.322550230966533,0.9569444444444445,11.562159054907946,0.8243243243243243,14.62406511615198,0.9583333333333334,9.435772224308556,0.8027027027027027,0.04444132572637317
28,0.5,0.1,1.2888544398403923e-12,19.326923814329767,0.9582191780821918,19.921497852376753,0.9916666666666667,16.948248377565264,0.9432432432432433,20.3272826281172,0.9930555555555556,14.727627348879127,0.9445945945945946,0.09514944422410024
28,0.5,0.05,4.998189362392935e-13,19.87002357353608,0.9452054794520548,19.98230263822079,0.9888888888888889,17.446422920211965,0.9297297297297298,21.34641947238763,0.9916666666666667,14.653591223814201,0.9175675675675675,0.04346198045377348
28,0.25,0.1,1.3440984436563497e-12,13.72827549243585,0.8726027397260274,14.437450170791832,0.9694444444444444,11.94725867043023,0.8405405405405405,14.501647018915936,0.9611111111111111,9.986549028601688,0.8202702702702702,0.09483703003122108
28,0.25,0.05,4.926406504957015e-13,14.106725553393602,0.8657534246575342,14.67195888681743,0.9638888888888889,12.175113709408706,0.8297297297297297,15.086236351271411,0.9652777777777778,9.907111959482918,0.8027027027027027,0.04351628682714505
29,0.5,0.1,1.3083006900060923e-12,19.278776118401964,0.952054794520548,19.91983445272768,0.9916666666666667,16.651450269100515,0.9324324324324325,20.66167751489306,0.9902777777777778,14.594902852609465,0.9337837837837838,0.09341448780140546
29,0.5,0.05,5.639481936992041e-13,19.075990268186008,0.936986301369863,19.349089955906916,0.9875,16.461465001955677,0.9202702702702703,20.957615564925007,0.9875,13.48352527755802,0.9081081081081082,0.042112660300413905
29,0.25,0.1,1.427614970683777e-12,13.908373900629643,0.8753424657534247,14.692953918457091,0.9666666666666667,11.90437460174318,0.8324324324324325,14.772285739494295,0.9597222222222223,10.184143998866876,0.8445945945945946,0.09356438966348354
29,0.25,0.05,5.413829107236978e-13,13.725876330854623,0.8595890410958904,14.395213085890719,0.9597222222222223,11.681042795349097,0.8148648648648649,15.067345169083794,0.9625,9.343109666817668,0.8148648648648649,0.04220052679216117
30,0.5,0.1,1.2948878080898396e-12,19.116211598608956,0.9513698630136986,20.05355975563026,0.9902777777777778,16.355473759130437,0.9432432432432433,20.18938111641296,0.9916666666666667,14.508263091406615,0.9351351351351351,0.09470177258443421
30,0.5,0.05,5.670151848047311e-13,18.56401088432144,0.928082191780822,19.441089057981237,0.9861111111111112,15.85986462634373,0.9121621621621622,20.377029478086936,0.9875,13.420964184953734,0.8972972972972973,0.04289450936123908
30,0.25,0.1,1.423812456824436e-12,13.5471242736304,0.8691780821917808,14.164052872393624,0.9694444444444444,11.808626893951262,0.8324324324324325,14.500977615263126,0.9694444444444444,9.79283300420899,0.8216216216216217,0.09461309251405965
30,0.25,0.05,5.867424601735394e-13,13.171356595774599,0.85,13.803361648747892,0.9583333333333334,11.448523529498805,0.8067567567567567,14.681321430468666,0.9694444444444444,9.07970757289093,0.7783783783783784,0.04299946100415942
31,0.5,0.1,1.2892603651337708e-12,19.58923470669539,0.9541095890410959,20.166356791911173,0.9888888888888889,17.08342723289321,0.9432432432432433,20.69892189532994,0.9930555555555556,14.91583402008644,0.9378378378378378,0.09370330821409321
31,0.5,0.05,5.424480309379476e-13,19.69279021720311,0.9335616438356165,20.01172710440648,0.9861111111111112,17.156373541446477,0.9094594594594595,21.55363442517842,0.9875,14.520741021990615,0.9054054054054054,0.0420843884431156
31,0.25,0.1,1.3762949113704792e-12,14.075551781007043,0.8842465753424658,14.613293453548934,0.9722222222222222,12.19366133428996,0.8554054054054054,14.793245667281521,0.9666666666666667,10.297206414607176,0.8405405405405405,0.09361198401317998
31,0.25,0.05,5.663559898838599e-13,14.229345312733843,0.8712328767123287,14.72378189122968,0.9625,12.220811234345845,0.8418918918918918,15.401911264578722,0.9694444444444444,10.105028540988778,0.8189189189189189,0.042235307278477796
32,0.5,0.1,1.3894441153183834e-12,19.65022912000586,0.9541095890410959,20.444461628218576,0.9902777777777778,16.995718657695527,0.9364864864864865,20.587385897841102,0.9944444444444445,15.076194188637169,0.9391891891891891,0.09381944656313879
32,0.5,0.05,5.519022738820212e-13,20.056030832668654,0.9452054794520548,20.816419987572132,0.9888888888888889,17.24758942422301,0.9243243243243243,21.76085965229591,0.9944444444444445,14.66901985831953,0.9202702702702703,0.043620831680751745
32,0.25,0.1,1.2693734952051727e-12,14.019726611885261,0.8787671232876713,15.007693427157372,0.9736111111111111,11.94496635331932,0.8378378378378378,14.845206591064,0.9625,10.164650555464952,0.8364864864864865,0.09376025871800348
32,0.25,0.05,5.129126290359665e-13,14.188839786810927,0.8609589041095891,15.299392584377442,0.9708333333333333,11.873744114709814,0.8121621621621622,15.489169016260579,0.9638888888888889,9.917105229474288,0.8067567567567567,0.043556152179882235
33,0.5,0.1,1.3530010445350626e-12,19.226533608451465,0.9554794520547946,19.735311641101337,0.9888888888888889,16.83901039800954,0.9445945945945946,19.997784510844767,0.9958333333333333,14.887134989607794,0.9364864864864865,0.09452115812917594
33,0.5,0.05,5.300551664255693e-13,19.069184255455074,0.9397260273972603,19.48102934169197,0.9875,16.568067682554982,0.9243243243243243,20.680158863740278,0.9958333333333333,14.23225987387706,0.9108108108108108,0.044139284660991956
33,0.25,0.1,1.4328260800056114e-12,13.804400292504814,0.8753424657534247,14.48004269352476,0.9652777777777778,11.81330799411855,0.845945945945946,14.313957608720237,0.9638888888888889,10.17306137937196,0.8364864864864865,0.09431898384029451
33,0.25,0.05,5.674176406511577e-13,13.801480573495368,0.8527397260273972,14.55851805891079,0.9569444444444445,11.642130124030299,0.8108108108108109,14.721186687240422,0.9583333333333334,9.854056139232076,0.7972972972972973,0.04424016841077585
34,0.5,0.1,1.3610709781453068e-12,18.975556290398348,0.9513698630136986,19.942564027107974,0.9916666666666667,15.981935121845744,0.9391891891891891,20.125749239038885,0.9902777777777778,14.768534617123489,0.9324324324324325,0.09427383022647995
34,0.5,0.05,5.820517678944981e-13,19.346703323932406,0.9417808219178082,20.053201648287715,0.9902777777777778,16.201905612205426,0.9216216216216216,20.933658826120507,0.9902777777777778,14.47572550852753,0.9148648648648648,0.04455665049679145
34,0.25,0.1,1.2958661921302905e-12,13.536184412596898,0.8732876712328768,14.369931323094386,0.9666666666666667,11.51766031251331,0.8391891891891892,14.402297176963781,0.9680555555555556,9.992350951699114,0.831081081081081,0.0941696921621869
34,0.25,0.05,5.485160936569144e-13,13.75093213920729,0.8513698630136987,14.579366942830413,0.9555555555555556,11.582572488373884,0.8121621621621622,14.931090022420522,0.9625,9.725716434308389,0.7932432432432432,0.04447325868749428
35,0.5,0.1,1.3319484404306081e-12,19.66802197879076,0.9575342465753425,20.66684760082,0.9902777777777778,16.87993173453339,0.9432432432432433,20.60908050271158,0.9902777777777778,15.050849114990992,0.9459459459459459,0.09607021183553507
35,0.5,0.05,4.957111110481804e-13,19.736384502011344,0.9417808219178082,20.553355540063244,0.9875,16.72167297558914,0.9216216216216216,21.013817912848467,0.9861111111111112,14.526753933338693,0.9202702702702703,0.043655205377754726
35,0.25,0.1,1.3747614158177157e-12,13.977111593220434,0.8719178082191781,14.82339556535657,0.975,11.928025581074268,0.827027027027027,14.716673080979216,0.9638888888888889,10.15863576125545,0.822972972972973,0.09596342964070334
35,0.25,0.05,5.730936558645539e-13,13.84019923452033,0.8472602739726027,14.691465186144596,0.9625,11.688006813262389,0.7986486486486486,14.958200855021627,0.9583333333333334,9.736939688103615,0.7891891891891892,0.04371174909235134
36,0.5,0.1,1.329943100092379e-12,19.51588081461654,0.9602739726027397,20.0810024071128,0.9916666666666667,16.967169786788336,0.95,20.708495526973113,0.9916666666666667,15.042821187855596,0.9486486486486486,0.09533270280989718
36,0.5,0.05,4.783083651371811e-13,19.36452267762655,0.9438356164383561,20.05564449067517,0.9902777777777778,16.61623079789629,0.9256756756756757,20.99411039226854,0.9916666666666667,14.584967983601937,0.9256756756756757,0.04410430078001851
36,0.25,0.1,1.3431547540854183e-12,14.02030162387146,0.8773972602739726,14.62454981160559,0.9694444444444444,12.15418919530016,0.8445945945945946,14.774255295820746,0.9638888888888889,10.292559024928442,0.8364864864864865,0.09530321058465795
36,0.25,0.05,5.559441795810471e-13,13.927283873858485,0.8554794520547945,14.542384537960006,0.9638888888888889,11.98725827191852,0.8189189189189189,15.070156818491142,0.9583333333333334,9.931243796212085,0.8067567567567567,0.044014196947046204
37,0.5,0.1,1.2841429308796393e-12,20.043034406516764,0.9554794520547946,21.218842775934927,0.9902777777777778,17.291970867992486,0.9432432432432433,21.42430726601165,0.9944444444444445,15.291056169144499,0.9364864864864865,0.0958647832321445
37,0.5,0.05,4.767054806453785e-13,20.571440856737674,0.9431506849315069,21.825346462621567,0.9902777777777778,17.313603071655805,0.9256756756756757,22.895723148783357,0.9930555555555556,14.865711275154817,0.9121621621621622,0.04418138735495419
37,0.25,0.1,1.3084151817555068e-12,14.340968612596434,0.8815068493150685,15.128355505038607,0.9666666666666667,12.452156678019735,0.8486486486486486,15.279924203591664,0.9680555555555556,10.455011068057582,0.845945945945946,0.09562742166763279
37,0.25,0.05,5.352246423839802e-13,14.737602707468975,0.8678082191780822,15.637568436894245,0.9666666666666667,12.531293436291403,0.8283783783783784,16.130643134321094,0.9680555555555556,10.311523995715582,0.822972972972973,0.044139894844962425
38,0.5,0.1,1.3821652156131847e-12,18.943911890829437,0.947945205479452,19.550669146835872,0.9902777777777778,16.233833295975973,0.9405405405405406,20.0512752282555,0.9902777777777778,14.618847007735784,0.927027027027027,0.09585278294739197
38,0.5,0.05,5.263706137625945e-13,18.728849960088944,0.9342465753424658,19.40066072610852,0.9888888888888889,15.68195972820793,0.918918918918919,20.240758377955665,0.9888888888888889,14.131919900434227,0.9081081081081082,0.043439810436179845
38,0.25,0.1,1.2479323130420994e-12,13.496341766822779,0.8773972602739726,14.184359873427624,0.9722222222222222,11.528061860909405,0.8432432432432433,14.317753549867092,0.9625,9.980912772697465,0.8391891891891892,0.09564532039743316
38,0.25,0.05,5.195045782446783e-13,13.407581334622899,0.8479452054794521,14.25982293527076,0.9527777777777777,11.147065852818915,0.8094594594594594,14.440970772789585,0.9541666666666667,9.676735845861021,0.8,0.043322248324536516
39,0.5,0.1,1.3808329479836345e-12,19.676530191130734,0.9568493150684931,20.67942547462881,0.9902777777777778,16.679883950402086,0.9445945945945946,20.82610464210255,0.9930555555555556,15.298750291592054,0.9418918918918919,0.09143708494777843
39,0.5,0.05,5.19456005987351e-13,19.94614027689054,0.936986301369863,20.840731205332382,0.9847222222222223,16.695443015195114,0.9202702702702703,21.474391586329226,0.9916666666666667,15.183629064241465,0.9067567567567567,0.042249951693769
39,0.25,0.1,1.4274970094874107e-12,13.952448151310868,0.8719178082191781,14.87411859176467,0.9666666666666667,11.720345009562052,0.8405405405405405,15.048696132199355,0.9638888888888889,10.306262127642078,0.8243243243243243,0.09133294688348537
39,0.25,0.05,5.719244522417455e-13,14.153856596044713,0.8506849315068493,15.097310107480022,0.9652777777777778,11.73855569338979,0.8067567567567567,15.44356985859187,0.9611111111111111,10.234732595232716,0.7932432432432432,0.042214764418138734
40,0.5,0.1,1.4106632528765317e-12,19.131126685203615,0.9506849315068493,19.694887727554594,0.9916666666666667,16.523780286764897,0.9391891891891891,20.268301708866673,0.9902777777777778,14.203501640200038,0.9324324324324325,0.0944906489306526
40,0.5,0.05,5.369732436477648e-13,18.54928228699578,0.9260273972602739,19.204894069775147,0.9888888888888889,15.79203597010701,0.9013513513513514,20.60981899180968,0.9902777777777778,12.926194950386066,0.8918918918918919,0.043307603909245304
40,0.25,0.1,1.419100947863683e-12,13.683708417982947,0.8773972602739726,14.297309671902209,0.9736111111111111,11.85768770973865,0.8391891891891892,14.56839687911855,0.9666666666666667,9.821875703635218,0.831081081081081,0.09439017197018235
40,0.25,0.05,5.49223860835113e-13,13.231150764316892,0.8465753424657534,13.932403432188108,0.9597222222222223,11.325664437072719,0.7972972972972973,14.643219235093948,0.9666666666666667,9.005778293662084,0.7878378378378378,0.04338021580173089
41,0.5,0.1,1.1894166207504497e-12,19.156371173166374,0.9547945205479452,19.979095355409477,0.9888888888888889,16.513109669184303,0.9445945945945946,20.159612205601686,0.9916666666666667,14.448639519848637,0.9432432432432433,0.09647272986138654
41,0.5,0.05,4.747938153748521e-13,18.98230835329604,0.9383561643835616,19.720670959114045,0.9847222222222223,16.19253621131473,0.9175675675675675,20.42960246152119,0.9888888888888889,13.910802222227776,0.918918918918919,0.04248324536514426
41,0.25,0.1,1.2264078641521792e-12,13.922371834564267,0.873972602739726,14.511606244668258,0.9694444444444444,12.003553062968306,0.8418918918918918,14.422239658608262,0.9694444444444444,10.139599995027778,0.8216216216216217,0.09638913465743255
41,0.25,0.05,5.132248792616423e-13,13.825139968381599,0.8513698630136987,14.446927422579064,0.9555555555555556,11.837738421502765,0.8067567567567567,14.550695400467625,0.9652777777777778,9.798920666159448,0.7905405405405406,0.042625825019576735
42,0.5,0.1,1.3283818489639998e-12,19.181149501071417,0.958904109589041,19.62759324382727,0.9902777777777778,16.883609511371148,0.9459459459459459,19.847379789475738,0.9930555555555556,14.514633239644683,0.9459459459459459,0.09670683711138908
42,0.5,0.05,5.596599572665895e-13,19.400457077468975,0.9452054794520548,19.466786591740185,0.9875,16.848494239889064,0.9310810810810811,20.682842593554195,0.9916666666666667,14.337376977145373,0.927027027027027,0.04366273098005716
42,0.25,0.1,1.434047325332699e-12,13.653486164613224,0.8746575342465753,14.180820772687802,0.9680555555555556,11.909818135855668,0.8418918918918918,14.210318119772493,0.9652777777777778,9.991730070126362,0.8324324324324325,0.09643550863918805
42,0.25,0.05,6.375421024440442e-13,13.763873628847794,0.8554794520547945,14.095099229545857,0.9611111111111111,11.900166437492068,0.8121621621621622,14.712515762300352,0.9597222222222223,9.856456762375627,0.8027027027027027,0.043606594054774184
43,0.5,0.1,1.3448339664101638e-12,19.339530159943315,0.9547945205479452,20.01134485094931,0.9902777777777778,16.849313091174476,0.9459459459459459,20.197243188825745,0.9930555555555556,14.907746671542185,0.9378378378378378,0.09609482258901059
43,0.5,0.05,4.5050421726422485e-13,19.84476023746181,0.9397260273972603,20.112457356321542,0.9888888888888889,17.426890535879682,0.922972972972973,21.16648370657632,0.9930555555555556,14.57637295436449,0.9148648648648648,0.044135826951825975
43,0.25,0.1,1.4105869250435887e-12,13.90760597546861,0.8773972602739726,14.610256930483809,0.9694444444444444,12.010291448603299,0.8486486486486486,14.609560129953833,0.9680555555555556,10.148549502622295,0.8351351351351352,0.09575922140525368
43,0.25,0.05,5.672823322200315e-13,14.19583005264916,0.8623287671232877,14.756577310529934,0.9583333333333334,12.228203847379278,0.827027027027027,15.194060258114764,0.9652777777777778,9.926565592560443,0.8081081081081081,0.04425766035126257
44,0.5,0.1,1.3332876469540622e-12,19.52615580985989,0.9561643835616438,20.23490235990008,0.9902777777777778,17.023359036581688,0.9445945945945946,20.35678895409056,0.9930555555555556,15.090046375442643,0.9445945945945946,0.09628031851603258
44,0.5,0.05,5.028963356856764e-13,20.22516623071481,0.9458904109589041,20.9727450085091,0.9861111111111112,17.565224831661684,0.9337837837837838,21.739775201712018,0.9930555555555556,14.83139374666857,0.927027027027027,0.043340147054336885
44,0.25,0.1,1.4432205430736644e-12,13.956267770728843,0.8767123287671232,14.686943472554262,0.9722222222222222,12.100820161842444,0.845945945945946,14.523403808309434,0.9625,10.269880197767838,0.831081081081081,0.09600776967589061
44,0.25,0.05,5.840224137632077e-13,14.311311584371452,0.8616438356164383,15.147612094644288,0.9638888888888889,12.440882345851561,0.822972972972973,15.279897498059666,0.9652777777777778,10.045942946535632,0.8054054054054054,0.04326814534582177
45,0.5,0.1,1.2940863658439383e-12,19.474729133863086,0.9534246575342465,20.132624398074753,0.9916666666666667,16.897905575463597,0.9378378378378378,20.95528083150935,0.9902777777777778,14.702972527672857,0.9364864864864865,0.0955784035553386
45,0.5,0.05,5.026049021417123e-13,19.313578639871814,0.9431506849315069,19.73624069499882,0.9902777777777778,16.718158427769108,0.927027027027027,21.359070102039762,0.9847222222222223,14.355235293209759,0.9243243243243243,0.04173536321200842
45,0.25,0.1,1.3074888394193351e-12,14.016150086201522,0.8746575342465753,14.570532672771764,0.9694444444444444,12.178586530533446,0.8351351351351352,14.927992066105736,0.9652777777777778,9.95942418859409,0.831081081081081,0.09555175885529488
45,0.25,0.05,5.664843594210822e-13,13.934393063133456,0.8527397260273972,14.393128291013333,0.9569444444444445,12.045544817375552,0.8108108108108109,15.262090948161042,0.9625,9.619428395394378,0.8040540540540541,0.04180594115792578
46,0.5,0.1,1.2649742364700955e-12,19.658595924979686,0.9575342465753425,20.2717451852418,0.9902777777777778,17.06945314394938,0.9418918918918919,20.656096085059684,0.9916666666666667,15.0978139688569,0.9432432432432433,0.09545880749712705
46,0.5,0.05,6.097518323588957e-13,19.589304674769554,0.9417808219178082,20.036178961310767,0.9902777777777778,16.86307007793608,0.9202702702702703,21.056613379062817,0.9888888888888889,14.637558420117971,0.9175675675675675,0.043673104107555094
46,0.25,0.1,1.4200238207529026e-12,14.120200038566168,0.8794520547945206,14.893240155322596,0.9708333333333333,12.081618641417565,0.8567567567567568,14.896129311171801,0.9652777777777778,10.423943108909272,0.8418918918918918,0.09515900377297089
46,0.25,0.05,5.901876209968293e-13,14.052001133154944,0.8623287671232877,14.870852951491283,0.9625,11.87677066962985,0.8378378378378378,15.267995105849268,0.9625,10.141637451823385,0.8040540540540541,0.04371724074808555
47,0.5,0.1,1.2530011750389036e-12,19.58305169592097,0.9575342465753425,20.035156242055763,0.9902777777777778,16.982834245515726,0.9432432432432433,20.788989360719256,0.9916666666666667,14.828442677661748,0.9486486486486486,0.09365388331248538
47,0.5,0.05,5.377503997650024e-13,19.670755974472126,0.9404109589041096,20.21062151586826,0.9902777777777778,16.790496007201813,0.9256756756756757,21.329963087651834,0.9875,14.417639799513756,0.9162162162162162,0.04257395938208703
47,0.25,0.1,1.2943812688348544e-12,13.890629360398552,0.873972602739726,14.271661881952717,0.9680555555555556,12.116435414384334,0.8472972972972973,14.866944726343053,0.9652777777777778,9.928291819134051,0.8297297297297297,0.09386093907313055
47,0.25,0.05,5.454144080818679e-13,13.930911240020569,0.8534246575342466,14.341679344865463,0.9666666666666667,12.073330504636658,0.8094594594594594,15.356387574150782,0.9638888888888889,9.551880241877464,0.7945945945945946,0.04270677609299204
48,0.5,0.1,1.2561410245304216e-12,19.733877678450874,0.9547945205479452,20.47805000030249,0.9902777777777778,17.119538661724775,0.9472972972972973,20.66381627038182,0.9916666666666667,15.30383243141341,0.9351351351351351,0.09506991691328269
48,0.5,0.05,5.299337357822509e-13,19.962110711810382,0.9431506849315069,20.976560676451403,0.9902777777777778,16.832447413218627,0.9337837837837838,21.10689337066304,0.9944444444444445,15.305299228440484,0.9121621621621622,0.04384171827806083
48,0.25,0.1,1.2840527252588885e-12,14.031625250325112,0.8794520547945206,14.691013959900785,0.975,12.204855424043561,0.845945945945946,14.827711123913838,0.9611111111111111,10.43343967447325,0.8405405405405405,0.09470523029360019
48,0.25,0.05,5.39047972925033e-13,14.28736309642929,0.8684931506849315,15.19639688522524,0.9694444444444444,12.125336594390618,0.831081081081081,15.107154868622121,0.9652777777777778,10.667716009587402,0.8175675675675675,0.04393365266294454
49,0.5,0.1,1.449243502982256e-12,19.356796494669716,0.9554794520547946,20.15874382938561,0.9902777777777778,16.819847489020155,0.9445945945945946,20.662979506409393,0.9916666666666667,14.676249326636423,0.9405405405405406,0.09251426305030967
49,0.5,0.05,5.921339807368753e-13,18.90423397448028,0.9458904109589041,19.561751812157077,0.9916666666666667,16.388293895422404,0.9337837837837838,20.61144597256771,0.9902777777777778,14.098464102881602,0.9202702702702703,0.043261433322146624
49,0.25,0.1,1.2466520871168285e-12,14.037953173725187,0.8815068493150685,14.68491582105549,0.9722222222222222,12.133224907401226,0.8445945945945946,14.799402253227878,0.9666666666666667,10.24107346193284,0.8391891891891892,0.09248660137698182
49,0.25,0.05,6.2155142144249e-13,13.701218710960676,0.8719178082191781,14.388433132615162,0.9680555555555556,11.76009406371616,0.8256756756756757,14.695389542380461,0.9708333333333333,9.813430228675884,0.8189189189189189,0.043213838972450194
50,0.5,0.1,1.3481021854389041e-12,19.636080225604854,0.958904109589041,20.74271295544595,0.9902777777777778,16.75208305468679,0.9459459459459459,20.434602852818752,0.9930555555555556,15.150481836496471,0.9459459459459459,0.09453559914981033
50,0.5,0.05,5.69568697761369e-13,19.942004215019207,0.9404109589041096,20.691796036409936,0.9888888888888889,16.973363820391405,0.9243243243243243,21.237984865729267,0.9930555555555556,14.651077074855113,0.9135135135135135,0.04339608058496303
50,0.25,0.1,1.2820439154737073e-12,14.114736178840124,0.8801369863013698,15.064171851357322,0.9694444444444444,11.9769331982855,0.8418918918918918,14.716979154465081,0.9680555555555556,10.410689589833948,0.8364864864864865,0.09439281610072103
50,0.25,0.05,5.65231889071427e-13,14.381201975214994,0.8554794520547945,15.325905252454085,0.9652777777777778,12.111163862984656,0.8175675675675675,15.144226113642977,0.9680555555555556,10.201207601966102,0.7945945945945946,0.04351059177675402
51,0.5,0.1,1.3291034939300062e-12,19.28138663032818,0.9534246575342465,20.10412203250303,0.9861111111111112,16.669104119173305,0.9459459459459459,20.46640549824612,0.9930555555555556,14.429037966920362,0.9418918918918919,0.09379564938829058
51,0.5,0.05,5.226166721605807e-13,18.805944632759047,0.9335616438356165,19.3797197704721,0.9847222222222223,16.09221019237098,0.9243243243243243,20.55668903119447,0.9930555555555556,13.20370604909125,0.9081081081081082,0.04227598620984227
51,0.25,0.1,1.3058859549275326e-12,13.794922004858035,0.8691780821917808,14.588745139793488,0.9638888888888889,11.942016329464423,0.8337837837837838,14.392692477596075,0.9652777777777778,10.096028456253961,0.8256756756756757,0.09382615858681392
51,0.25,0.05,5.193658003666002e-13,13.501606781071837,0.8452054794520548,14.252010742478628,0.9486111111111111,11.631618574253217,0.8121621621621622,14.47879451772621,0.9597222222222223,9.30703302009539,0.7905405405405406,0.042324394138165994
52,0.5,0.1,1.3621430372534604e-12,19.123911890455698,0.9554794520547946,19.987228829842433,0.9916666666666667,16.477729657105108,0.9405405405405406,20.70722907355458,0.9930555555555556,14.56056476980448,0.9364864864864865,0.0961285861020431
52,0.5,0.05,5.532969915567065e-13,19.27614450303113,0.9315068493150684,20.200034199880186,0.9875,16.28564402002005,0.9067567567567567,21.667751328817086,0.9888888888888889,13.965790908546749,0.8986486486486487,0.042469211133823515
52,0.25,0.1,1.3156142841808105e-12,13.765926347218645,0.8719178082191781,14.675190174282834,0.9652777777777778,11.748584125804708,0.8364864864864865,14.689856754903408,0.9638888888888889,10.017916362069913,0.8256756756756757,0.09583162990308244
52,0.25,0.05,5.385067392005283e-13,13.727910285625251,0.8472602739726027,14.610945678567406,0.9555555555555556,11.566737602959112,0.8054054054054054,15.216848461290208,0.9638888888888889,9.456283651039117,0.7824324324324324,0.04258697664012366
53,0.5,0.1,1.2973927487891501e-12,19.531978636991752,0.9575342465753425,20.456205196061394,0.9916666666666667,16.891105964244698,0.9432432432432433,20.80234059701486,0.9916666666666667,14.71291942991194,0.9405405405405406,0.09486062381141247
53,0.5,0.05,5.368205879818788e-13,19.137692367374097,0.9438356164383561,19.608644581453216,0.9902777777777778,16.97697964371319,0.9202702702702703,21.448293390260343,0.9875,13.75041600030132,0.9256756756756757,0.044839979253745006
53,0.25,0.1,1.4072978893331367e-12,13.947256648486192,0.876027397260274,14.71067439720561,0.9694444444444444,12.036169795626396,0.8445945945945946,14.907334986859112,0.9680555555555556,10.066535540993627,0.8337837837837838,0.09465133070954226
53,0.25,0.05,5.702348315761441e-13,13.535995838240428,0.852054794520548,14.110680928316249,0.9666666666666667,11.905082795268362,0.8162162162162162,15.29330535083836,0.9583333333333334,9.173069003272927,0.8027027027027027,0.044765333414691195
54,0.5,0.1,1.230453239298157e-12,19.90220704979074,0.9561643835616438,20.88144857091489,0.9888888888888889,17.08524898247554,0.9418918918918919,20.886930586789653,0.9902777777777778,14.928701909712398,0.9459459459459459,0.09512361310268379
54,0.5,0.05,5.737146868689535e-13,19.427477239959565,0.9424657534246575,20.050769494627648,0.9861111111111112,16.841999106730647,0.922972972972973,21.197896685276092,0.9875,13.883592844843474,0.927027027027027,0.04283755885732882
54,0.25,0.1,1.3427869927085112e-12,13.975717997669943,0.8794520547945206,14.792957335104605,0.9666666666666667,12.033693994538488,0.8405405405405405,15.017130246934693,0.9611111111111111,9.994454287134221,0.8391891891891892,0.0948972348496405
54,0.25,0.05,5.542927228319172e-13,13.632249659485737,0.8547945205479452,14.292022600212642,0.9597222222222223,11.703090959030648,0.8,15.167314532227644,0.9569444444444445,9.308054467524448,0.8027027027027027,0.043037089015671555
55,0.5,0.1,1.3646306307180112e-12,19.875361301123306,0.9595890410958904,20.753310311598998,0.9916666666666667,17.239897967194835,0.9513513513513514,21.098669388248165,0.9944444444444445,15.090452087229389,0.9445945945945946,0.09420101493933754
55,0.5,0.05,5.455635943008019e-13,19.52441067217988,0.9486301369863014,20.23678145304245,0.9930555555555556,16.76197494856258,0.9364864864864865,21.289521466636156,0.9930555555555556,14.255794307336249,0.922972972972973,0.04333729952914137
55,0.25,0.1,1.3230354312110393e-12,14.170221947924528,0.8767123287671232,14.979348459719017,0.9722222222222222,12.311830161486736,0.8432432432432433,15.007459008951148,0.9625,10.207395353257528,0.8378378378378378,0.09416013261331625
55,0.25,0.05,5.48477929740443e-13,14.03970235483401,0.8664383561643836,14.862895773061481,0.9638888888888889,12.07945500326868,0.8391891891891892,15.29797437335738,0.9625,9.764473983180924,0.8135135135135135,0.04336313065055781
56,0.5,0.1,1.3239895291228265e-12,19.542469540363957,0.9595890410958904,20.26377944987391,0.9902777777777778,17.064149345978095,0.9459459459459459,20.74863294991765,0.9944444444444445,14.553301738538213,0.9432432432432433,0.09310614150166276
56,0.5,0.05,5.998292140763084e-13,19.55230510896114,0.9356164383561644,20.180752502613103,0.9888888888888889,16.771477127021196,0.9108108108108108,21.23032852236709,0.9916666666666667,14.037058757356528,0.9054054054054054,0.042941493526965045
56,0.25,0.1,1.3402889909031046e-12,13.965800687764006,0.876027397260274,14.698464356499798,0.9666666666666667,12.003945178873407,0.8418918918918918,14.805222760103298,0.9666666666666667,9.977957791077511,0.8351351351351352,0.09327373869888438
56,0.25,0.05,5.468854535894963e-13,14.02686645598119,0.8486301369863014,14.809547292148007,0.9625,11.784671116788243,0.7945945945945946,15.136962809944666,0.9625,9.674177887785135,0.7932432432432432,0.04291220469638263
57,0.5,0.1,1.2522656522850895e-12,19.585543200709818,0.9595890410958904,20.225037408938054,0.9916666666666667,17.010341084337547,0.9486486486486486,21.230115174939428,0.9916666666666667,14.92068596512879,0.9486486486486486,0.09539799249473717
57,0.5,0.05,5.05314540211188e-13,19.768663181554533,0.9486301369863014,20.14676500087262,0.9902777777777778,17.084571114144047,0.9378378378378378,22.029282196841486,0.9902777777777778,14.671873175643968,0.927027027027027,0.043559609889048216
57,0.25,0.1,1.2940933047378422e-12,13.972466897671124,0.8808219178082192,14.726763707984725,0.9708333333333333,12.019102596603512,0.8445945945945946,15.08382155788376,0.9708333333333333,10.282098966024591,0.8432432432432433,0.09521534409291067
57,0.25,0.05,5.273663450378052e-13,14.039841189541958,0.8623287671232877,14.837358291435114,0.9611111111111111,11.907757264624147,0.8297297297297297,15.424316025079763,0.9694444444444444,10.058551684695757,0.8,0.043607611028058296
58,0.5,0.1,1.389617587665981e-12,19.400559841150148,0.9582191780821918,20.254405925667253,0.9930555555555556,16.875479946530223,0.9418918918918919,20.527457694697407,0.9916666666666667,14.503833506038072,0.9472972972972973,0.09281121924927033
58,0.5,0.05,5.61339169591335e-13,19.010828158061287,0.9438356164383561,19.804700653759426,0.9916666666666667,16.493640834844616,0.9297297297297298,20.746801876224744,0.9930555555555556,13.5861917782288,0.918918918918919,0.04253429742400667
58,0.25,0.1,1.2256098913532298e-12,13.832908573613699,0.8787671232876713,14.494511338495812,0.9666666666666667,12.1531182723248,0.845945945945946,14.591275745302127,0.9666666666666667,9.944533709753555,0.8378378378378378,0.09276789618736715
58,0.25,0.05,5.467952479687455e-13,13.508830156874398,0.8602739726027397,14.164670551964583,0.9555555555555556,11.903967791929833,0.8283783783783784,14.648038422124294,0.9666666666666667,9.270401389059806,0.8,0.04256439983321638
59,0.5,0.1,1.3079884397804165e-12,20.107590234900865,0.9568493150684931,20.95854995454501,0.9902777777777778,16.956450255993254,0.9459459459459459,21.11194453736008,0.9930555555555556,15.625904469174955,0.9418918918918919,0.09618268908075785
59,0.5,0.05,5.187517082561044e-13,20.064539157124642,0.9383561643835616,20.835405060223366,0.9861111111111112,16.691695212836112,0.9243243243243243,21.85202421177391,0.9888888888888889,15.274547215204121,0.9148648648648648,0.04373208855803358
59,0.25,0.1,1.5071555115042656e-12,14.246660304849815,0.8753424657534247,14.964542204679592,0.9680555555555556,12.060064183076921,0.845945945945946,15.130385993994498,0.9638888888888889,10.576697068944856,0.8337837837837838,0.09593271704752317
59,0.25,0.05,6.112714501238514e-13,14.371701380229625,0.8602739726027397,15.057347890977187,0.9625,12.04466919339562,0.8216216216216217,15.76028605387228,0.9625,10.497206817308188,0.8094594594594594,0.043703816700735275
60,0.5,0.1,1.4321946406603558e-12,19.129351597981902,0.9582191780821918,20.061315653689565,0.9916666666666667,16.548345025727276,0.9459459459459459,20.094982465594587,0.9916666666666667,14.552828294598045,0.9405405405405406,0.09473675646540765
60,0.5,0.05,5.393394064689971e-13,18.912165699127012,0.9404109589041096,19.750817187995086,0.9875,16.193855506617403,0.9148648648648648,20.40739148506581,0.9875,13.930423982437869,0.918918918918919,0.04464777130304787
60,0.25,0.1,1.199564753084914e-12,13.753877641133698,0.8719178082191781,14.54313951933643,0.9666666666666667,11.967743116308416,0.8391891891891892,14.288695775122404,0.9625,10.098110408296602,0.827027027027027,0.09458746478730004
60,0.25,0.05,5.400888070106191e-13,13.67410703799611,0.8534246575342466,14.513733129170419,0.9583333333333334,11.77430022586569,0.8189189189189189,14.465898057702159,0.9583333333333334,9.72406774587332,0.7945945945945946,0.044424850759170555
61,0.5,0.1,1.354250045437766e-12,19.853692260538484,0.9547945205479452,20.469811741676953,0.9902777777777778,17.21105920655608,0.9418918918918919,20.665791032171065,0.9916666666666667,15.197189504646696,0.9405405405405406,0.09357455939632466
61,0.5,0.05,4.870062686457288e-13,19.862218377300117,0.9363013698630137,20.06064552984955,0.9861111111111112,17.20011885884803,0.9256756756756757,21.381398178085995,0.9888888888888889,14.813215027145032,0.9108108108108108,0.043010851104941475
61,0.25,0.1,1.267114885239451e-12,14.127177294626254,0.8794520547945206,14.714484980456179,0.9680555555555556,12.104579665779722,0.845945945945946,14.821050487772762,0.9638888888888889,10.352441378717138,0.8418918918918918,0.09361828924754147
61,0.25,0.05,5.198098895764502e-13,14.06774352339659,0.8493150684931506,14.449470727265405,0.9625,12.049650191181183,0.8081081081081081,15.291716052779783,0.9597222222222223,9.97145355391237,0.7986486486486486,0.04315282057540348
62,0.5,0.1,1.3078947647127137e-12,19.613277684034728,0.9568493150684931,20.728344664716342,0.9888888888888889,16.78444560434943,0.9445945945945946,20.98663347818277,0.9888888888888889,15.145902152557419,0.9472972972972973,0.09194902929900031
62,0.5,0.05,5.040169670511574e-13,19.52339690710785,0.9417808219178082,20.15218009409035,0.9875,16.594605171125863,0.9243243243243243,21.294261176921115,0.9888888888888889,14.775022927947136,0.9202702702702703,0.04256033194007994
62,0.25,0.1,1.1984371828255291e-12,13.9856940708824,0.8794520547945206,14.92018622779167,0.9708333333333333,11.980817502353286,0.8486486486486486,14.976418719290889,0.9652777777777778,10.321591745330933,0.8337837837837838,0.09206903214652551
62,0.25,0.05,5.329590935243544e-13,13.965766435227783,0.8595890410958904,14.735871955424885,0.9652777777777778,11.876103452248143,0.822972972972973,15.220883373187743,0.9708333333333333,9.979488335089973,0.7945945945945946,0.04261829941727431
63,0.5,0.1,1.1907037855696245e-12,19.54543564062384,0.9547945205479452,20.081317171328138,0.9888888888888889,17.041556456596567,0.9405405405405406,20.745719023665323,0.9916666666666667,14.724921283464779,0.9418918918918919,0.095960378720851
63,0.5,0.05,5.264330638077297e-13,19.326052732446982,0.9397260273972603,19.592107765148384,0.9833333333333333,16.53539212034248,0.918918918918919,21.021194211785613,0.9916666666666667,14.126128392132205,0.9175675675675675,0.043200211530443094
63,0.25,0.1,1.4178658247487874e-12,14.002201057138736,0.8767123287671232,14.56590546906021,0.9694444444444444,12.135915748770056,0.85,14.745750398031461,0.9638888888888889,10.079742103095779,0.8351351351351352,0.09585318973670562
63,0.25,0.05,5.328237850932283e-13,13.788136624710079,0.8623287671232877,14.291450712454031,0.9597222222222223,11.654720937955092,0.8202702702702702,14.761596408638152,0.9597222222222223,9.72376421718446,0.8094594594594594,0.04324150064577804
64,0.5,0.1,1.2997866671859981e-12,19.368542177397753,0.9582191780821918,19.903013294718967,0.9902777777777778,16.8618678094919,0.9472972972972973,20.331848547988134,0.9902777777777778,14.87809013062264,0.9459459459459459,0.09556518290264515
64,0.5,0.05,5.496297861284916e-13,19.15046946391824,0.9431506849315069,19.72651487698934,0.9875,16.212425404154533,0.9297297297297298,20.631742348143245,0.9916666666666667,14.389878341016821,0.9216216216216216,0.043757309495479554
64,0.25,0.1,1.4053480601461388e-12,13.905547263234075,0.8767123287671232,14.628285025562905,0.9666666666666667,11.894902066107415,0.8418918918918918,14.582975428987357,0.9625,10.245512259795596,0.8391891891891892,0.09560952293783243
64,0.25,0.05,5.231579058850855e-13,13.829786372668684,0.8589041095890411,14.677674601732253,0.9597222222222223,11.519135414013661,0.8216216216216217,14.819573511103197,0.9541666666666667,9.995042131001954,0.8243243243243243,0.043626119941829127
65,0.5,0.1,1.27870977695288e-12,19.597481106169187,0.9595890410958904,20.120212603931662,0.9902777777777778,17.284070839036733,0.9472972972972973,20.753314533034207,0.9944444444444445,14.717712833962452,0.9432432432432433,0.09325217886526121
65,0.5,0.05,5.124650703791644e-13,19.655237912792884,0.9472602739726027,20.017440459045794,0.9833333333333333,17.32915673946461,0.9364864864864865,21.261491403373412,0.9944444444444445,14.381600144784292,0.922972972972973,0.042981765669015876
65,0.25,0.1,1.2478559852091564e-12,13.844090752434584,0.8712328767123287,14.438496623361708,0.9694444444444444,12.068222981533992,0.827027027027027,14.714680901181179,0.9666666666666667,9.99097807834955,0.8175675675675675,0.09329875624167352
65,0.25,0.05,5.217042076122169e-13,13.84360054811166,0.852054794520548,14.460792826941534,0.9625,11.90657043483571,0.8108108108108109,15.118746634724719,0.9666666666666667,9.674991870479355,0.7864864864864864,0.04308793767987715
66,0.5,0.1,1.4143894389029299e-12,19.676314924872443,0.9575342465753425,20.286096071137255,0.9875,17.257994287542072,0.9472972972972973,21.007081609285027,0.9944444444444445,14.562907567524432,0.9472972972972973,0.09582979935117104
66,0.5,0.05,6.061574853166718e-13,20.409811365409354,0.9452054794520548,21.07024059221262,0.9875,17.414174186071,0.9364864864864865,22.137211944890588,0.9930555555555556,14.563577193055622,0.9256756756756757,0.04189441783364351
66,0.25,0.1,1.3641691942734013e-12,14.058522810000378,0.8787671232876713,14.78638327946728,0.9666666666666667,12.086358998869793,0.8486486486486486,14.94765546332542,0.9652777777777778,10.168481973977917,0.8391891891891892,0.09553345333618087
66,0.25,0.05,5.881753417646962e-13,14.359198413858781,0.8561643835616438,15.284301138751768,0.9569444444444445,12.010028120397976,0.8189189189189189,15.55669933641086,0.9638888888888889,10.019239369258132,0.8,0.04195970751848349
67,0.5,0.1,1.3312545510402174e-12,19.031676833528294,0.9575342465753425,19.880016128015978,0.9930555555555556,16.300942706522942,0.9459459459459459,20.07325988380646,0.9930555555555556,14.74051428757348,0.9405405405405406,0.09310878563220144
67,0.5,0.05,5.988161355663379e-13,18.52992923752075,0.947945205479452,19.384582877058318,0.9902777777777778,15.449044929259468,0.927027027027027,20.192313203089263,0.9888888888888889,14.219937639512462,0.9310810810810811,0.042485889495682945
67,0.25,0.1,1.4107534584972825e-12,13.57210040774631,0.8712328767123287,14.386360648164523,0.9708333333333333,11.575002422548833,0.8297297297297297,14.407202404934582,0.9666666666666667,10.065091644427397,0.822972972972973,0.09304532649927287
67,0.25,0.05,5.433674343802153e-13,13.402590618745837,0.8458904109589042,14.207099511992855,0.9611111111111111,11.133905395433281,0.7945945945945946,14.569137172854514,0.9652777777777778,9.803112471975176,0.7824324324324324,0.042476329946812295
68,0.5,0.1,1.2195036647177915e-12,18.579859976016817,0.9541095890410959,19.16779979114529,0.9902777777777778,16.180507807100682,0.9405405405405406,19.796181548121858,0.9916666666666667,14.10950479028994,0.9391891891891891,0.09464685602709216
68,0.5,0.05,5.217562493164962e-13,17.74088079643772,0.939041095890411,18.02834053320016,0.9875,15.349880251422471,0.9216216216216216,19.41755047217831,0.9888888888888889,13.01869394919536,0.9162162162162162,0.04237422582908747
68,0.25,0.1,1.1532094723598618e-12,13.212138357587314,0.8794520547945206,13.796022020472067,0.9625,11.450412662138534,0.845945945945946,13.956673333425375,0.9666666666666667,9.66042012453997,0.8391891891891892,0.0943706460831274
68,0.25,0.05,5.570474637117684e-13,12.651665695800299,0.8493150684931506,13.220459927929666,0.9611111111111111,10.829088567789555,0.8108108108108109,13.614942812643564,0.9555555555555556,8.801328142226831,0.7945945945945946,0.04251151722244256
69,0.5,0.1,1.20046333984547e-12,19.81152504056005,0.9568493150684931,20.559233049093972,0.9902777777777778,17.226338946707788,0.9513513513513514,20.716978981024244,0.9916666666666667,14.857401465104966,0.9459459459459459,0.09411375863156075
69,0.5,0.05,5.412753578681873e-13,20.194004783164118,0.9424657534246575,20.80890976614412,0.9888888888888889,17.277215289747513,0.9297297297297298,21.82342845902815,0.9916666666666667,14.720390483225161,0.9202702702702703,0.042868474845165816
69,0.25,0.1,1.2281980987793872e-12,14.029012511671988,0.8787671232876713,14.987817970530168,0.9694444444444444,11.97358742267353,0.8391891891891892,14.876526537660157,0.9680555555555556,10.122636904489621,0.8324324324324325,0.0940014847809948
69,0.25,0.05,4.989446356074012e-13,14.136300906493087,0.8568493150684932,15.025010760442091,0.9638888888888889,11.887427668143395,0.8027027027027027,15.459025367512062,0.9666666666666667,9.780848532929824,0.7905405405405406,0.04298257924764316
70,0.5,0.1,1.2747823630032684e-12,19.855558488098307,0.9602739726027397,20.48916856641541,0.9888888888888889,17.249651193096028,0.9513513513513514,20.7555894113745,0.9930555555555556,15.141137151836872,0.9472972972972973,0.09650425603319401
70,0.5,0.05,5.500287725279662e-13,20.18764114363723,0.936986301369863,20.79109116209248,0.9875,17.01227503909916,0.9135135135135135,21.798649916840166,0.9875,14.941571943494788,0.9135135135135135,0.04358930550894428
70,0.25,0.1,1.3702372569923682e-12,14.169311582179379,0.8856164383561644,14.915504808590347,0.9722222222222222,12.139391115135535,0.8540540540540541,15.011545039911335,0.9652777777777778,10.197941757815965,0.8486486486486486,0.09624431766177502
70,0.25,0.05,5.12499764848684e-13,14.52786668506127,0.8589041095890411,15.267295593458917,0.9597222222222223,12.237376689216422,0.8121621621621622,15.81526659622684,0.9583333333333334,10.207178362182555,0.8094594594594594,0.04364890014339323
71,0.5,0.1,1.2369029411818389e-12,19.2740856747061,0.9554794520547946,20.10229077311914,0.9916666666666667,16.58231467037667,0.9405405405405406,20.325559112903232,0.9916666666666667,14.694664098810307,0.9405405405405406,0.09475912987765811
71,0.5,0.05,4.99555258270945e-13,18.938669792894274,0.9321917808219178,19.551334555469765,0.9888888888888889,16.36418490730482,0.9148648648648648,20.401523172575498,0.9902777777777778,13.820804699224295,0.9,0.04326021295420569
71,0.25,0.1,1.2560646966974787e-12,13.659291165911414,0.8753424657534247,14.405657258343838,0.9694444444444444,11.654301995177182,0.8405405405405405,14.475598941365131,0.9680555555555556,9.96532097239091,0.831081081081081,0.09455146393304248
71,0.25,0.05,5.0322246369916e-13,13.477636446162109,0.8472602739726027,14.17762219366809,0.9555555555555556,11.417274983225004,0.8108108108108109,14.551917746013304,0.9680555555555556,9.36877389651977,0.7864864864864864,0.0432057031861773
72,0.5,0.1,1.2281044237116845e-12,19.865836354431327,0.9575342465753425,20.76800859326966,0.9902777777777778,17.192083948524154,0.9472972972972973,20.877821624800816,0.9944444444444445,14.971910246824773,0.9418918918918919,0.09385158291891672
72,0.5,0.05,5.015536597152703e-13,19.602677326647107,0.939041095890411,20.289322566475157,0.9888888888888889,16.633876232723132,0.9243243243243243,21.346163091193336,0.9958333333333333,14.1793976906429,0.9094594594594595,0.04266569037231392
72,0.25,0.1,1.2191393727878364e-12,14.226450816012132,0.8876712328767123,15.045057925862206,0.9722222222222222,12.166284885210565,0.8581081081081081,14.920159104897984,0.9680555555555556,10.314003956727632,0.8472972972972973,0.09391361828924755
72,0.25,0.05,4.867876934877557e-13,14.163087933930374,0.8561643835616438,14.932957001993858,0.9638888888888889,11.824833911426591,0.8175675675675675,15.3337128812883,0.9694444444444444,9.8880983132666,0.7959459459459459,0.04273809887014268
73,0.5,0.1,1.3069198501192147e-12,19.333529646476464,0.9575342465753425,19.825963203553354,0.9916666666666667,16.806824407870206,0.9445945945945946,20.2580619163214,0.9916666666666667,14.746221941645462,0.9445945945945946,0.09434054367391768
73,0.5,0.05,5.787384460553824e-13,19.184708376816346,0.9383561643835616,19.626355477481578,0.9916666666666667,16.257964338872878,0.9202702702702703,20.47973241331328,0.9861111111111112,14.624699394518666,0.9135135135135135,0.04245700745441417
73,0.25,0.1,1.3193821035706321e-12,13.819703959901453,0.8705479452054794,14.350231963198022,0.975,12.008220434378748,0.8216216216216217,14.69535548054138,0.9625,9.992197508209639,0.8202702702702702,0.09408080869715553
73,0.25,0.05,6.098524463205024e-13,13.70173816143492,0.8493150684931506,14.29257190062324,0.9666666666666667,11.619666518491213,0.7959459459459459,14.860541923388576,0.9583333333333334,9.863575021547465,0.7932432432432432,0.04258270535233039
74,0.5,0.1,1.2547775318783039e-12,18.883985496065716,0.9595890410958904,19.0604852628385,0.9902777777777778,16.763111576016957,0.9513513513513514,19.759437565771456,0.9930555555555556,14.438533279438543,0.9432432432432433,0.09527839643652561
74,0.5,0.05,5.608465081241576e-13,18.787856792918024,0.9472602739726027,18.696110171461807,0.9875,16.692553974813972,0.9310810810810811,20.15659625243811,0.9916666666666667,13.860051506825144,0.927027027027027,0.04419481140230446
74,0.25,0.1,1.3729919978722194e-12,13.657576761989526,0.8849315068493151,13.972105465818084,0.9680555555555556,11.941896993583526,0.8513513513513513,14.168206974537064,0.9666666666666667,9.882279379509928,0.85,0.09496720261158739
74,0.25,0.05,5.610858999638424e-13,13.568174648788673,0.8698630136986302,13.842517054385116,0.9666666666666667,11.81924829969848,0.8405405405405405,14.421838402995892,0.9680555555555556,9.439797129734007,0.827027027027027,0.04428328807802219
75,0.5,0.1,1.2281772820976755e-12,19.110653411971228,0.9595890410958904,19.99150392953464,0.9902777777777778,16.563827527918072,0.9472972972972973,20.32428894701838,0.9930555555555556,14.638520055356157,0.9432432432432433,0.09535304227557942
75,0.5,0.05,5.952842385692492e-13,18.605715699930858,0.9376712328767123,19.259765363031143,0.9861111111111112,16.392453733531887,0.9202702702702703,20.701234632677018,0.9888888888888889,13.352793283590183,0.9121621621621622,0.043885041339964
75,0.25,0.1,1.3101811302540511e-12,13.483244108529869,0.8808219178082192,14.171662633004459,0.9708333333333333,11.691512763023416,0.8432432432432433,14.496470401646182,0.9666666666666667,9.768080149374557,0.8378378378378378,0.09517303800429162
75,0.25,0.05,5.113860723771069e-13,13.091210604822706,0.8547945205479452,13.760924827988978,0.9555555555555556,11.450653188441668,0.8216216216216217,14.676460144844791,0.9597222222222223,8.971368469949384,0.7986486486486486,0.04389297373158007
76,0.5,0.1,1.4014345239843351e-12,18.460219999140193,0.9541095890410959,19.270561854943534,0.9902777777777778,15.79862958466323,0.9418918918918919,20.002480179441175,0.9916666666666667,13.913016516260216,0.9364864864864865,0.095098188770581
76,0.5,0.05,5.480199627427851e-13,18.517331581515723,0.9431506849315069,19.14538104124822,0.9888888888888889,15.513536580737453,0.9297297297297298,20.628997246025833,0.9888888888888889,13.624247938008978,0.9202702702702703,0.044328034902523114
76,0.25,0.1,1.3092027462136002e-12,13.27366898271761,0.8678082191780822,13.953939670637359,0.9722222222222222,11.37637126766634,0.8297297297297297,14.472470597232215,0.9652777777777778,9.6331774109699,0.8162162162162162,0.09484292847626893
76,0.25,0.05,5.768475974665677e-13,13.24605635163482,0.8431506849315068,13.974511669141863,0.9597222222222223,11.113617363688244,0.8054054054054054,14.707106344319431,0.9652777777777778,9.488049816721897,0.7797297297297298,0.04436281538883974
77,0.5,0.1,1.318486986257028e-12,20.147046960596846,0.9609589041095891,21.241040477166212,0.9930555555555556,17.186357437335438,0.9432432432432433,21.141283020619003,0.9930555555555556,15.373171586797222,0.95,0.09740285362703521
77,0.5,0.05,5.22075438436076e-13,20.92829449080426,0.9547945205479452,22.638372383194184,0.9944444444444445,17.357931190327715,0.9378378378378378,22.18009724258486,0.9916666666666667,15.49172309279154,0.9405405405405406,0.04438417182780608
77,0.25,0.1,1.3013305710796175e-12,14.458399014567213,0.8808219178082192,15.497660185630322,0.9652777777777778,12.285935631185032,0.8445945945945946,15.358693428692744,0.9680555555555556,10.534741864949064,0.8364864864864865,0.09698304705535385
77,0.25,0.05,5.192790641928013e-13,14.852964657043913,0.8671232876712329,16.270389879304194,0.9666666666666667,12.296496131161764,0.8256756756756757,16.005550738645756,0.9680555555555556,10.655256926247517,0.8121621621621622,0.04437461227893543
78,0.5,0.1,1.4258663694199925e-12,19.30193058009879,0.9493150684931507,20.32321671208882,0.9902777777777778,16.70523738061276,0.9351351351351351,20.657132658222654,0.9916666666666667,14.641365067821821,0.9310810810810811,0.09523710732119067
78,0.5,0.05,5.500704058913897e-13,18.87371285946788,0.923972602739726,19.754178460492344,0.9875,15.864670431807552,0.9013513513513514,20.6995595953761,0.9888888888888889,14.158444430755164,0.8878378378378379,0.04257884085385077
78,0.25,0.1,1.3940723575522895e-12,13.704585361152715,0.8746575342465753,14.527127891806133,0.9708333333333333,11.922317347140584,0.8391891891891892,14.65682891392887,0.9652777777777778,9.971324714973667,0.8337837837837838,0.09508618848582848
78,0.25,0.05,5.334933883549553e-13,13.311026177616702,0.85,14.089110575733361,0.9666666666666667,11.287315363622486,0.8094594594594594,14.499083634148192,0.9625,9.693719194248509,0.7932432432432432,0.04268480947005522
79,0.5,0.1,1.3313933289182955e-12,19.217868146739075,0.9534246575342465,19.942155369934547,0.9916666666666667,16.433502129822205,0.9405405405405406,20.803457844519016,0.9916666666666667,14.413514231801239,0.9391891891891891,0.09563413369130792
79,0.5,0.05,5.047455509110677e-13,19.609261535076584,0.9356164383561644,20.300409371714945,0.9888888888888889,16.643489198923906,0.9216216216216216,21.795569404691552,0.9902777777777778,14.03764043238669,0.9135135135135135,0.04437217154305356
79,0.25,0.1,1.365990653923177e-12,13.727936115235023,0.8746575342465753,14.321516599868724,0.9625,11.829817432163612,0.8472972972972973,14.744734298892197,0.9666666666666667,9.833835690153123,0.831081081081081,0.09538029715959362
79,0.25,0.05,5.680386716555574e-13,13.977477617951617,0.8458904109589042,14.754895785810449,0.9541666666666667,11.820624242454942,0.8121621621621622,15.502779132130735,0.9597222222222223,9.449814932159532,0.7864864864864864,0.04444763096073466
80,0.5,0.1,1.331879051491569e-12,19.04297995665099,0.9534246575342465,19.764529946599428,0.9888888888888889,16.588436135590847,0.9418918918918919,20.52140673457933,0.9930555555555556,14.49458530700936,0.9378378378378378,0.09407796117196002
80,0.5,0.05,5.2266871386486e-13,18.51512613141555,0.9342465753424658,18.923583507728715,0.9875,15.975799336833743,0.9148648648648648,20.466434423179916,0.9888888888888889,13.785644510084834,0.9054054054054054,0.04270962361818755
80,0.25,0.1,1.3619869121406225e-12,13.712308470100222,0.8773972602739726,14.385880942978645,0.9680555555555556,11.838785354952746,0.8418918918918918,14.657569281512435,0.9680555555555556,9.989447054085407,0.8324324324324325,0.09386093907313055
80,0.25,0.05,4.863436042779057e-13,13.37386867639864,0.8513698630136987,13.891022355109115,0.9555555555555556,11.446947175116167,0.8094594594594594,14.60508435964893,0.9583333333333334,9.427923098376631,0.7972972972972973,0.04286094924286339
81,0.5,0.1,1.3062606551983436e-12,18.93362937856075,0.958904109589041,19.365747429169605,0.9888888888888889,16.65239818902573,0.9472972972972973,20.078094986553907,0.9930555555555556,14.586876163356369,0.9472972972972973,0.09519032655012152
81,0.5,0.05,5.515657375276817e-13,18.85431102547468,0.9356164383561644,18.96199742959006,0.9875,16.46378649651897,0.9243243243243243,20.833299736064742,0.9888888888888889,13.577581196115036,0.9054054054054054,0.04335601183756903
81,0.25,0.1,1.2974864238568529e-12,13.504850716178906,0.8767123287671232,14.157406912844275,0.9680555555555556,11.79555846370208,0.85,14.353659054550612,0.9597222222222223,9.941710226747803,0.8378378378378378,0.09491554036875452
81,0.25,0.05,5.318488704997293e-13,13.456710851844607,0.8513698630136987,13.872425833396107,0.9513888888888888,11.75183725487834,0.822972972972973,14.835420193007401,0.95,9.318860842646002,0.8013513513513514,0.043397707742217614
82,0.5,0.1,1.2908701885194773e-12,19.372873643706335,0.9506849315068493,20.038192882101296,0.9888888888888889,16.904518759959654,0.9364864864864865,20.14628828469991,0.9902777777777778,14.78218670840245,0.9337837837837838,0.0961249249982203
82,0.5,0.05,5.633792043990837e-13,18.853469840498637,0.9424657534246575,19.276265962069242,0.9875,16.155605361124586,0.918918918918919,20.182697951927576,0.9875,13.931700695687635,0.9202702702702703,0.042962239781960926
82,0.25,0.1,1.2843962005071319e-12,13.923098379859958,0.8773972602739726,14.606892059599026,0.9666666666666667,12.19992935591124,0.8445945945945946,14.467921192881555,0.9611111111111111,10.126844165989722,0.8351351351351352,0.09598092158119007
82,0.25,0.05,5.31942545567432e-13,13.654209521618453,0.8602739726027397,14.06749538543963,0.9597222222222223,11.927231611488722,0.8243243243243243,14.675578195288013,0.9638888888888889,9.551132790176073,0.8094594594594594,0.04305173343096277
83,0.5,0.1,1.2554159101174633e-12,19.712762660878944,0.9623287671232876,20.6388202224436,0.9916666666666667,16.914455418212977,0.9554054054054054,21.062053686142214,0.9930555555555556,14.984414224613147,0.9527027027027027,0.09424291423864295
83,0.5,0.05,4.968386813075654e-13,19.792300705180157,0.9410958904109589,20.529319084254507,0.9902777777777778,16.913272102330737,0.927027027027027,21.604110595787315,0.9930555555555556,14.473853247551508,0.9121621621621622,0.04321953402284122
83,0.25,0.1,1.321782960861384e-12,14.13789586557287,0.8794520547945206,14.78045333475774,0.9694444444444444,12.164601003774303,0.8445945945945946,15.128334013137088,0.9694444444444444,10.223795941684719,0.8297297297297297,0.09434664551362236
83,0.25,0.05,4.4285408673516713e-13,14.147215761346002,0.8554794520547945,14.84630420357478,0.9583333333333334,12.034435694944646,0.8121621621621622,15.415641450007769,0.9694444444444444,9.82936648059912,0.8013513513513514,0.04330984125047035
84,0.5,0.1,1.3216996941345371e-12,19.848055314114863,0.9650684931506849,20.550974584259098,0.9888888888888889,17.38667634857418,0.9594594594594594,21.242089459913117,0.9958333333333333,15.167575067954056,0.9540540540540541,0.09545595997193154
84,0.5,0.05,5.558643823011522e-13,20.24101190191199,0.9506849315068493,20.951005784874788,0.9916666666666667,17.32591504347418,0.9405405405405406,22.077063493179878,0.9958333333333333,15.307246895274545,0.9256756756756757,0.043576898434878115
84,0.25,0.1,1.385357106808982e-12,14.214389279667717,0.8773972602739726,14.889720026774246,0.9680555555555556,12.315122022826559,0.8391891891891892,15.230234987368911,0.9652777777777778,10.391793068659165,0.8405405405405405,0.09531988894651737
84,0.25,0.05,4.973556289034065e-13,14.610851183595894,0.8719178082191781,15.438622645606804,0.9666666666666667,12.314684073363994,0.8351351351351352,15.86660449061344,0.9666666666666667,10.543855670955125,0.827027027027027,0.0435630675982142
85,0.5,0.1,1.2948982164306955e-12,19.427166651651426,0.9575342465753425,19.919949183286743,0.9902777777777778,16.995042269830112,0.95,20.703223777084695,0.9930555555555556,14.527324655798196,0.9432432432432433,0.09350682897560281
85,0.5,0.05,5.462921781607122e-13,19.3526653127885,0.9452054794520548,19.665285692488727,0.9888888888888889,16.653899238824994,0.9310810810810811,21.18970433052012,0.9930555555555556,14.066559156065786,0.9202702702702703,0.042356530493943924
85,0.25,0.1,1.2553257044967125e-12,13.78892169807009,0.8773972602739726,14.538114744041406,0.9722222222222222,11.852896448821639,0.8513513513513513,14.767391393335977,0.9625,9.971238105228444,0.8378378378378378,0.0934620821511019
85,0.25,0.05,5.609991637900436e-13,13.63784723552518,0.8643835616438356,14.407169909067735,0.9680555555555556,11.474250890348069,0.8283783783783784,14.983256056668411,0.9611111111111111,9.587384929183631,0.8162162162162162,0.04250460180411061
86,0.5,0.1,1.2245343627981242e-12,19.03983759486077,0.9575342465753425,19.471920981186937,0.9916666666666667,16.679068359234115,0.9486486486486486,19.7037512958434,0.9944444444444445,14.58147924252428,0.9391891891891891,0.09502293274755672
86,0.5,0.05,4.868327962981311e-13,19.338150633237913,0.9452054794520548,19.413159561788117,0.9902777777777778,16.750375632092563,0.9283783783783783,20.602536031071605,0.9930555555555556,14.420001200939659,0.922972972972973,0.04319329611211113
86,0.25,0.1,1.3295475831398562e-12,13.62328866637583,0.8732876712328768,14.373941835530324,0.9694444444444444,11.708390174624192,0.8405405405405405,14.289119120360631,0.9638888888888889,9.994837163547833,0.8351351351351352,0.09473553609746672
86,0.25,0.05,5.082635701203486e-13,13.748864951737662,0.852054794520548,14.347788396621272,0.9652777777777778,11.659814221617893,0.8040540540540541,14.798400222483634,0.9638888888888889,9.845299420453038,0.7905405405405406,0.043267331767194474
87,0.5,0.1,1.2880703448292508e-12,19.755739369913936,0.9595890410958904,20.356223968706054,0.9930555555555556,17.133879236415634,0.9527027027027027,21.23020351767255,0.9930555555555556,14.920072558468844,0.9418918918918919,0.09561582817219391
87,0.5,0.05,5.295798521931516e-13,19.713248647201887,0.9486301369863014,20.114675237802274,0.9930555555555556,17.003400029614966,0.9337837837837838,21.612431558290826,0.9930555555555556,14.717727135587166,0.9256756756756757,0.0430047492652368
87,0.25,0.1,1.3838513668318342e-12,14.094888273378826,0.8808219178082192,14.636977450491251,0.9694444444444444,12.196316013727591,0.8554054054054054,15.269117902516887,0.9722222222222222,10.141208381331964,0.8324324324324325,0.09552185984074199
87,0.25,0.05,5.569780747727293e-13,14.116669503598203,0.8623287671232877,14.679369396130088,0.9625,12.105183167874921,0.8337837837837838,15.69747411199102,0.9708333333333333,9.971140325991355,0.8040540540540541,0.04301105449959829
88,0.5,0.1,1.2830014828324465e-12,19.410703307375993,0.9602739726027397,19.802389850794743,0.9888888888888889,16.94174797890828,0.9513513513513514,20.335405108945192,0.9930555555555556,14.744512573026963,0.95,0.09540775543826464
88,0.5,0.05,5.491093690856985e-13,19.40876033271847,0.9445205479452055,19.705998719878394,0.9875,16.59335021054242,0.9216216216216216,20.769971342613744,0.9875,14.443281633400472,0.9243243243243243,0.04339750434756079
88,0.25,0.1,1.2605923249697781e-12,13.923675923574313,0.8808219178082192,14.49212916773551,0.9722222222222222,12.16317215892306,0.8405405405405405,14.663614443023537,0.9638888888888889,10.028583691471622,0.8418918918918918,0.09522266630055629
88,0.25,0.05,5.121111867900652e-13,13.899992695624073,0.8643835616438356,14.3831479748583,0.9611111111111111,11.989858138800988,0.822972972972973,15.007663508504178,0.9638888888888889,9.619500083552294,0.8108108108108109,0.043366791754380615
89,0.5,0.1,1.2799483695147273e-12,18.844550572209183,0.9554794520547946,19.301151566405363,0.9888888888888889,16.4794014751844,0.9472972972972973,20.111020452559362,0.9944444444444445,14.09937519074166,0.9391891891891891,0.09344926828772208
89,0.5,0.05,5.529326996267514e-13,18.810430551954642,0.9431506849315069,19.1522498562717,0.9847222222222223,16.140321754456696,0.9283783783783783,20.72542678159568,0.9916666666666667,13.696483333395344,0.9216216216216216,0.042561755702677694
89,0.25,0.1,1.3528622666569845e-12,13.493415798269815,0.8773972602739726,13.933720780967706,0.9652777777777778,11.771715637199526,0.8513513513513513,14.405054319774878,0.9680555555555556,9.601167793200426,0.8324324324324325,0.0933030275294668
89,0.25,0.05,5.95148930138123e-13,13.460964301465333,0.8513698630136987,13.943310854307423,0.9638888888888889,11.470232270694497,0.8081081081081081,14.743587217765638,0.9652777777777778,9.345507251009273,0.7905405405405406,0.042667317529568496
90,0.5,0.1,1.2828627049543684e-12,19.591898437437038,0.9541095890410959,20.14189142595251,0.9902777777777778,17.06212688109646,0.9405405405405406,20.89747545421901,0.9930555555555556,14.756798801664791,0.9364864864864865,0.09583000274582787
90,0.5,0.05,5.186961971048731e-13,19.592357853228464,0.9445205479452055,19.871241686347158,0.9875,16.99231832960513,0.927027027027027,21.61923706168936,0.9902777777777778,14.355900238085296,0.9216216216216216,0.043798802005471316
90,0.25,0.1,1.434345697770567e-12,14.06895549365418,0.8815068493150685,14.669006422526829,0.9680555555555556,12.184157885614598,0.8540540540540541,14.708557326014333,0.9652777777777778,10.326201993802034,0.8405405405405405,0.09567501601732922
90,0.25,0.05,4.865031988376955e-13,14.080245808622305,0.8712328767123287,14.639349708375203,0.9638888888888889,12.11382121242787,0.8324324324324325,15.119270124489962,0.9625,10.092725015667062,0.8297297297297297,0.043798802005471316
91,0.5,0.1,1.2640513635808759e-12,19.192418276225794,0.9623287671232876,19.709339112231717,0.9916666666666667,16.826604912241805,0.9527027027027027,20.17871055715544,0.9930555555555556,14.608183589423444,0.9513513513513514,0.09571833907923238
91,0.5,0.05,5.504624533969604e-13,18.834223777484922,0.9404109589041096,19.17718670580928,0.9861111111111112,16.40386660081434,0.922972972972973,20.48157830567542,0.9916666666666667,13.862098122356446,0.9216216216216216,0.043869379951388676
91,0.25,0.1,1.3220396999358286e-12,13.714450435359181,0.8773972602739726,14.411357611137966,0.9694444444444444,11.941381526589769,0.8486486486486486,14.49955792351445,0.9611111111111111,9.966633546375608,0.8378378378378378,0.09568172804100436
91,0.25,0.05,5.234979116863769e-13,13.52100499333705,0.8609589041095891,14.275776717202525,0.9597222222222223,11.62811544483699,0.8202702702702702,14.708299740676717,0.9625,9.50351859049383,0.8135135135135135,0.043864091690311295
92,0.5,0.1,1.2700430984668998e-12,19.594514269414848,0.9554794520547946,20.147742713433313,0.9930555555555556,17.021780721731883,0.9432432432432433,20.761896195436446,0.9944444444444445,14.82160065929,0.9378378378378378,0.09434745909224965
92,0.5,0.05,5.555625404163322e-13,19.392518785930882,0.936986301369863,19.624276111386287,0.9875,16.70869182121207,0.918918918918919,21.04674258927316,0.9930555555555556,14.076763903577795,0.9054054054054054,0.042325004322136456
92,0.25,0.1,1.3982565105763456e-12,13.787851998676876,0.8801369863013698,14.60940860502988,0.9708333333333333,11.90132584854505,0.8540540540540541,14.776967676900092,0.9625,9.988955983492627,0.8405405405405405,0.09418555694541904
92,0.25,0.05,5.660055757417126e-13,13.664135773928653,0.8561643835616438,14.32717657788355,0.9625,11.81574109393748,0.8202702702702702,14.956595520117844,0.9680555555555556,9.447804232024614,0.7945945945945946,0.0424218201787839
93,0.5,0.1,1.4401674297559452e-12,19.585994740728843,0.9582191780821918,20.578999969898025,0.9916666666666667,16.96458281293278,0.9486486486486486,20.779051906899834,0.9944444444444445,14.773576685125764,0.9432432432432433,0.09487486143739005
93,0.5,0.05,4.935427067032094e-13,19.98436077864434,0.9493150684931507,20.71262048113228,0.9888888888888889,17.197630302183793,0.9364864864864865,21.504552451379087,0.9930555555555556,14.664826939927947,0.927027027027027,0.04312922679521209
93,0.25,0.1,1.304359398268673e-12,13.955415259570453,0.8794520547945206,14.810418345081636,0.9736111111111111,11.96357974668016,0.8445945945945946,14.802348368423301,0.9680555555555556,10.245324138212718,0.8351351351351352,0.09480753780598183
93,0.25,0.05,5.131763070043149e-13,14.204059157574648,0.8691780821917808,15.10671350991259,0.9666666666666667,11.99851424110644,0.8337837837837838,15.397906065117965,0.975,10.172064444041867,0.8162162162162162,0.04313980331736685
94,0.5,0.1,1.1922997311675232e-12,20.002688934281036,0.9602739726027397,20.935835499312702,0.9902777777777778,17.298313105113003,0.95,20.999401690646337,0.9944444444444445,15.067323687699417,0.9486486486486486,0.0937987003081429
94,0.5,0.05,4.760879190879308e-13,19.70405948691931,0.939041095890411,20.54029408100965,0.9861111111111112,16.97761874856438,0.9283783783783783,21.41027210635875,0.9902777777777778,14.301635808803661,0.9108108108108108,0.04244032909255474
94,0.25,0.1,1.2708965824170804e-12,14.15917561860648,0.8780821917808219,14.712962985459189,0.9652777777777778,12.328854493159715,0.845945945945946,15.002421867801177,0.9666666666666667,10.220548882683959,0.8405405405405405,0.09395694135115071
94,0.25,0.05,5.344509557136945e-13,13.863908362945319,0.8534246575342466,14.46595662429285,0.9541666666666667,12.063253348064968,0.8189189189189189,15.24040446300037,0.9569444444444445,9.695167571329081,0.8027027027027027,0.04251965300871546
95,0.5,0.1,1.327465914968684e-12,18.269882714498433,0.9527397260273973,18.952486228583197,0.9902777777777778,15.781526741271977,0.9432432432432433,19.50870683937389,0.9930555555555556,13.77662994419934,0.9351351351351351,0.09616295979904609
95,0.5,0.05,4.983825852011847e-13,17.602451334022,0.9315068493150684,18.06300610818568,0.9861111111111112,15.203056751904393,0.9067567567567567,19.276163348466824,0.9916666666666667,12.74074791487256,0.9013513513513514,0.042670368449420834
95,0.25,0.1,1.3242740237728867e-12,13.07534561238594,0.8650684931506849,13.681018861082864,0.9625,11.351856264863688,0.8256756756756757,13.838329431911003,0.9583333333333334,9.591516263845032,0.8216216216216217,0.09587190204513328
95,0.25,0.05,5.312243700483776e-13,12.534589531160911,0.8328767123287671,13.130149216170892,0.9527777777777777,10.763530265410996,0.7810810810810811,13.631969749605172,0.9569444444444445,8.881775574447518,0.772972972972973,0.04279749010993481
96,0.5,0.1,1.3482756577865018e-12,19.53379646661837,0.952054794520548,20.18109953279235,0.9875,17.048772350069648,0.9459459459459459,20.586871763539353,0.9916666666666667,14.690284845451808,0.9391891891891891,0.0954948083513846
96,0.5,0.05,5.993781859725544e-13,19.69479359308005,0.9335616438356165,20.12260805587651,0.9833333333333333,16.695714191651028,0.9148648648648648,21.22504071122613,0.9888888888888889,14.173512776886035,0.9081081081081082,0.0434930998362673
96,0.25,0.1,1.4065762443671304e-12,14.003772943979007,0.8698630136986302,14.658811394456777,0.9708333333333333,12.137202032479111,0.8364864864864865,14.542350806328134,0.9680555555555556,10.082124708415412,0.8243243243243243,0.0955165715796646
96,0.25,0.05,5.589313734066792e-13,13.966779054110136,0.8582191780821918,14.53734216617187,0.9583333333333334,11.850612194737424,0.822972972972973,14.715413508410572,0.9666666666666667,9.687931097721517,0.8027027027027027,0.04363140820290651
97,0.5,0.1,1.3931911180264933e-12,19.272610612862547,0.9561643835616438,20.118049079995814,0.9888888888888889,16.79424746931489,0.9459459459459459,20.694590048901215,0.9930555555555556,14.381689309881018,0.9418918918918919,0.09502394972084083
97,0.5,0.05,5.873565522840352e-13,18.92819343602016,0.9376712328767123,19.697758373389778,0.9888888888888889,16.318457253607697,0.9202702702702703,20.66031035794778,0.9930555555555556,13.807544338687674,0.904054054054054,0.04330638354130437
97,0.25,0.1,1.4190801311819712e-12,13.732729417976916,0.876027397260274,14.638616424189935,0.9694444444444444,11.833096848372618,0.845945945945946,14.554699074199489,0.9625,10.022432243182362,0.8364864864864865,0.09498794886658328
97,0.25,0.05,5.582687090388561e-13,13.58020006991885,0.8541095890410959,14.638146880508378,0.9569444444444445,11.434763904429216,0.8216216216216217,14.557534929048803,0.9652777777777778,9.657219513563986,0.8027027027027027,0.04333994365968006
98,0.5,0.1,1.2421105810567212e-12,19.799372777613367,0.9616438356164384,20.953644376236056,0.9916666666666667,16.81072242011065,0.9527027027027027,20.887944705180054,0.9930555555555556,15.127265120398253,0.9472972972972973,0.0938587017319055
98,0.5,0.05,5.483148657337011e-13,20.427892592959747,0.9541095890410959,21.283681262932955,0.9944444444444445,17.228644317575057,0.9418918918918919,22.18384618208667,0.9916666666666667,14.891033738344307,0.9351351351351351,0.04279525276870977
98,0.25,0.1,1.4062917497170702e-12,14.16466936593222,0.8773972602739726,15.125036222666775,0.9694444444444444,12.160356305977007,0.8378378378378378,15.010395260653858,0.9680555555555556,10.332218558284241,0.8337837837837838,0.09374337696148723
98,0.25,0.05,5.127565039231285e-13,14.471564927809913,0.8643835616438356,15.325158660316475,0.9638888888888889,12.303714558301396,0.8243243243243243,15.895078991759037,0.9666666666666667,10.072791627053698,0.8121621621621622,0.04295817188882448
99,0.5,0.1,1.3325798797758637e-12,19.805101273940007,0.9568493150684931,20.611518907382877,0.9916666666666667,17.042770136003977,0.9472972972972973,21.234033028997462,0.9916666666666667,14.961163295741407,0.9418918918918919,0.09699545412942003
99,0.5,0.05,5.450050133415374e-13,20.33966016739259,0.9445205479452055,20.95459579042536,0.9930555555555556,17.273224008598287,0.927027027027027,22.3815198129571,0.9916666666666667,14.890636460382494,0.9175675675675675,0.04358564440512148
99,0.25,0.1,1.2837508833740685e-12,14.137335706036106,0.8732876712328768,15.00670564864956,0.9694444444444444,12.09444372213232,0.8324324324324325,14.927913196654938,0.9666666666666667,10.36121849671793,0.8297297297297297,0.09673571915265786
99,0.25,0.05,5.997008445390861e-13,14.453277637312256,0.8609589041095891,15.429607650078227,0.9652777777777778,12.129604232075625,0.8202702702702702,15.736077585522374,0.9611111111111111,10.312139199215192,0.8067567567567567,0.04357018641120298
100,0.5,0.1,1.4412707138866665e-12,18.797454572467544,0.9534246575342465,19.371785150575576,0.9888888888888889,16.37467589844426,0.9378378378378378,20.301750953075743,0.9930555555555556,13.854026075036968,0.9364864864864865,0.09567013454556549
100,0.5,0.05,4.987434076841879e-13,19.106516114935555,0.9431506849315069,20.02139595353388,0.9902777777777778,16.347684234003566,0.927027027027027,21.07830110084501,0.9888888888888889,13.344872009997252,0.9202702702702703,0.044157793574762794
100,0.25,0.1,1.3268136589417168e-12,13.423360065370845,0.8767123287671232,14.079103758514108,0.9694444444444444,11.643910884426415,0.845945945945946,14.447116290853689,0.9611111111111111,9.514295610639937,0.8337837837837838,0.09556314895607693
100,0.25,0.05,5.496159083406837e-13,13.653451789872035,0.8582191780821918,14.644590102436558,0.9638888888888889,11.582428186623998,0.8135135135135135,14.933482150982549,0.9569444444444445,9.214271494639608,0.8040540540540541,0.04407196102958375
