,CB1321,CB4219,D,DA1,DA2,DA3,DA4l,DA4m,DC1,DC2,DC3,DC4,DL1,DL2d,DL2v,DL3,DL4,DL5,DM1,DM2,DM3,DM4,DM5,DM6,DP1l,DP1m,M,V,VA1d,VA1v,VA2,VA3,VA4,VA5,VA6,VA7m,VC1,VC2,VC3,VC4,VC5,VL1,VL2a,VL2p,VM1,VM2,VM3,VM4,VM5d,VM5v,VM6,VM7d,VM7v,VP1l+VP3,VP1m+VP2,VP1m+VP5,VP2,VP5+Z
CB1321,2.0,0.0,0.0,0.0,0.0,0.0,0.0,0.0,0.0,0.0,0.0,0.0,0.0,0.0,0.0,0.0,0.0,0.0,0.0,0.0,0.0,0.0,0.0,0.0,1.0,0.0,1.0,0.0,0.0,0.0,0.0,0.0,1.0,0.0,0.0,0.0,0.0,0.0,0.0,0.0,0.0,0.0,0.0,0.0,0.0,0.0,0.0,0.0,0.0,0.0,1.0,0.0,0.0,0.0,0.0,1.0,2.0,0.0
CB4219,0.0,1.0,0.0,0.0,0.0,0.0,0.0,0.0,0.0,0.0,0.0,0.0,0.0,0.0,0.0,0.0,0.0,0.0,0.0,0.0,0.0,0.0,0.0,0.0,0.0,0.0,0.0,0.0,0.0,0.0,0.0,0.0,0.0,0.0,0.0,0.0,0.0,0.0,0.0,0.0,0.0,0.0,0.0,0.0,0.0,0.0,0.0,0.0,0.0,0.0,0.0,0.0,0.0,0.0,0.0,0.0,0.0,0.0
D,0.0,0.0,131.0,37.0,8.0,1.0,4.0,13.0,26.0,19.0,28.0,30.0,25.0,9.0,11.0,21.0,29.0,11.0,13.0,16.0,11.0,13.0,7.0,22.0,14.0,28.0,6.0,5.0,9.0,15.0,15.0,37.0,6.0,29.0,25.0,13.0,7.0,10.0,16.0,5.0,9.0,5.0,25.0,15.0,4.0,8.0,8.0,12.0,11.0,18.0,12.0,17.0,17.0,0.0,0.0,2.0,3.0,0.0
DA1,0.0,0.0,37.0,312.0,15.0,2.0,11.0,9.0,43.0,23.0,75.0,38.0,35.0,13.0,31.0,17.0,46.0,21.0,54.0,42.0,31.0,39.0,39.0,41.0,46.0,79.0,13.0,24.0,37.0,33.0,49.0,75.0,30.0,33.0,38.0,33.0,17.0,29.0,42.0,16.0,11.0,4.0,47.0,30.0,8.0,23.0,23.0,15.0,17.0,30.0,16.0,23.0,34.0,0.0,0.0,5.0,7.0,0.0
DA2,0.0,0.0,8.0,15.0,61.0,0.0,7.0,3.0,6.0,9.0,15.0,10.0,12.0,2.0,5.0,5.0,9.0,8.0,8.0,6.0,6.0,4.0,2.0,8.0,5.0,10.0,2.0,5.0,5.0,7.0,6.0,21.0,2.0,22.0,15.0,13.0,7.0,7.0,7.0,3.0,3.0,3.0,10.0,8.0,5.0,4.0,6.0,10.0,4.0,6.0,4.0,5.0,2.0,0.0,0.0,3.0,1.0,0.0
DA3,0.0,0.0,1.0,2.0,0.0,9.0,0.0,0.0,0.0,0.0,1.0,1.0,2.0,0.0,0.0,0.0,0.0,0.0,1.0,4.0,1.0,2.0,1.0,1.0,2.0,5.0,1.0,1.0,1.0,0.0,3.0,2.0,2.0,0.0,2.0,0.0,0.0,1.0,1.0,1.0,1.0,1.0,1.0,1.0,0.0,3.0,0.0,0.0,0.0,0.0,1.0,0.0,0.0,0.0,0.0,0.0,1.0,0.0
DA4l,0.0,0.0,4.0,11.0,7.0,0.0,77.0,2.0,8.0,4.0,14.0,6.0,13.0,3.0,7.0,3.0,8.0,5.0,7.0,7.0,6.0,5.0,11.0,10.0,18.0,16.0,10.0,7.0,6.0,7.0,10.0,26.0,7.0,8.0,15.0,14.0,4.0,12.0,9.0,6.0,1.0,8.0,11.0,12.0,9.0,6.0,6.0,14.0,3.0,6.0,8.0,4.0,2.0,0.0,0.0,7.0,2.0,0.0
DA4m,0.0,0.0,13.0,9.0,3.0,0.0,2.0,33.0,10.0,5.0,4.0,9.0,9.0,2.0,5.0,4.0,5.0,2.0,3.0,4.0,3.0,2.0,2.0,5.0,3.0,11.0,3.0,2.0,0.0,4.0,3.0,8.0,2.0,10.0,3.0,3.0,1.0,1.0,2.0,2.0,1.0,1.0,5.0,6.0,2.0,3.0,2.0,2.0,2.0,6.0,5.0,4.0,7.0,0.0,0.0,4.0,2.0,0.0
DC1,0.0,0.0,26.0,43.0,6.0,0.0,8.0,10.0,285.0,11.0,48.0,31.0,45.0,17.0,14.0,24.0,35.0,36.0,41.0,53.0,29.0,28.0,23.0,58.0,38.0,72.0,12.0,19.0,27.0,30.0,43.0,56.0,33.0,33.0,22.0,34.0,12.0,17.0,34.0,23.0,11.0,4.0,19.0,38.0,5.0,16.0,21.0,8.0,37.0,37.0,17.0,42.0,30.0,0.0,0.0,5.0,3.0,0.0
DC2,0.0,0.0,19.0,23.0,9.0,0.0,4.0,5.0,11.0,106.0,16.0,15.0,15.0,7.0,14.0,11.0,23.0,4.0,15.0,13.0,15.0,11.0,11.0,26.0,16.0,27.0,4.0,8.0,14.0,15.0,10.0,28.0,8.0,16.0,16.0,16.0,9.0,14.0,15.0,7.0,3.0,2.0,10.0,9.0,3.0,1.0,11.0,8.0,15.0,15.0,8.0,11.0,15.0,0.0,0.0,2.0,1.0,1.0
DC3,0.0,0.0,28.0,75.0,15.0,1.0,14.0,4.0,48.0,16.0,278.0,44.0,46.0,9.0,21.0,17.0,40.0,26.0,31.0,35.0,27.0,18.0,33.0,40.0,40.0,72.0,17.0,19.0,34.0,36.0,41.0,73.0,33.0,35.0,37.0,38.0,18.0,34.0,34.0,17.0,13.0,4.0,49.0,33.0,6.0,18.0,24.0,7.0,26.0,43.0,16.0,24.0,28.0,0.0,0.0,6.0,5.0,0.0
DC4,0.0,0.0,30.0,38.0,10.0,1.0,6.0,9.0,31.0,15.0,44.0,199.0,35.0,14.0,19.0,21.0,34.0,17.0,24.0,21.0,19.0,14.0,26.0,33.0,28.0,43.0,9.0,20.0,15.0,16.0,33.0,54.0,18.0,33.0,24.0,36.0,17.0,25.0,18.0,12.0,10.0,3.0,32.0,22.0,12.0,14.0,16.0,12.0,18.0,28.0,16.0,24.0,13.0,0.0,0.0,6.0,6.0,1.0
DL1,0.0,0.0,25.0,35.0,12.0,2.0,13.0,9.0,45.0,15.0,46.0,35.0,219.0,7.0,27.0,14.0,39.0,22.0,28.0,37.0,20.0,23.0,28.0,41.0,35.0,53.0,9.0,14.0,25.0,32.0,33.0,55.0,16.0,29.0,34.0,34.0,7.0,17.0,25.0,10.0,10.0,6.0,30.0,33.0,7.0,14.0,25.0,13.0,22.0,32.0,12.0,30.0,29.0,0.0,1.0,4.0,3.0,0.0
DL2d,0.0,0.0,9.0,13.0,2.0,0.0,3.0,2.0,17.0,7.0,9.0,14.0,7.0,93.0,23.0,2.0,11.0,5.0,19.0,13.0,17.0,14.0,24.0,3.0,22.0,27.0,4.0,6.0,5.0,1.0,24.0,18.0,23.0,6.0,9.0,12.0,4.0,17.0,9.0,4.0,3.0,1.0,12.0,23.0,3.0,5.0,18.0,8.0,0.0,8.0,10.0,4.0,9.0,0.0,0.0,1.0,5.0,0.0
DL2v,0.0,0.0,11.0,31.0,5.0,0.0,7.0,5.0,14.0,14.0,21.0,19.0,27.0,23.0,243.0,5.0,22.0,8.0,76.0,46.0,41.0,53.0,46.0,26.0,49.0,72.0,10.0,18.0,16.0,18.0,56.0,54.0,45.0,11.0,18.0,23.0,7.0,45.0,33.0,18.0,12.0,6.0,21.0,32.0,19.0,34.0,49.0,14.0,14.0,23.0,15.0,9.0,15.0,0.0,0.0,5.0,8.0,0.0
DL3,0.0,0.0,21.0,17.0,5.0,0.0,3.0,4.0,24.0,11.0,17.0,21.0,14.0,2.0,5.0,98.0,21.0,13.0,14.0,4.0,7.0,7.0,7.0,20.0,6.0,19.0,4.0,3.0,11.0,10.0,12.0,12.0,9.0,17.0,13.0,8.0,1.0,3.0,16.0,4.0,1.0,1.0,13.0,6.0,2.0,4.0,3.0,7.0,10.0,11.0,3.0,13.0,15.0,0.0,0.0,2.0,1.0,0.0
DL4,0.0,0.0,29.0,46.0,9.0,0.0,8.0,5.0,35.0,23.0,40.0,34.0,39.0,11.0,22.0,21.0,190.0,19.0,26.0,27.0,18.0,26.0,19.0,38.0,34.0,36.0,14.0,6.0,21.0,31.0,30.0,48.0,11.0,24.0,40.0,24.0,9.0,21.0,29.0,9.0,15.0,1.0,28.0,22.0,8.0,9.0,19.0,6.0,25.0,36.0,11.0,19.0,24.0,0.0,0.0,3.0,7.0,0.0
DL5,0.0,0.0,11.0,21.0,8.0,0.0,5.0,2.0,36.0,4.0,26.0,17.0,22.0,5.0,8.0,13.0,19.0,128.0,14.0,14.0,4.0,9.0,8.0,22.0,15.0,28.0,9.0,6.0,17.0,14.0,11.0,25.0,14.0,13.0,10.0,12.0,8.0,11.0,20.0,8.0,10.0,5.0,18.0,19.0,4.0,9.0,6.0,9.0,11.0,13.0,7.0,20.0,19.0,0.0,0.0,2.0,0.0,1.0
DM1,0.0,0.0,13.0,54.0,8.0,1.0,7.0,3.0,41.0,15.0,31.0,24.0,28.0,19.0,76.0,14.0,26.0,14.0,439.0,122.0,68.0,128.0,82.0,67.0,77.0,132.0,18.0,37.0,32.0,24.0,92.0,75.0,76.0,18.0,33.0,40.0,16.0,46.0,50.0,23.0,11.0,3.0,28.0,41.0,15.0,45.0,86.0,10.0,28.0,28.0,31.0,16.0,16.0,0.0,0.0,2.0,6.0,0.0
DM2,0.0,0.0,16.0,42.0,6.0,4.0,7.0,4.0,53.0,13.0,35.0,21.0,37.0,13.0,46.0,4.0,27.0,14.0,122.0,386.0,67.0,97.0,63.0,59.0,58.0,114.0,14.0,27.0,24.0,23.0,80.0,66.0,61.0,22.0,21.0,35.0,11.0,46.0,32.0,25.0,10.0,4.0,22.0,44.0,11.0,53.0,62.0,6.0,35.0,25.0,22.0,19.0,21.0,0.0,0.0,5.0,10.0,1.0
DM3,0.0,0.0,11.0,31.0,6.0,1.0,6.0,3.0,29.0,15.0,27.0,19.0,20.0,17.0,41.0,7.0,18.0,4.0,68.0,67.0,231.0,39.0,44.0,33.0,36.0,82.0,13.0,22.0,25.0,11.0,37.0,41.0,32.0,17.0,17.0,27.0,11.0,28.0,21.0,12.0,9.0,3.0,19.0,28.0,8.0,35.0,37.0,10.0,17.0,25.0,19.0,7.0,17.0,0.0,0.0,4.0,7.0,0.0
DM4,0.0,0.0,13.0,39.0,4.0,2.0,5.0,2.0,28.0,11.0,18.0,14.0,23.0,14.0,53.0,7.0,26.0,9.0,128.0,97.0,39.0,341.0,66.0,51.0,59.0,106.0,19.0,23.0,20.0,15.0,83.0,53.0,74.0,13.0,16.0,32.0,9.0,35.0,27.0,22.0,8.0,2.0,20.0,36.0,10.0,51.0,61.0,4.0,31.0,23.0,13.0,18.0,8.0,0.0,0.0,5.0,4.0,0.0
DM5,0.0,0.0,7.0,39.0,2.0,1.0,11.0,2.0,23.0,11.0,33.0,26.0,28.0,24.0,46.0,7.0,19.0,8.0,82.0,63.0,44.0,66.0,268.0,41.0,48.0,84.0,10.0,24.0,21.0,16.0,67.0,53.0,38.0,15.0,17.0,27.0,12.0,27.0,25.0,20.0,8.0,6.0,28.0,41.0,9.0,32.0,53.0,6.0,17.0,22.0,24.0,14.0,18.0,0.0,0.0,5.0,10.0,0.0
DM6,0.0,0.0,22.0,41.0,8.0,1.0,10.0,5.0,58.0,26.0,40.0,33.0,41.0,3.0,26.0,20.0,38.0,22.0,67.0,59.0,33.0,51.0,41.0,292.0,30.0,62.0,14.0,16.0,35.0,36.0,54.0,60.0,32.0,32.0,27.0,32.0,12.0,16.0,43.0,36.0,12.0,2.0,17.0,26.0,2.0,33.0,27.0,5.0,59.0,41.0,24.0,41.0,30.0,0.0,0.0,3.0,3.0,0.0
DP1l,1.0,0.0,14.0,46.0,5.0,2.0,18.0,3.0,38.0,16.0,40.0,28.0,35.0,22.0,49.0,6.0,34.0,15.0,77.0,58.0,36.0,59.0,48.0,30.0,319.0,87.0,17.0,29.0,28.0,25.0,58.0,80.0,48.0,21.0,31.0,38.0,14.0,39.0,42.0,17.0,7.0,12.0,23.0,42.0,20.0,27.0,40.0,21.0,22.0,37.0,23.0,16.0,17.0,0.0,0.0,6.0,15.0,0.0
DP1m,0.0,0.0,28.0,79.0,10.0,5.0,16.0,11.0,72.0,27.0,72.0,43.0,53.0,27.0,72.0,19.0,36.0,28.0,132.0,114.0,82.0,106.0,84.0,62.0,87.0,532.0,28.0,32.0,40.0,32.0,108.0,99.0,78.0,32.0,40.0,62.0,22.0,55.0,62.0,29.0,15.0,8.0,43.0,68.0,13.0,44.0,75.0,14.0,31.0,53.0,32.0,22.0,40.0,0.0,0.0,8.0,15.0,1.0
M,1.0,0.0,6.0,13.0,2.0,1.0,10.0,3.0,12.0,4.0,17.0,9.0,9.0,4.0,10.0,4.0,14.0,9.0,18.0,14.0,13.0,19.0,10.0,14.0,17.0,28.0,119.0,15.0,11.0,7.0,16.0,28.0,11.0,11.0,8.0,13.0,3.0,14.0,6.0,3.0,1.0,16.0,8.0,13.0,8.0,9.0,7.0,10.0,8.0,6.0,8.0,7.0,6.0,0.0,0.0,9.0,6.0,0.0
V,0.0,0.0,5.0,24.0,5.0,1.0,7.0,2.0,19.0,8.0,19.0,20.0,14.0,6.0,18.0,3.0,6.0,6.0,37.0,27.0,22.0,23.0,24.0,16.0,29.0,32.0,15.0,157.0,9.0,15.0,22.0,31.0,17.0,10.0,10.0,13.0,12.0,16.0,10.0,7.0,5.0,6.0,10.0,20.0,7.0,22.0,12.0,9.0,4.0,11.0,14.0,8.0,8.0,0.0,0.0,9.0,14.0,0.0
VA1d,0.0,0.0,9.0,37.0,5.0,1.0,6.0,0.0,27.0,14.0,34.0,15.0,25.0,5.0,16.0,11.0,21.0,17.0,32.0,24.0,25.0,20.0,21.0,35.0,28.0,40.0,11.0,9.0,166.0,23.0,25.0,40.0,26.0,12.0,23.0,17.0,7.0,12.0,26.0,14.0,9.0,2.0,27.0,17.0,4.0,9.0,17.0,5.0,14.0,26.0,8.0,9.0,16.0,0.0,0.0,1.0,2.0,0.0
VA1v,0.0,0.0,15.0,33.0,7.0,0.0,7.0,4.0,30.0,15.0,36.0,16.0,32.0,1.0,18.0,10.0,31.0,14.0,24.0,23.0,11.0,15.0,16.0,36.0,25.0,32.0,7.0,15.0,23.0,151.0,19.0,38.0,15.0,18.0,22.0,29.0,10.0,12.0,17.0,12.0,12.0,4.0,14.0,24.0,7.0,9.0,14.0,5.0,23.0,25.0,10.0,17.0,11.0,0.0,0.0,2.0,2.0,1.0
VA2,0.0,0.0,15.0,49.0,6.0,3.0,10.0,3.0,43.0,10.0,41.0,33.0,33.0,24.0,56.0,12.0,30.0,11.0,92.0,80.0,37.0,83.0,67.0,54.0,58.0,108.0,16.0,22.0,25.0,19.0,346.0,75.0,63.0,23.0,24.0,45.0,10.0,47.0,36.0,27.0,11.0,6.0,24.0,41.0,12.0,51.0,65.0,8.0,23.0,32.0,24.0,19.0,15.0,0.0,0.0,3.0,7.0,0.0
VA3,0.0,0.0,37.0,75.0,21.0,2.0,26.0,8.0,56.0,28.0,73.0,54.0,55.0,18.0,54.0,12.0,48.0,25.0,75.0,66.0,41.0,53.0,53.0,60.0,80.0,99.0,28.0,31.0,40.0,38.0,75.0,408.0,44.0,50.0,56.0,66.0,22.0,42.0,54.0,23.0,27.0,10.0,45.0,57.0,19.0,33.0,54.0,21.0,30.0,60.0,36.0,31.0,34.0,0.0,0.0,4.0,13.0,0.0
VA4,1.0,0.0,6.0,30.0,2.0,2.0,7.0,2.0,33.0,8.0,33.0,18.0,16.0,23.0,45.0,9.0,11.0,14.0,76.0,61.0,32.0,74.0,38.0,32.0,48.0,78.0,11.0,17.0,26.0,15.0,63.0,44.0,266.0,10.0,16.0,24.0,9.0,43.0,28.0,20.0,9.0,5.0,18.0,27.0,5.0,36.0,43.0,10.0,18.0,18.0,17.0,12.0,22.0,0.0,0.0,4.0,11.0,0.0
VA5,0.0,0.0,29.0,33.0,22.0,0.0,8.0,10.0,33.0,16.0,35.0,33.0,29.0,6.0,11.0,17.0,24.0,13.0,18.0,22.0,17.0,13.0,15.0,32.0,21.0,32.0,11.0,10.0,12.0,18.0,23.0,50.0,10.0,164.0,34.0,21.0,15.0,15.0,21.0,7.0,5.0,2.0,24.0,20.0,8.0,9.0,8.0,11.0,15.0,20.0,10.0,18.0,18.0,0.0,0.0,3.0,3.0,0.0
VA6,0.0,0.0,25.0,38.0,15.0,2.0,15.0,3.0,22.0,16.0,37.0,24.0,34.0,9.0,18.0,13.0,40.0,10.0,33.0,21.0,17.0,16.0,17.0,27.0,31.0,40.0,8.0,10.0,23.0,22.0,24.0,56.0,16.0,34.0,178.0,19.0,11.0,25.0,24.0,8.0,12.0,3.0,36.0,20.0,9.0,14.0,26.0,11.0,17.0,27.0,21.0,12.0,20.0,0.0,0.0,3.0,6.0,0.0
VA7m,0.0,0.0,13.0,33.0,13.0,0.0,14.0,3.0,34.0,16.0,38.0,36.0,34.0,12.0,23.0,8.0,24.0,12.0,40.0,35.0,27.0,32.0,27.0,32.0,38.0,62.0,13.0,13.0,17.0,29.0,45.0,66.0,24.0,21.0,19.0,225.0,21.0,31.0,27.0,16.0,8.0,6.0,21.0,42.0,11.0,14.0,32.0,9.0,25.0,31.0,21.0,9.0,21.0,0.0,0.0,5.0,1.0,1.0
VC1,0.0,0.0,7.0,17.0,7.0,0.0,4.0,1.0,12.0,9.0,18.0,17.0,7.0,4.0,7.0,1.0,9.0,8.0,16.0,11.0,11.0,9.0,12.0,12.0,14.0,22.0,3.0,12.0,7.0,10.0,10.0,22.0,9.0,15.0,11.0,21.0,83.0,10.0,9.0,4.0,3.0,2.0,8.0,7.0,7.0,3.0,10.0,6.0,4.0,10.0,7.0,6.0,8.0,0.0,0.0,2.0,0.0,0.0
VC2,0.0,0.0,10.0,29.0,7.0,1.0,12.0,1.0,17.0,14.0,34.0,25.0,17.0,17.0,45.0,3.0,21.0,11.0,46.0,46.0,28.0,35.0,27.0,16.0,39.0,55.0,14.0,16.0,12.0,12.0,47.0,42.0,43.0,15.0,25.0,31.0,10.0,201.0,20.0,7.0,5.0,6.0,24.0,26.0,12.0,22.0,30.0,7.0,8.0,22.0,8.0,6.0,16.0,0.0,0.0,3.0,9.0,0.0
VC3,0.0,0.0,16.0,42.0,7.0,1.0,9.0,2.0,34.0,15.0,34.0,18.0,25.0,9.0,33.0,16.0,29.0,20.0,50.0,32.0,21.0,27.0,25.0,43.0,42.0,62.0,6.0,10.0,26.0,17.0,36.0,54.0,28.0,21.0,24.0,27.0,9.0,20.0,207.0,13.0,10.0,1.0,20.0,23.0,4.0,15.0,21.0,9.0,24.0,31.0,15.0,15.0,24.0,0.0,0.0,3.0,4.0,0.0
VC4,0.0,0.0,5.0,16.0,3.0,1.0,6.0,2.0,23.0,7.0,17.0,12.0,10.0,4.0,18.0,4.0,9.0,8.0,23.0,25.0,12.0,22.0,20.0,36.0,17.0,29.0,3.0,7.0,14.0,12.0,27.0,23.0,20.0,7.0,8.0,16.0,4.0,7.0,13.0,115.0,6.0,3.0,5.0,14.0,1.0,15.0,14.0,1.0,22.0,15.0,9.0,10.0,14.0,0.0,0.0,3.0,2.0,1.0
VC5,0.0,0.0,9.0,11.0,3.0,1.0,1.0,1.0,11.0,3.0,13.0,10.0,10.0,3.0,12.0,1.0,15.0,10.0,11.0,10.0,9.0,8.0,8.0,12.0,7.0,15.0,1.0,5.0,9.0,12.0,11.0,27.0,9.0,5.0,12.0,8.0,3.0,5.0,10.0,6.0,76.0,1.0,10.0,14.0,1.0,3.0,13.0,4.0,6.0,11.0,8.0,7.0,7.0,0.0,0.0,0.0,4.0,0.0
VL1,0.0,0.0,5.0,4.0,3.0,1.0,8.0,1.0,4.0,2.0,4.0,3.0,6.0,1.0,6.0,1.0,1.0,5.0,3.0,4.0,3.0,2.0,6.0,2.0,12.0,8.0,16.0,6.0,2.0,4.0,6.0,10.0,5.0,2.0,3.0,6.0,2.0,6.0,1.0,3.0,1.0,45.0,4.0,8.0,5.0,4.0,2.0,6.0,1.0,1.0,3.0,1.0,2.0,0.0,0.0,8.0,2.0,0.0
VL2a,0.0,0.0,25.0,47.0,10.0,1.0,11.0,5.0,19.0,10.0,49.0,32.0,30.0,12.0,21.0,13.0,28.0,18.0,28.0,22.0,19.0,20.0,28.0,17.0,23.0,43.0,8.0,10.0,27.0,14.0,24.0,45.0,18.0,24.0,36.0,21.0,8.0,24.0,20.0,5.0,10.0,4.0,192.0,27.0,12.0,14.0,22.0,8.0,6.0,18.0,16.0,14.0,19.0,0.0,0.0,3.0,4.0,0.0
VL2p,0.0,0.0,15.0,30.0,8.0,1.0,12.0,6.0,38.0,9.0,33.0,22.0,33.0,23.0,32.0,6.0,22.0,19.0,41.0,44.0,28.0,36.0,41.0,26.0,42.0,68.0,13.0,20.0,17.0,24.0,41.0,57.0,27.0,20.0,20.0,42.0,7.0,26.0,23.0,14.0,14.0,8.0,27.0,244.0,9.0,14.0,40.0,15.0,15.0,31.0,22.0,16.0,17.0,0.0,0.0,5.0,6.0,0.0
VM1,0.0,0.0,4.0,8.0,5.0,0.0,9.0,2.0,5.0,3.0,6.0,12.0,7.0,3.0,19.0,2.0,8.0,4.0,15.0,11.0,8.0,10.0,9.0,2.0,20.0,13.0,8.0,7.0,4.0,7.0,12.0,19.0,5.0,8.0,9.0,11.0,7.0,12.0,4.0,1.0,1.0,5.0,12.0,9.0,66.0,5.0,6.0,7.0,2.0,7.0,3.0,1.0,1.0,0.0,0.0,2.0,2.0,0.0
VM2,0.0,0.0,8.0,23.0,4.0,3.0,6.0,3.0,16.0,1.0,18.0,14.0,14.0,5.0,34.0,4.0,9.0,9.0,45.0,53.0,35.0,51.0,32.0,33.0,27.0,44.0,9.0,22.0,9.0,9.0,51.0,33.0,36.0,9.0,14.0,14.0,3.0,22.0,15.0,15.0,3.0,4.0,14.0,14.0,5.0,169.0,29.0,3.0,19.0,19.0,12.0,11.0,11.0,0.0,0.0,0.0,6.0,0.0
VM3,0.0,0.0,8.0,23.0,6.0,0.0,6.0,2.0,21.0,11.0,24.0,16.0,25.0,18.0,49.0,3.0,19.0,6.0,86.0,62.0,37.0,61.0,53.0,27.0,40.0,75.0,7.0,12.0,17.0,14.0,65.0,54.0,43.0,8.0,26.0,32.0,10.0,30.0,21.0,14.0,13.0,2.0,22.0,40.0,6.0,29.0,232.0,10.0,9.0,13.0,18.0,11.0,10.0,0.0,0.0,3.0,9.0,0.0
VM4,0.0,0.0,12.0,15.0,10.0,0.0,14.0,2.0,8.0,8.0,7.0,12.0,13.0,8.0,14.0,7.0,6.0,9.0,10.0,6.0,10.0,4.0,6.0,5.0,21.0,14.0,10.0,9.0,5.0,5.0,8.0,21.0,10.0,11.0,11.0,9.0,6.0,7.0,9.0,1.0,4.0,6.0,8.0,15.0,7.0,3.0,10.0,74.0,4.0,8.0,13.0,9.0,7.0,0.0,0.0,4.0,3.0,1.0
VM5d,0.0,0.0,11.0,17.0,4.0,0.0,3.0,2.0,37.0,15.0,26.0,18.0,22.0,0.0,14.0,10.0,25.0,11.0,28.0,35.0,17.0,31.0,17.0,59.0,22.0,31.0,8.0,4.0,14.0,23.0,23.0,30.0,18.0,15.0,17.0,25.0,4.0,8.0,24.0,22.0,6.0,1.0,6.0,15.0,2.0,19.0,9.0,4.0,166.0,42.0,11.0,16.0,18.0,0.0,0.0,1.0,2.0,1.0
VM5v,0.0,0.0,18.0,30.0,6.0,0.0,6.0,6.0,37.0,15.0,43.0,28.0,32.0,8.0,23.0,11.0,36.0,13.0,28.0,25.0,25.0,23.0,22.0,41.0,37.0,53.0,6.0,11.0,26.0,25.0,32.0,60.0,18.0,20.0,27.0,31.0,10.0,22.0,31.0,15.0,11.0,1.0,18.0,31.0,7.0,19.0,13.0,8.0,42.0,199.0,18.0,17.0,25.0,0.0,0.0,3.0,4.0,1.0
VM6,1.0,0.0,12.0,16.0,4.0,1.0,8.0,5.0,17.0,8.0,16.0,16.0,12.0,10.0,15.0,3.0,11.0,7.0,31.0,22.0,19.0,13.0,24.0,24.0,23.0,32.0,8.0,14.0,8.0,10.0,24.0,36.0,17.0,10.0,21.0,21.0,7.0,8.0,15.0,9.0,8.0,3.0,16.0,22.0,3.0,12.0,18.0,13.0,11.0,18.0,151.0,14.0,15.0,0.0,0.0,7.0,11.0,2.0
VM7d,0.0,0.0,17.0,23.0,5.0,0.0,4.0,4.0,42.0,11.0,24.0,24.0,30.0,4.0,9.0,13.0,19.0,20.0,16.0,19.0,7.0,18.0,14.0,41.0,16.0,22.0,7.0,8.0,9.0,17.0,19.0,31.0,12.0,18.0,12.0,9.0,6.0,6.0,15.0,10.0,7.0,1.0,14.0,16.0,1.0,11.0,11.0,9.0,16.0,17.0,14.0,137.0,25.0,0.0,0.0,2.0,1.0,2.0
VM7v,0.0,0.0,17.0,34.0,2.0,0.0,2.0,7.0,30.0,15.0,28.0,13.0,29.0,9.0,15.0,15.0,24.0,19.0,16.0,21.0,17.0,8.0,18.0,30.0,17.0,40.0,6.0,8.0,16.0,11.0,15.0,34.0,22.0,18.0,20.0,21.0,8.0,16.0,24.0,14.0,7.0,2.0,19.0,17.0,1.0,11.0,10.0,7.0,18.0,25.0,15.0,25.0,153.0,0.0,0.0,3.0,5.0,1.0
VP1l+VP3,0.0,0.0,0.0,0.0,0.0,0.0,0.0,0.0,0.0,0.0,0.0,0.0,0.0,0.0,0.0,0.0,0.0,0.0,0.0,0.0,0.0,0.0,0.0,0.0,0.0,0.0,0.0,0.0,0.0,0.0,0.0,0.0,0.0,0.0,0.0,0.0,0.0,0.0,0.0,0.0,0.0,0.0,0.0,0.0,0.0,0.0,0.0,0.0,0.0,0.0,0.0,0.0,0.0,3.0,0.0,0.0,0.0,0.0
VP1m+VP2,0.0,0.0,0.0,0.0,0.0,0.0,0.0,0.0,0.0,0.0,0.0,0.0,1.0,0.0,0.0,0.0,0.0,0.0,0.0,0.0,0.0,0.0,0.0,0.0,0.0,0.0,0.0,0.0,0.0,0.0,0.0,0.0,0.0,0.0,0.0,0.0,0.0,0.0,0.0,0.0,0.0,0.0,0.0,0.0,0.0,0.0,0.0,0.0,0.0,0.0,0.0,0.0,0.0,0.0,1.0,0.0,0.0,0.0
VP1m+VP5,1.0,0.0,2.0,5.0,3.0,0.0,7.0,4.0,5.0,2.0,6.0,6.0,4.0,1.0,5.0,2.0,3.0,2.0,2.0,5.0,4.0,5.0,5.0,3.0,6.0,8.0,9.0,9.0,1.0,2.0,3.0,4.0,4.0,3.0,3.0,5.0,2.0,3.0,3.0,3.0,0.0,8.0,3.0,5.0,2.0,0.0,3.0,4.0,1.0,3.0,7.0,2.0,3.0,0.0,0.0,70.0,9.0,2.0
VP2,2.0,0.0,3.0,7.0,1.0,1.0,2.0,2.0,3.0,1.0,5.0,6.0,3.0,5.0,8.0,1.0,7.0,0.0,6.0,10.0,7.0,4.0,10.0,3.0,15.0,15.0,6.0,14.0,2.0,2.0,7.0,13.0,11.0,3.0,6.0,1.0,0.0,9.0,4.0,2.0,4.0,2.0,4.0,6.0,2.0,6.0,9.0,3.0,2.0,4.0,11.0,1.0,5.0,0.0,0.0,9.0,69.0,0.0
VP5+Z,0.0,0.0,0.0,0.0,0.0,0.0,0.0,0.0,0.0,1.0,0.0,1.0,0.0,0.0,0.0,0.0,0.0,1.0,0.0,1.0,0.0,0.0,0.0,0.0,0.0,1.0,0.0,0.0,0.0,1.0,0.0,0.0,0.0,0.0,0.0,1.0,0.0,0.0,0.0,1.0,0.0,0.0,0.0,0.0,0.0,0.0,0.0,1.0,1.0,1.0,2.0,2.0,1.0,0.0,0.0,2.0,0.0,4.0
