type,pn_count,partners_z_gt_edge,mean_z,in_core
DL4,2,8,0.4807230049015805,True
VA6,1,4,0.4554491720141565,True
VM4,2,2,0.4459849715744561,True
DA4m,1,2,0.36376298140315416,True
DL1,2,3,0.2644568590814238,True
DC2,1,2,0.2535267890755074,True
DC4,1,3,0.2523255663899258,True
DA4l,1,3,0.1213985231437749,True
VA5,3,5,0.1031008007784027,True
VA1v,4,2,0.0958036035410458,True
D,3,6,0.08908724099161376,True
VM1,1,2,0.07955967728849116,True
VC1,1,1,0.045444781319057055,False
VA3,3,1,0.04471486415200398,True
DA3,1,0,-0.058514133875182,False
VP5+Z,1,1,-0.06519463818132834,True
VM7d,2,5,-0.06817120893654938,True
DL2d,4,1,-0.08237129571571065,False
VC5,1,0,-0.08362123316859026,False
VM5v,4,2,-0.08698748958840072,True
VM7v,3,1,-0.08894388735470751,True
VC4,3,1,-0.09054976989939494,True
VL2a,1,2,-0.10162863628666936,True
VL1,2,3,-0.10547960824653667,True
DL5,1,2,-0.10828862150605882,True
CB1321,1,1,-0.12662093043425982,True
VC2,1,2,-0.15115406211752663,True
VA1d,2,0,-0.17049712230400305,False
VM2,2,4,-0.1937585515676218,True
VC3,2,0,-0.19535837800839545,False
VM6,1,0,-0.205143474492037,False
DA2,5,2,-0.22427366028537382,True
VP1m+VP2,1,0,-0.2617650980272399,False
VL2p,1,1,-0.2635088100003877,False
VA7m,3,1,-0.27704294863274287,False
CB4219,1,0,-0.3186212504231788,False
DP1l,1,0,-0.33872676375048777,False
DM3,1,1,-0.3581197572557672,True
DC3,4,2,-0.3619356741718967,True
DL2v,4,3,-0.3830794276952384,True
DC1,1,2,-0.40837224068217925,True
VA2,1,3,-0.42079525255624545,True
VM3,2,4,-0.4438800209933819,True
DM5,3,1,-0.4585139662104144,True
DL3,3,2,-0.5000667828298437,True
VP2,1,3,-0.5279449223117689,True
V,2,1,-0.5915127245597198,True
VA4,1,2,-0.598983456520994,True
VP1l+VP3,2,0,-0.6369237740246569,False
DM6,4,3,-0.6558928377220391,True
M,20,1,-0.7771274382704608,True
DA1,8,1,-0.822922996146465,True
DP1m,1,0,-0.8247132224749258,False
VM5d,4,2,-0.839779075909648,True
DM4,1,5,-1.0840919860563796,True
DM1,1,3,-1.1399611070633138,True
VP1m+VP5,2,3,-1.1615569822988874,True
DM2,2,3,-1.2200398324737902,True
