side,graph,mean_delta
right,1,0.02536986301369863
right,2,0.025287671232876712
right,3,0.023342465753424656
right,4,0.025232876712328767
right,5,0.02189041095890411
right,6,0.026712328767123285
right,7,0.03463013698630137
right,8,0.030438356164383562
right,9,0.03041095890410959
right,10,0.0303013698630137
right,11,0.028739726027397265
right,12,0.03221917808219178
right,13,0.03326027397260275
right,14,0.03375342465753424
right,15,0.02424657534246575
right,16,0.02808219178082192
right,17,0.033369863013698625
right,18,0.027315068493150685
right,19,0.029260273972602734
right,20,0.02906849315068493
right,21,0.04347945205479452
right,22,0.02002739726027397
right,23,0.0335068493150685
right,24,0.029589041095890414
right,25,0.02810958904109589
right,26,0.03356164383561644
right,27,0.029287671232876716
right,28,0.0335068493150685
right,29,0.025342465753424654
right,30,0.03147945205479452
right,31,0.025835616438356163
right,32,0.02983561643835617
right,33,0.0318082191780822
right,34,0.02736986301369863
right,35,0.02838356164383562
right,36,0.026356164383561642
right,37,0.030986301369863013
right,38,0.035150684931506845
right,39,0.03583561643835616
right,40,0.03405479452054795
right,41,0.029698630136986304
right,42,0.030739726027397257
right,43,0.026246575342465755
right,44,0.024821917808219178
right,45,0.026164383561643835
right,46,0.0286027397260274
right,47,0.031095890410958903
right,48,0.029698630136986304
right,49,0.026273972602739726
right,50,0.024794520547945204
right,51,0.02432876712328767
right,52,0.032
right,53,0.025287671232876712
right,54,0.02884931506849315
right,55,0.027479452054794518
right,56,0.030547945205479453
right,57,0.027534246575342463
right,58,0.028191780821917804
right,59,0.02758904109589041
right,60,0.02652054794520548
right,61,0.029424657534246577
right,62,0.03079452054794521
right,63,0.024
right,64,0.03336986301369863
right,65,0.03452054794520549
right,66,0.023479452054794524
right,67,0.027726027397260274
right,68,0.027205479452054794
right,69,0.0335068493150685
right,70,0.03534246575342466
right,71,0.029643835616438352
right,72,0.03298630136986302
right,73,0.031616438356164386
right,74,0.03309589041095891
right,75,0.03698630136986301
right,76,0.027945205479452055
right,77,0.027863013698630135
right,78,0.028410958904109586
right,79,0.030136986301369864
right,80,0.03956164383561643
right,81,0.025150684931506847
right,82,0.02156164383561644
right,83,0.03315068493150686
right,84,0.03424657534246575
right,85,0.029643835616438352
right,86,0.027972602739726026
right,87,0.027534246575342463
right,88,0.026
right,89,0.03383561643835617
right,90,0.0276986301369863
right,91,0.028438356164383564
right,92,0.02704109589041096
right,93,0.027068493150684932
right,94,0.030493150684931507
right,95,0.03926027397260273
right,96,0.02232876712328767
right,97,0.03147945205479453
right,98,0.031643835616438354
right,99,0.026794520547945205
right,100,0.02906849315068493
left,1,0.03852054794520548
left,2,0.044410958904109586
left,3,0.04224657534246575
left,4,0.030684931506849318
left,5,0.03523287671232877
left,6,0.03142465753424658
left,7,0.03695890410958904
left,8,0.0303013698630137
left,9,0.037205479452054796
left,10,0.030958904109589038
left,11,0.04515068493150684
left,12,0.029397260273972603
left,13,0.034931506849315064
left,14,0.02945205479452055
left,15,0.02802739726027397
left,16,0.04915068493150685
left,17,0.03389041095890411
left,18,0.03657534246575343
left,19,0.03378082191780822
left,20,0.036712328767123284
left,21,0.0349041095890411
left,22,0.03673972602739725
left,23,0.03556164383561644
left,24,0.04542465753424657
left,25,0.03161643835616438
left,26,0.04416438356164382
left,27,0.038794520547945195
left,28,0.03410958904109589
left,29,0.03068493150684931
left,30,0.02835616438356164
left,31,0.030219178082191774
left,32,0.0427945205479452
left,33,0.0456986301369863
left,34,0.03271232876712329
left,35,0.03334246575342465
left,36,0.03246575342465754
left,37,0.03652054794520548
left,38,0.026520547945205482
left,39,0.03712328767123288
left,40,0.0273972602739726
left,41,0.03402739726027397
left,42,0.032136986301369866
left,43,0.03219178082191781
left,44,0.03391780821917808
left,45,0.043835616438356165
left,46,0.0401095890410959
left,47,0.04087671232876712
left,48,0.029287671232876716
left,49,0.036136986301369856
left,50,0.0336986301369863
left,51,0.030739726027397263
left,52,0.041178082191780825
left,53,0.05569863013698631
left,54,0.034849315068493154
left,55,0.03361643835616439
left,56,0.03397260273972603
left,57,0.034547945205479456
left,58,0.03904109589041095
left,59,0.04136986301369863
left,60,0.03484931506849315
left,61,0.038602739726027395
left,62,0.05123287671232876
left,63,0.03564383561643836
left,64,0.03482191780821917
left,65,0.03189041095890412
left,66,0.03219178082191781
left,67,0.03205479452054794
left,68,0.040136986301369866
left,69,0.042164383561643835
left,70,0.030657534246575344
left,71,0.033013698630136985
left,72,0.024794520547945207
left,73,0.04183561643835616
left,74,0.03298630136986302
left,75,0.031041095890410958
left,76,0.038657534246575344
left,77,0.04457534246575342
left,78,0.04386301369863013
left,79,0.033753424657534246
left,80,0.031095890410958903
left,81,0.03183561643835616
left,82,0.03361643835616439
left,83,0.034356164383561635
left,84,0.03008219178082192
left,85,0.033863013698630144
left,86,0.02682191780821918
left,87,0.03550684931506849
left,88,0.029342465753424658
left,89,0.03972602739726027
left,90,0.029917808219178086
left,91,0.03890410958904109
left,92,0.0350958904109589
left,93,0.03243835616438356
left,94,0.03720547945205479
left,95,0.038493150684931504
left,96,0.04043835616438356
left,97,0.03287671232876712
left,98,0.03263013698630137
left,99,0.033589041095890414
left,100,0.03791780821917808
