side,odor,n_active,L_crit,leak_learned,leak_control,noise_L_learned,noise_L_control
right,0,204,0.23835049775247355,0.042,0.004,0.3775856398361585,0.05803617374474919
right,1,178,0.12797058003545952,0.044,0.006,0.4067823906399543,0.06251330695561176
right,2,242,0.3597864523456748,0.04,0.0,0.5396535890747045,0.09187772335787793
right,3,259,0.3690061809675898,0.038,0.0,0.42406839747704417,0.08309667146663952
right,4,198,0.38575646388417706,0.038,0.0,0.5774855314415694,0.03214794805773734
right,5,133,0.16374286317052641,0.048,0.0,0.4775738637391162,0.00757505224062327
right,6,233,0.18658436914834728,0.046,0.0,0.33976622235118875,0.0423695169453501
right,7,211,0.24310262250230544,0.044,0.0,0.4098388041330676,0.02740024877422303
right,8,243,0.36460519919901724,0.04,0.0,0.5580862407193848,0.005940669184484954
right,9,239,0.3565893694698393,0.038,0.0,0.43457031737949453,0.02084396974348588
right,10,172,0.26738441161131316,0.044,0.002,0.5098453135392165,0.032277094671042415
right,11,110,0.3494965577824547,0.03,0.0,0.45522710551796397,0.0033160577145438562
right,12,124,0.14127461238328495,0.046,0.02,0.48432451034791263,0.1119963084109974
right,13,166,0.30544138981167174,0.036,0.0,0.46013350147846904,0.011066177920827626
right,14,246,0.3104023094173514,0.04,0.0,0.41637719836693693,0.014304494489861196
right,15,218,0.27064829845844696,0.044,0.0,0.40844156939865717,0.017099878882319626
right,16,204,0.3145508272333579,0.036,0.0,0.5053305052611466,0.033935481398764226
right,17,214,0.24544578082933288,0.046,0.002,0.3440380770047181,0.04920558017083072
right,18,266,0.36759751399355456,0.016,0.0,0.3465871858890512,0.05083286257659448
right,19,193,0.2747547860260936,0.048,0.0,0.5083794338651504,0.01808076608858901
right,20,93,0.0920615258869622,0.05,0.0,0.2885421338106692,0.012895365906145472
right,21,169,0.25625819117174653,0.036,0.0,0.4325066003464722,0.028601005693303976
right,22,141,0.14361856544998264,0.05,0.0,0.4409589049893284,0.0527587639069826
right,23,177,0.27878573694728187,0.046,0.0,0.5018842171650013,0.014881325136724731
right,24,139,0.1985137164907189,0.038,0.0,0.4289414229685932,0.03968691735594224
right,25,140,0.2030250821369718,0.04,0.002,0.3860381028766723,0.026113862977286975
right,26,170,0.29480679642072327,0.046,0.0,0.5003079664520936,0.022802734453103983
right,27,176,0.26317612079334973,0.048,0.004,0.5060902474053008,0.07921160262231863
right,28,213,0.2697198259935215,0.04,0.002,0.3530244536638528,0.044683522484342625
right,29,256,0.3543996090889151,0.018,0.0,0.2426817717965313,0.03185385451070784
right,30,256,0.3216463725679093,0.048,0.0,0.5797005623529004,0.024114152485856185
right,31,250,0.3587713560740664,0.046,0.0,0.5685660208479449,0.039385824386920384
right,32,218,0.34613380103969627,0.046,0.0,0.6073451568610297,0.019644645931919745
right,33,220,0.36714392291379905,0.046,0.002,0.5385564492167112,0.03278944238758907
right,34,309,0.39848465067759753,0.016,0.002,0.3577731967510822,0.1558563313770075
right,35,210,0.3863736094330847,0.04,0.0,0.6093944006111096,0.010372455210937916
right,36,285,0.36144931723727763,0.038,0.0,0.48453940452868544,0.06523492096219911
right,37,188,0.3817011675377879,0.016,0.0,0.37080107970530385,0.04021335567913054
right,38,204,0.37308736216881905,0.022,0.0,0.3763890503316701,0.045752314480539916
right,39,107,0.3213959601045627,0.012,0.0,0.17355844658032213,0.002528025243695681
right,40,197,0.37062203166640695,0.016,0.0,0.3065978342172464,0.04820049508973468
right,41,176,0.36396225575946783,0.014,0.0,0.2654200139801487,0.07185783883884361
right,42,217,0.3920301661593668,0.022,0.0,0.41328305948579397,0.1218130129817059
right,43,212,0.38820089826045123,0.02,0.0,0.3894210962732077,0.0461584485106786
right,44,216,0.35392793690930646,0.038,0.0,0.47322551603369045,0.06895925267548954
right,45,167,0.3468041414720253,0.044,0.0,0.5639915860138918,0.01673014139863688
right,46,223,0.2959650310826597,0.044,0.0,0.4405387792615958,0.04063636894200622
right,47,245,0.36521055984842243,0.018,0.0,0.2835770385528908,0.04608057357893968
right,48,225,0.3693634002261122,0.016,0.0,0.32688682892604604,0.029194996535872302
right,49,233,0.37337986693872405,0.042,0.0,0.5954457202610387,0.03355412907550452
right,50,249,0.35500936558544677,0.046,0.0,0.6121350658135888,0.07283838456036139
right,51,263,0.3536855537972459,0.044,0.0,0.588881839048939,0.0405137971416984
right,52,87,0.07027481408082248,0.044,0.0,0.14897697777658123,0.020705373594334733
right,53,192,0.3861727796384606,0.004,0.0,0.14570415254904334,0.022397463568730527
right,54,233,0.404439711760312,0.002,0.0,0.1700466787966174,0.04532465538468154
right,55,275,0.40494155323657754,0.012,0.0,0.21667430393992945,0.05039879211304631
right,56,286,0.3862898426412388,0.04,0.0,0.48644483900899843,0.05025563624529258
right,57,267,0.39400725188996283,0.038,0.0,0.5574953401303729,0.01890522993805269
right,58,246,0.4136079115662671,0.01,0.0,0.25146317933128143,0.0714698088829812
right,59,260,0.37749981748104844,0.042,0.0,0.5402942917391814,0.016179201436156303
right,60,252,0.3494626998039852,0.022,0.0,0.33902207121222566,0.024952239938635292
right,61,294,0.3814011727094508,0.038,0.0,0.46576148759710106,0.06508943879851697
right,62,209,0.3405687282939396,0.046,0.0,0.5937832865827388,0.04206572951908373
right,63,277,0.3558795577549279,0.042,0.0,0.567409005985069,0.05506253428222389
right,64,189,0.3107255511203293,0.036,0.0,0.34241355060969375,0.02827006168009847
right,65,242,0.39873842017843864,0.042,0.0,0.5583943039173543,0.07934863471542129
right,66,229,0.4118270619721982,0.038,0.0,0.5206271181164535,0.03147038418089138
right,67,172,0.28614144980567857,0.032,0.0,0.3267878712784848,0.02385982418834369
right,68,197,0.40589625167848065,0.028,0.0,0.35402805884208155,0.057433441164647055
right,69,190,0.2930685313405708,0.032,0.0,0.37742634807554765,0.05157378552962301
right,70,118,0.1944192066859114,0.034,0.0,0.3895669605619867,0.02577132901260931
right,71,282,0.36134610592692157,0.028,0.0,0.39724148149490196,0.07676033992871484
right,72,267,0.35157556506690135,0.026,0.0,0.3537710732503181,0.056763546698956294
left,0,212,0.38012778648648443,0.052,0.0,0.6426657250275797,0.015938904418260194
left,1,197,0.2691938077505569,0.052,0.0,0.49970817938748124,0.004740005120416452
left,2,247,0.38528803976319437,0.024,0.0,0.3960845424003066,0.01832052536875854
left,3,260,0.425616816067057,0.02,0.0,0.36270912165769026,0.009250455075769019
left,4,206,0.4178818679280284,0.014,0.0,0.3778757408117122,0.013181253259026781
left,5,123,0.1996593691366324,0.036,0.0,0.3234708649049331,0.001935384861419223
left,6,270,0.38465982515486463,0.054,0.002,0.6804809083032444,0.055556209345743686
left,7,252,0.37131815479582075,0.054,0.0,0.6787767670840762,0.016467602186571978
left,8,267,0.395791588200669,0.054,0.0,0.667930846678694,0.05823130081932191
left,9,240,0.42261515062136235,0.052,0.0,0.677382080027143,0.04109886344226758
left,10,190,0.33512110088512226,0.032,0.0,0.3932266520626956,0.06035122513646259
left,11,100,0.3825509925122618,0.01,0.0,0.1994325929312889,0.0
left,12,124,0.28366120887639723,0.036,0.0,0.3794908737767959,0.1254786759738797
left,13,117,0.34901752753098775,0.012,0.0,0.20058320782248149,0.029721202491064216
left,14,281,0.3748479588924363,0.054,0.0,0.7459903516689892,0.04531206238922477
left,15,231,0.32981605559091076,0.054,0.0,0.6008024636443415,0.021166488884619496
left,16,174,0.2789160768153489,0.02,0.0,0.24233498022469752,0.006263230488774357
left,17,249,0.3475025703467256,0.054,0.0,0.5886986204267415,0.005330433428590532
left,18,224,0.4035779056730411,0.012,0.0,0.2647065883520356,0.014840125981019458
left,19,237,0.3355199880925079,0.052,0.0,0.6984317322804584,0.017570872441005036
left,20,153,0.3890694993352948,0.046,0.0,0.684877894191198,0.04367722701657988
left,21,236,0.40509646608825867,0.052,0.0,0.7514899121044647,0.031081840446949175
left,22,153,0.3139735275718856,0.052,0.0,0.5685195486679848,0.011342612195786328
left,23,214,0.35734368219547497,0.05,0.0,0.6939850258831726,0.0468142621412802
left,24,182,0.4087644727992485,0.048,0.0,0.6956692459848389,0.012182015730187092
left,25,199,0.41707586235567784,0.052,0.0,0.7244172035139586,0.01930126259229911
left,26,227,0.38163870188235455,0.052,0.0,0.6770555882004076,0.11167747770983036
left,27,219,0.40589403001340474,0.052,0.0,0.694406261984459,0.11313677903635007
left,28,208,0.398024861348639,0.048,0.0,0.7139653984306255,0.034824863722405994
left,29,224,0.36293550929347485,0.052,0.0,0.5940139215831848,0.038671911956183636
left,30,236,0.3803919188791588,0.018,0.0,0.2705227776412373,0.032560342216525526
left,31,219,0.418560748870082,0.016,0.0,0.2730943738041009,0.17045604654141755
left,32,206,0.40100676341575514,0.048,0.0,0.5947673227835345,0.22566008265168078
left,33,212,0.3629728364854138,0.05,0.0,0.5460426570112565,0.012860585890135452
left,34,244,0.42535455033266695,0.014,0.0,0.2627111773574511,0.02003610306963905
left,35,230,0.404277629632803,0.046,0.0,0.5388892725969813,0.019149169423448496
left,36,282,0.3942920855176917,0.052,0.0,0.70617744402818,0.03876629109365238
left,37,225,0.37735437836765,0.052,0.0,0.5505900126645885,0.15365346777274702
left,38,213,0.36136395442498104,0.018,0.0,0.3467197279243075,0.012017899305128832
left,39,140,0.39589716470266645,0.028,0.0,0.4312834261369814,0.028167136264424377
left,40,214,0.37781219926536386,0.01,0.0,0.27962159401545544,0.018617824192550744
left,41,204,0.36851733194280734,0.012,0.0,0.27343149212172985,0.035506780468849725
left,42,228,0.3855179531052008,0.046,0.0,0.4870908710262012,0.031159089209484233
left,43,214,0.3442750724147893,0.014,0.0,0.28585278958294225,0.04615242273854975
left,44,221,0.34550438654775506,0.024,0.0,0.3213177064397996,0.15531161867331864
left,45,166,0.33846627496143383,0.016,0.0,0.31316463758964097,0.016172420216057776
left,46,200,0.37190083669862073,0.044,0.0,0.4666069638927202,0.042760343116737716
left,47,239,0.40536063531022404,0.046,0.0,0.5725814014209141,0.08166099824550709
left,48,242,0.3818852465825966,0.044,0.0,0.5163460844211097,0.008916988260094202
left,49,288,0.4052913905449834,0.048,0.0,0.6911496108910439,0.10598020841480328
left,50,235,0.40938142277555645,0.05,0.006,0.6184652629586315,0.21031443847450046
left,51,258,0.3921782139729186,0.05,0.0,0.626104025676779,0.04510678726573542
left,52,89,0.15767625006493055,0.052,0.0,0.29916674742727334,0.003441537770788483
left,53,170,0.3960998453602942,0.01,0.0,0.19648864845206157,0.05661750120620007
left,54,201,0.4278641976974083,0.014,0.0,0.24580629004546514,0.06104192301868017
left,55,249,0.3949225940270853,0.044,0.0,0.4831603313436152,0.030277990939129147
left,56,297,0.4219991458086124,0.016,0.0,0.3077095876331035,0.059942113820326964
left,57,313,0.40383093643135354,0.05,0.0,0.6726858494949491,0.03257630269044671
left,58,275,0.4009917579477138,0.046,0.0,0.5043681736830335,0.03603027504949481
left,59,298,0.4012060242633928,0.052,0.0,0.545351944247565,0.1735556605937431
left,60,256,0.40829868267954594,0.014,0.0,0.3621115089286222,0.03960535790911706
left,61,312,0.41987740536064316,0.05,0.0,0.6463719993282148,0.017959754632029104
left,62,231,0.39772717814431846,0.05,0.0,0.6012651783873361,0.16415212724497788
left,63,278,0.3906577981667424,0.05,0.0,0.5763634730818433,0.05771577960424289
left,64,127,0.25291444946389313,0.03,0.0,0.29001143592839956,0.0012932486873896123
left,65,226,0.4185052718168992,0.012,0.0,0.3662197824156624,0.01824094098345439
left,66,237,0.4303203319260833,0.046,0.0,0.557004627112712,0.04824038354646595
left,67,199,0.3884591875515494,0.02,0.0,0.2469179044503744,0.07115516653916557
left,68,182,0.4364762715224658,0.012,0.0,0.2711892729165185,0.0069979386229760245
left,69,187,0.35527371084935044,0.024,0.0,0.3579934919656986,0.007534925602047386
left,70,153,0.2746602455482463,0.026,0.0,0.25817106844763854,0.008296643626617277
left,71,293,0.41891263437921267,0.05,0.0,0.5474627917530379,0.20932559331013653
left,72,234,0.40632199677815584,0.044,0.0,0.4833277226654701,0.07995016878102018
