kind,graph,z_sd,z_max,n_pos,n_neg,ALL_dprime
real,0,1.9751586407111277,5.80673694298573,16,4,18.322833984367787
N0,1,1.1165765563260956,3.5554541470309307,1,0,19.736441937835533
N0,2,1.0117843898713659,3.4577828345165744,1,0,20.110955672722945
N0,3,1.0205570216924198,4.031829233145028,2,0,19.94408301320473
N0,4,1.04504656746956,3.525169394030694,1,0,19.49853224062208
N0,5,1.0208943344985792,3.2377330993386324,0,0,19.59433952079093
N0,6,0.9657194511987396,3.534765560323319,1,0,19.396162741862582
N0,7,0.9875526351467673,2.9177235709660576,0,0,19.607856178110307
N0,8,1.060009048554113,3.2101727460112732,0,0,19.523361433700423
N0,9,0.9757511516282725,2.7441772803325812,0,0,19.70019774475089
N0,10,1.0767260318323038,3.940985246936251,1,0,19.483595836985845
N0,11,1.0072716129571446,4.124965998951652,1,0,18.91105096893904
N0,12,1.0258935344521702,3.657877349334981,3,0,19.30975037023764
N0,13,1.0524874808575024,3.8129363777768717,1,0,19.999560801838346
N0,14,1.0592084835663493,3.519799516994606,1,0,19.365755475702255
N0,15,1.103468551408444,4.105347835478792,1,0,19.1903283973333
N0,16,0.9763378824718258,3.6633618185981813,1,0,19.19717614667026
N0,17,1.0633696095639114,3.333528761048789,1,0,18.75394399435432
N0,18,1.0327557553130606,3.411306020490091,1,0,18.98479822001064
N0,19,1.0525746842003758,2.9867312642669943,0,0,19.700661009923632
N0,20,1.0502612673634124,3.579127150444519,2,0,19.40441335476969
N0,21,1.0192996478544074,3.2373021717745054,0,0,19.600170830469924
N0,22,1.0599925261217737,3.036811424438191,0,0,19.90620627694833
N0,23,1.0685579351935288,3.3482421349916187,1,0,19.14853157825029
N0,24,1.076414040191279,3.29276562142329,1,0,18.19913928017197
N0,25,1.0592242532367084,3.622382335013196,1,0,19.252134490518102
N0,26,1.0238518926376259,3.4769995705264716,1,0,19.4174567123441
N0,27,0.989326612093208,2.8364942295335314,0,0,18.769307512593677
N0,28,1.0279792969621082,3.183707124653408,0,0,19.326923814329767
N0,29,1.0245210737953105,3.6004067708264684,2,0,19.278776118401964
N0,30,1.0440841073993787,3.1130031759533283,0,0,19.11621159860896
N0,31,1.0408840872908458,3.4577828345165744,1,0,19.58923470669539
N0,32,1.0016653434303138,2.8729841806503056,0,0,19.65022912000586
N0,33,1.0588546662853613,3.9712691494205794,1,0,19.226533608451465
N0,34,1.014980164063112,3.108117535975836,0,0,18.975556290398348
N0,35,1.0046369535508062,3.0698634413269783,0,0,19.66802197879076
N0,36,1.0275628125951963,3.139350038982241,0,0,19.51588081461654
N0,37,1.1068399092541914,4.515926898971349,2,0,20.043034406516764
N0,38,0.9523170555135675,3.0037787003801855,0,0,18.94391189082944
N0,39,1.0458095881581844,4.258448727564748,3,0,19.67653019113073
N0,40,1.0716941568126952,4.583578864843315,2,0,19.13112668520361
N0,41,1.0946853742556117,3.5677196585822895,2,0,19.156371173166374
N0,42,1.085575746834453,2.995388875782753,0,0,19.181149501071417
N0,43,1.0396334568952332,3.8657763073440963,2,0,19.339530159943315
N0,44,1.0338614113829852,3.784750161609297,2,0,19.52615580985989
N0,45,1.015011901028968,3.9999381886843905,1,0,19.47472913386309
N0,46,1.0605768835529714,4.549199052958861,2,0,19.65859592497969
N0,47,1.0180065926934323,2.936074147923998,0,0,19.58305169592097
N0,48,1.0275968468699135,3.206550335256955,0,0,19.733877678450877
N0,49,1.0532468295663218,4.2070490749024065,3,0,19.35679649466972
N0,50,1.0038576986704633,3.2713043937404236,0,0,19.636080225604854
N0,51,1.0827450196459747,3.042608071021211,0,0,19.28138663032818
N0,52,1.0553103953397303,2.954878205289097,0,0,19.123911890455695
N0,53,0.9745431000227298,3.3989027094368303,1,0,19.531978636991752
N0,54,1.0631316327355465,3.443414159191515,1,0,19.90220704979074
N0,55,0.9213081754317215,2.4602834985821116,0,0,19.875361301123306
N0,56,1.0032553985043389,2.710491619788386,0,0,19.54246954036396
N0,57,1.0224371756828847,3.286524061964069,0,0,19.585543200709814
N0,58,1.0314593439355484,3.507184440327098,1,0,19.400559841150148
N0,59,1.077468830751272,4.026708759079007,2,0,20.107590234900865
N0,60,1.0166843720534493,3.215628658395863,0,0,19.129351597981906
N0,61,0.9841608004190003,3.0344388805190916,0,0,19.853692260538484
N0,62,0.9907313496928998,2.7961769852103835,0,0,19.613277684034728
N0,63,1.0758145055058113,3.962627789024768,1,0,19.54543564062384
N0,64,1.0078132159425575,3.4558474084543267,1,0,19.368542177397757
N0,65,1.108145745348194,3.2377330993386324,0,0,19.597481106169187
N0,66,0.9526406117318129,3.158602975488846,0,0,19.676314924872443
N0,67,1.07760328114535,3.5795971434415987,3,0,19.03167683352829
N0,68,1.0653167840605438,3.4679321552961144,1,0,18.579859976016817
N0,69,1.000969197761931,2.760504139761079,0,0,19.81152504056005
N0,70,1.048219219119903,3.4150929310067184,1,0,19.855558488098307
N0,71,1.016369709822517,3.409859033537183,2,0,19.2740856747061
N0,72,1.0482093612395447,3.3989027094368303,1,0,19.865836354431327
N0,73,1.0381586709776869,3.8129363777768717,2,0,19.333529646476464
N0,74,1.0226717371481668,3.2713043937404236,0,0,18.88398549606572
N0,75,0.9684028320588026,3.178834609850356,0,0,19.110653411971228
N0,76,0.9437827993824998,3.040002829715036,0,0,18.460219999140197
N0,77,0.9918066403812205,3.2101727460112732,0,0,20.14704696059685
N0,78,1.0428700254953955,3.4243420545322656,1,0,19.30193058009879
N0,79,0.9891406762612011,2.8559475895018522,0,0,19.217868146739075
N0,80,1.075614137023458,3.2078035270002405,0,0,19.04297995665099
N0,81,0.9426965988040533,4.031829233145028,1,0,18.93362937856075
N0,82,1.140963600861757,3.724378194437128,1,0,19.37287364370633
N0,83,1.050142566590786,3.3422396167838495,1,0,19.712762660878944
N0,84,0.9731759273447067,3.101019862743776,0,0,19.848055314114863
N0,85,1.1588354408825918,4.20081884440192,2,0,19.427166651651422
N0,86,1.0320976594158051,3.6172274453289703,2,0,19.03983759486077
N0,87,1.0283884024780297,4.3787610451458,1,0,19.755739369913936
N0,88,0.9620748459485396,3.1355189463358206,0,0,19.410703307375996
N0,89,1.0100647278490238,2.999088992840949,0,0,18.844550572209183
N0,90,1.0387717095120599,4.437352835449968,1,0,19.59189843743704
N0,91,1.0414054939988302,3.057159762603007,0,0,19.192418276225798
N0,92,0.9750875904705368,4.342360973542141,1,0,19.594514269414848
N0,93,1.037557065565327,3.3794023871175756,1,0,19.585994740728843
N0,94,1.0166744298192059,3.5844999124819115,2,0,20.00268893428104
N0,95,1.0048369048221095,3.3669364739790257,1,0,18.269882714498436
N0,96,1.0268742989798665,3.2702364933705326,0,0,19.53379646661837
N0,97,0.9553916750663707,4.302147649179376,1,0,19.272610612862547
N0,98,1.0707513687005852,3.7940515354718487,2,0,19.799372777613367
N0,99,1.0469974949265197,3.5834847491550037,1,0,19.805101273940007
N0,100,1.05636905543027,3.0472235415780466,0,0,18.797454572467544
N1,1,0.9823474307173191,3.4568419393840433,1,0,19.769362951085945
N1,2,1.1214741674550692,3.231732013637014,0,0,19.126041300777725
N1,3,1.013251039405996,3.6510751374465835,1,0,19.616127383461272
N1,4,1.106845759082816,3.4769995705264716,2,0,19.292179494340992
N1,5,1.0471883763087244,3.701416501386553,1,0,19.613181607939836
N1,6,1.1578045651637066,3.6880379617912302,1,0,19.698999884593352
N1,7,1.0087181190982084,3.848322899204295,1,0,19.54177439145394
N1,8,1.1216357511265573,3.6510751374465835,2,0,19.194205802582445
N1,9,1.003211776758625,4.049708188077704,1,0,19.54611443656248
N1,10,1.039367672899229,3.108426229471199,0,0,18.827824902198127
N1,11,1.0784326225527125,3.0698634413269783,0,0,18.62282508522008
N1,12,1.1733230840721318,3.8129363777768717,2,0,18.996720493290955
N1,13,1.0645992881116124,3.754066747388106,3,0,19.32825644159969
N1,14,1.1163471557270837,5.150649478531438,3,0,19.474037610091813
N1,15,1.0496311772647964,3.620000531860355,2,0,18.83319397068396
N1,16,1.024460671570573,3.620000531860355,1,0,19.34695230941164
N1,17,1.1020020207079089,3.4494197826329875,4,0,19.49607514354972
N1,18,1.0513865187343487,4.71579932265308,1,0,19.290643578689505
N1,19,1.1166194072966729,4.141490668184691,3,0,19.330997750375836
N1,20,1.0202682876118017,3.3794023871175756,1,0,19.587228762271558
N1,21,1.1087565696921509,3.3422396167838495,1,0,19.16617660379045
N1,22,0.9665100757327176,3.304306169335454,1,0,19.571805587743786
N1,23,1.0891109465561608,3.168136758723735,0,0,19.10100210270966
N1,24,0.9984473283072609,3.17373291228226,0,0,19.958155509412315
N1,25,1.0071560990686848,3.168987032663639,0,0,19.71360402179156
N1,26,1.087792824054047,3.4382514461866562,1,0,19.65429845244441
N1,27,1.0482540632425663,3.147519574137059,0,0,19.549350540200216
N1,28,0.9903356847497424,2.9712277716017015,0,0,18.9536498042022
N1,29,1.0711303028901504,3.637430934705574,1,0,18.612326360902617
N1,30,1.1039391864284545,2.7481363314250626,0,0,19.542850682844563
N1,31,1.114518682629186,3.646304229733059,1,0,18.440661915332505
N1,32,1.086149434837359,3.8129363777768717,2,0,19.431183030013017
N1,33,1.0280106748673987,4.7030307683591985,1,0,18.46368523686619
N1,34,1.052010853226663,3.370022645558772,1,0,19.08843040991963
N1,35,0.9406655755456902,2.735596426354982,0,0,19.63000415969813
N1,36,1.032380712446993,2.6318724417380936,0,0,19.17308816044599
N1,37,1.074595427090259,3.0712360267926138,0,0,19.18185409217004
N1,38,1.097691836004686,3.620000531860355,2,0,19.68757944423346
N1,39,1.0663787205452024,4.118790409277163,1,0,19.40881533775264
N1,40,0.9815459721919568,3.346683210479587,1,0,19.66946988893917
N1,41,1.0298525596067292,4.000176922836034,3,0,19.04343896031784
N1,42,1.023108266314814,3.0174393934501533,0,0,19.03765931521447
N1,43,0.9644114475679647,2.7991580712207695,0,0,19.31958732660777
N1,44,1.037095872350326,3.06837194734439,0,0,19.27518620921573
N1,45,1.0592069687341472,3.3121408793961797,1,0,18.94669106668253
N1,46,1.0139532205353319,4.049708188077704,1,0,19.234236537050016
N1,47,1.0992668769175435,3.17373291228226,0,0,19.2786640458546
N1,48,1.0207720777385931,3.0685078191171034,0,0,19.740343923373658
N1,49,1.0515842925410739,3.2726037208702192,0,0,19.739227944382648
N1,50,1.0530456531926167,4.181546009988672,1,0,18.57707377958916
N1,51,1.143962764474135,4.399770577209142,1,0,19.62537517144135
N1,52,1.0395265966183578,3.4396014826697527,1,0,19.70978141323537
N1,53,1.0880539894814985,3.9905901281982508,1,0,19.590352429857838
N1,54,1.1039505116255428,3.4192384273977257,1,0,19.166756549215343
N1,55,1.0537463142011707,3.082353331415916,0,0,19.009468114137476
N1,56,1.1535193857228645,3.888743027359559,3,0,19.74212537881246
N1,57,1.0448783467206098,3.190292875643006,0,0,19.13012194111853
N1,58,0.983833485588529,3.1355189463358206,0,0,19.528193550229474
N1,59,1.0699920895567252,3.3674432750913894,1,0,19.1500062272376
N1,60,1.014101464302994,3.7940251707447854,1,0,19.68929614179855
N1,61,1.046582707684662,2.863113908034287,0,0,18.817968465361403
N1,62,1.0620655469376534,4.073515366181583,1,0,18.840194015910125
N1,63,1.028051587409178,3.4250499133377508,1,0,19.08799759690839
N1,64,1.0700423832444579,3.183707124653408,0,0,19.120690918462884
N1,65,1.023926331169825,2.851838849269108,0,0,19.129029829364704
N1,66,1.1514315561339097,3.542950601121675,4,0,18.66551313676779
N1,67,1.082821041454159,4.123754994928276,3,0,18.49178268437401
N1,68,1.0397418687214126,4.366971449680533,1,0,19.012468379083657
N1,69,1.041250355619719,3.3798402019032445,3,0,19.368803098810663
N1,70,1.0858191403471216,3.2081138961089137,0,0,19.50225995970685
N1,71,1.124578487245455,3.455025602219151,1,0,19.91433439634169
N1,72,1.1088520127456953,4.71579932265308,2,0,19.046084277840144
N1,73,1.075337036857415,3.0556131562924476,0,0,19.267634416612
N1,74,1.0468351231995947,3.724378194437128,1,0,19.52446559548148
N1,75,1.038498160930904,3.6686951103192404,1,0,19.27395041503757
N1,76,1.0131961042387276,3.1737422725843443,0,0,19.632698796305665
N1,77,1.078578054633622,5.131874280893525,2,0,19.49696816922772
N1,78,1.1083985770008595,5.263755963176749,2,0,19.01735353147096
N1,79,1.0637306695847353,2.693993361164156,0,0,18.87776977941495
N1,80,1.1006936076368166,3.657448975588569,3,0,19.119822259078347
N1,81,1.1453465513810916,3.9181568655016,2,0,19.47111936313808
N1,82,1.0663013679729878,3.3819451798537075,1,0,19.022759888844217
N1,83,1.0558348029417808,3.0427099862610016,0,0,19.35708241859989
N1,84,1.0647215821195668,4.060480449626092,2,0,19.32261989394673
N1,85,1.0119490477306654,2.8365039215539185,0,0,19.856246621405116
N1,86,1.1446180171747218,4.969171510948957,2,0,19.40175578252859
N1,87,1.08768695936489,3.4396014826697527,1,0,19.291502136017748
N1,88,1.0969081679953498,3.0202448441360406,0,0,19.359990395944795
N1,89,1.1187043439830835,3.763236417266138,2,0,19.00783826800623
N1,90,1.0882804702165643,4.0991423314591815,1,0,19.145762023869864
N1,91,0.9899682326256746,3.5106292739780502,1,0,19.11903399464469
N1,92,1.0777292643447145,3.3311670729170904,1,0,18.695706077511574
N1,93,1.084467531300375,4.1929440734834875,6,0,19.18605576124381
N1,94,1.1264352330656215,3.4250499133377508,2,0,18.425914261827373
N1,95,1.0542732693311412,3.763236417266138,2,0,19.81473817498662
N1,96,1.1052926999341568,3.9645815565864506,3,0,19.5943173323158
N1,97,1.05986076887726,3.902322507670652,3,0,19.32995151536027
N1,98,1.0404093225636384,4.714987542543748,3,0,19.321649252232973
N1,99,1.0751582814807055,3.657877349334981,2,0,18.70814611232446
N1,100,1.0499282661040805,3.7152276289160797,1,0,18.85674921686856
