transfer,noise,input_gain,graph,accuracy,active_fraction,silent_trial_fraction
absolute,0.02,1.0,0,0.9652777777777778,0.01026045533283835,0.0708333333333333
absolute,0.02,1.0,1,0.913888888888889,0.00908871566443945,0.12870370370370365
absolute,0.02,1.0,2,0.8965277777777778,0.00852573620390985,0.12222222222222218
absolute,0.02,1.0,3,0.9166666666666667,0.007970386867936951,0.11064814814814813
absolute,0.02,1.0,4,0.9347222222222223,0.008658335395529125,0.09305555555555553
absolute,0.02,1.0,5,0.9201388888888888,0.008627814897302601,0.12268518518518512
absolute,0.02,1.0,6,0.9902777777777778,0.008128969726965226,0.05648148148148145
absolute,0.02,1.0,7,0.8840277777777777,0.008520580714344575,0.16620370370370366
absolute,0.02,1.0,8,0.9388888888888888,0.00822403695454915,0.10185185185185183
absolute,0.02,1.0,9,0.9819444444444444,0.008635032582694,0.05740740740740737
absolute,0.02,1.0,10,0.8902777777777777,0.00889425059803675,0.13240740740740736
absolute,0.02,2.0,0,1.0,0.05298172894498055,0.0
absolute,0.02,2.0,1,1.0,0.05305782397096423,0.0
absolute,0.02,2.0,2,1.0,0.053032046523137776,0.0
absolute,0.02,2.0,3,1.0,0.05286439000247457,0.0
absolute,0.02,2.0,4,1.0,0.05254289367318315,0.0
absolute,0.02,2.0,5,1.0,0.05233378701641503,0.0
absolute,0.02,2.0,6,1.0,0.05150808380763833,0.0
absolute,0.02,2.0,7,1.0,0.05305761775138165,0.0
absolute,0.02,2.0,8,1.0,0.05304112018477272,0.0
absolute,0.02,2.0,9,1.0,0.05118514394126862,0.0
absolute,0.02,2.0,10,1.0,0.053159284005609125,0.0
absolute,0.02,4.0,0,1.0,0.12351460034644884,0.0
absolute,0.02,4.0,1,1.0,0.12331003052049817,0.0
absolute,0.02,4.0,2,1.0,0.12317846242679202,0.0
absolute,0.02,4.0,3,1.0,0.12393033902499377,0.0
absolute,0.02,4.0,4,1.0,0.12113338282603313,0.0
absolute,0.02,4.0,5,1.0,0.12148643075146412,0.0
absolute,0.02,4.0,6,1.0,0.12441474882454832,0.0
absolute,0.02,4.0,7,1.0,0.12267941103687202,0.0
absolute,0.02,4.0,8,1.0,0.1252684978965602,0.0
absolute,0.02,4.0,9,1.0,0.1227412769116555,0.0
absolute,0.02,4.0,10,1.0,0.12273653386125542,0.0
absolute,0.1,1.0,0,0.7798611111111111,0.0118339107481646,0.0893518518518518
absolute,0.1,1.0,1,0.7791666666666667,0.0106749566938876,0.07916666666666661
absolute,0.1,1.0,2,0.7534722222222222,0.01027777777777775,0.0967592592592592
absolute,0.1,1.0,3,0.7763888888888889,0.009857089829250125,0.08333333333333327
absolute,0.1,1.0,4,0.7916666666666666,0.010425018559762375,0.06481481481481477
absolute,0.1,1.0,5,0.78125,0.010374082322857324,0.08101851851851845
absolute,0.1,1.0,6,0.775,0.009900602161181174,0.05648148148148145
absolute,0.1,1.0,7,0.7861111111111111,0.0103287140146828,0.08518518518518513
absolute,0.1,1.0,8,0.7972222222222223,0.0099488575435123,0.06435185185185183
absolute,0.1,1.0,9,0.8034722222222223,0.010244782644559875,0.05555555555555555
absolute,0.1,1.0,10,0.7229166666666667,0.010564010558442576,0.074537037037037
absolute,0.1,2.0,0,0.9305555555555556,0.058201971459209724,0.0
absolute,0.1,2.0,1,0.9291666666666666,0.057796337540212774,0.0
absolute,0.1,2.0,2,0.9236111111111112,0.05811102862327803,0.0
absolute,0.1,2.0,3,0.9291666666666667,0.058358698341994523,0.0
absolute,0.1,2.0,4,0.9319444444444445,0.058120102284912926,0.0
absolute,0.1,2.0,5,0.9291666666666666,0.057821702548874025,0.00046296296296295
absolute,0.1,2.0,6,0.9347222222222222,0.05724036954549197,0.0
absolute,0.1,2.0,7,0.9381944444444443,0.057897385135692425,0.0
absolute,0.1,2.0,8,0.9340277777777778,0.058337045285820274,0.0
absolute,0.1,2.0,9,0.9256944444444445,0.05660913140311798,0.0
absolute,0.1,2.0,10,0.9222222222222223,0.058507588880640046,0.0
absolute,0.1,4.0,0,0.9555555555555556,0.13379464653963535,0.0
absolute,0.1,4.0,1,0.9548611111111112,0.13322321207621873,0.0
absolute,0.1,4.0,2,0.9611111111111111,0.13316608925183532,0.0
absolute,0.1,4.0,3,0.9597222222222223,0.13437597954301733,0.0
absolute,0.1,4.0,4,0.9604166666666667,0.13172853254145012,0.0
absolute,0.1,4.0,5,0.9590277777777778,0.13221026148643072,0.0
absolute,0.1,4.0,6,0.9597222222222223,0.1346339602408644,0.0
absolute,0.1,4.0,7,0.9597222222222223,0.1327161181225769,0.0
absolute,0.1,4.0,8,0.9597222222222221,0.13562608265280868,0.0
absolute,0.1,4.0,9,0.9569444444444444,0.13294502185927573,0.0
absolute,0.1,4.0,10,0.9576388888888888,0.1336078115977893,0.0
positive_delta,0.02,1.0,0,0.8201388888888889,0.0065949022519178,0.20787037037037032
positive_delta,0.02,1.0,1,0.8173611111111111,0.0057941516126371,0.19907407407407404
positive_delta,0.02,1.0,2,0.7659722222222223,0.005411201847727425,0.2671296296296296
positive_delta,0.02,1.0,3,0.8039930555555556,0.0048331683576672245,0.2217592592592592
positive_delta,0.02,1.0,4,0.7805555555555556,0.0056040171574692245,0.24212962962962958
positive_delta,0.02,1.0,5,0.8743055555555556,0.005400890868596825,0.16620370370370366
positive_delta,0.02,1.0,6,0.8986111111111111,0.005103109791305725,0.11666666666666663
positive_delta,0.02,1.0,7,0.8430555555555556,0.005109296378784075,0.1833333333333333
positive_delta,0.02,1.0,8,0.8375,0.004949476202260125,0.18981481481481477
positive_delta,0.02,1.0,9,0.8590277777777777,0.005159613956941325,0.15416666666666662
positive_delta,0.02,1.0,10,0.75,0.005362327806648475,0.27175925925925926
positive_delta,0.02,2.0,0,0.9993055555555556,0.040732285737853625,0.00648148148148145
positive_delta,0.02,2.0,1,0.9986111111111111,0.039499298853419074,0.0013888888888888501
positive_delta,0.02,2.0,2,0.9993055555555556,0.039872143858780795,0.0055555555555555
positive_delta,0.02,2.0,3,1.0,0.039365874783469375,0.00046296296296295
positive_delta,0.02,2.0,4,0.9993055555555556,0.04005279221314852,0.0
positive_delta,0.02,2.0,5,0.9993055555555556,0.0395248700816629,0.0009259259259259
positive_delta,0.02,2.0,6,1.0,0.03880310154252242,0.0
positive_delta,0.02,2.0,7,0.9993055555555556,0.03942341004701803,0.0013888888888888501
positive_delta,0.02,2.0,8,0.9986111111111111,0.0395106409304627,0.00046296296296295
positive_delta,0.02,2.0,9,1.0,0.0378823311061618,0.0
positive_delta,0.02,2.0,10,0.9993055555555556,0.039670254887404076,0.0
positive_delta,0.02,4.0,0,1.0,0.09995896230306026,0.0
positive_delta,0.02,4.0,1,1.0,0.09988080508125045,0.0
positive_delta,0.02,4.0,2,1.0,0.0999115317990596,0.0
positive_delta,0.02,4.0,3,1.0,0.0998488410459457,0.0
positive_delta,0.02,4.0,4,1.0,0.09817103852181798,0.0
positive_delta,0.02,4.0,5,1.0,0.09816835766724405,0.0
positive_delta,0.02,4.0,6,1.0,0.09916584178833615,0.0
positive_delta,0.02,4.0,7,1.0,0.09858182793038023,0.0
positive_delta,0.02,4.0,8,1.0,0.1015899529819351,0.0
positive_delta,0.02,4.0,9,1.0,0.09868885589375562,0.0
positive_delta,0.02,4.0,10,1.0,0.09958467376062027,0.0
positive_delta,0.1,1.0,0,0.7041666666666666,0.00816732656933095,0.16527777777777775
positive_delta,0.1,1.0,1,0.6944444444444444,0.0071209684071599,0.17777777777777773
positive_delta,0.1,1.0,2,0.6555555555555556,0.00674606120597205,0.2046296296296296
positive_delta,0.1,1.0,3,0.6875,0.00640662377299345,0.1699074074074074
positive_delta,0.1,1.0,4,0.6875,0.00694877505567925,0.1810185185185185
positive_delta,0.1,1.0,5,0.7069444444444444,0.006841334653138625,0.14444444444444443
positive_delta,0.1,1.0,6,0.6916666666666667,0.00649406087602075,0.12777777777777774
positive_delta,0.1,1.0,7,0.6888888888888889,0.006681926915779875,0.17499999999999993
positive_delta,0.1,1.0,8,0.7263888888888889,0.00648003794440315,0.1305555555555555
positive_delta,0.1,1.0,9,0.7131944444444445,0.006730800956858825,0.1296296296296296
positive_delta,0.1,1.0,10,0.6159722222222223,0.006897220160026351,0.17546296296296293
positive_delta,0.1,2.0,0,0.9048611111111111,0.04594902251917837,0.0037037037037036752
positive_delta,0.1,2.0,1,0.9048611111111111,0.04512723748247133,0.0037037037037036752
positive_delta,0.1,2.0,2,0.8958333333333334,0.04525901179576007,0.003240740740740725
positive_delta,0.1,2.0,3,0.9034722222222222,0.04512785614121913,0.005092592592592575
positive_delta,0.1,2.0,4,0.9069444444444444,0.04510001649756658,0.00277777777777775
positive_delta,0.1,2.0,5,0.9090277777777778,0.04508021941763585,0.00416666666666665
positive_delta,0.1,2.0,6,0.9083333333333333,0.04425822816134615,0.00416666666666665
positive_delta,0.1,2.0,7,0.9145833333333333,0.0450239214715829,0.004629629629629625
positive_delta,0.1,2.0,8,0.9152777777777777,0.04511321455085372,0.0032407407407407003
positive_delta,0.1,2.0,9,0.9048611111111111,0.043693186504990475,0.0037037037037037
positive_delta,0.1,2.0,10,0.8986111111111111,0.045367895735379,0.00185185185185185
positive_delta,0.1,4.0,0,0.9444444444444444,0.11061432813659977,0.0
positive_delta,0.1,4.0,1,0.9479166666666667,0.11044275344386698,0.0
positive_delta,0.1,4.0,2,0.9493055555555555,0.11051864225026806,0.0
positive_delta,0.1,4.0,3,0.9479166666666666,0.1111222469685721,0.0
positive_delta,0.1,4.0,4,0.9534722222222223,0.10908500371195246,0.0
positive_delta,0.1,4.0,5,0.9500000000000001,0.10940814979790478,0.0
positive_delta,0.1,4.0,6,0.9486111111111111,0.11121710797657341,0.0
positive_delta,0.1,4.0,7,0.9486111111111111,0.10974160686298767,0.0
positive_delta,0.1,4.0,8,0.9493055555555555,0.1123593582446589,0.0
positive_delta,0.1,4.0,9,0.9451388888888889,0.10997401633259091,0.0
positive_delta,0.1,4.0,10,0.9472222222222223,0.11082013528004615,0.0
