transfer,noise_repeat,noise,input_gain,representation,accuracy,active_fraction,silent_trial_fraction,tied_test_fraction,mean_activity
absolute,0,0.02,1.0,channels,1.0,0.985,0.0,0.0,0.1719248126979212
absolute,0,0.02,1.0,mapped_PNs,1.0,0.9862139917695473,0.0,0.0,0.1813802650384926
absolute,0,0.02,2.0,channels,1.0,0.985,0.0,0.0,0.3438496253958424
absolute,0,0.02,2.0,mapped_PNs,1.0,0.9862139917695473,0.0,0.0,0.3627605300769852
absolute,0,0.02,4.0,channels,1.0,0.985,0.0,0.0,0.6876992507916848
absolute,0,0.02,4.0,mapped_PNs,1.0,0.9862139917695473,0.0,0.0,0.7255210601539704
absolute,0,0.1,1.0,channels,0.9611111111111111,0.8385185185185186,0.0,0.0,0.18112226471408538
absolute,0,0.1,1.0,mapped_PNs,0.9444444444444444,0.8536625514403292,0.0,0.0,0.18960521417262355
absolute,0,0.1,2.0,channels,0.9611111111111111,0.8385185185185186,0.0,0.0,0.36224452942817076
absolute,0,0.1,2.0,mapped_PNs,0.9444444444444444,0.8536625514403292,0.0,0.0,0.3792104283452471
absolute,0,0.1,4.0,channels,0.9611111111111111,0.8385185185185186,0.0,0.0,0.7244890588563415
absolute,0,0.1,4.0,mapped_PNs,0.9444444444444444,0.8536625514403292,0.0,0.0,0.7584208566904942
absolute,1,0.02,1.0,channels,1.0,0.9839814814814815,0.0,0.0,0.1721918983994624
absolute,1,0.02,1.0,mapped_PNs,1.0,0.985761316872428,0.0,0.0,0.18173057102808712
absolute,1,0.02,2.0,channels,1.0,0.9839814814814815,0.0,0.0,0.3443837967989248
absolute,1,0.02,2.0,mapped_PNs,1.0,0.985761316872428,0.0,0.0,0.36346114205617425
absolute,1,0.02,4.0,channels,1.0,0.9839814814814815,0.0,0.0,0.6887675935978496
absolute,1,0.02,4.0,mapped_PNs,1.0,0.985761316872428,0.0,0.0,0.7269222841123485
absolute,1,0.1,1.0,channels,0.9777777777777777,0.8376851851851852,0.0,0.0,0.18383385149677084
absolute,1,0.1,1.0,mapped_PNs,0.9583333333333334,0.8547736625514404,0.0,0.0,0.1927059281929681
absolute,1,0.1,2.0,channels,0.9777777777777777,0.8376851851851852,0.0,0.0,0.3676677029935417
absolute,1,0.1,2.0,mapped_PNs,0.9583333333333334,0.8547736625514404,0.0,0.0,0.3854118563859362
absolute,1,0.1,4.0,channels,0.9777777777777777,0.8376851851851852,0.0,0.0,0.7353354059870834
absolute,1,0.1,4.0,mapped_PNs,0.9583333333333334,0.8547736625514404,0.0,0.0,0.7708237127718724
absolute,2,0.02,1.0,channels,1.0,0.9867592592592592,0.0,0.0,0.1721132542055494
absolute,2,0.02,1.0,mapped_PNs,1.0,0.9877777777777778,0.0,0.0,0.18174974512082626
absolute,2,0.02,2.0,channels,1.0,0.9867592592592592,0.0,0.0,0.3442265084110988
absolute,2,0.02,2.0,mapped_PNs,1.0,0.9877777777777778,0.0,0.0,0.3634994902416525
absolute,2,0.02,4.0,channels,1.0,0.9867592592592592,0.0,0.0,0.6884530168221976
absolute,2,0.02,4.0,mapped_PNs,1.0,0.9877777777777778,0.0,0.0,0.726998980483305
absolute,2,0.1,1.0,channels,0.9805555555555555,0.8462962962962963,0.0,0.0,0.18171588916967754
absolute,2,0.1,1.0,mapped_PNs,0.9694444444444444,0.8621399176954733,0.0,0.0,0.19035704511117513
absolute,2,0.1,2.0,channels,0.9805555555555555,0.8462962962962963,0.0,0.0,0.3634317783393551
absolute,2,0.1,2.0,mapped_PNs,0.9694444444444444,0.8621399176954733,0.0,0.0,0.38071409022235025
absolute,2,0.1,4.0,channels,0.9805555555555555,0.8462962962962963,0.0,0.0,0.7268635566787102
absolute,2,0.1,4.0,mapped_PNs,0.9694444444444444,0.8621399176954733,0.0,0.0,0.7614281804447005
absolute,3,0.02,1.0,channels,1.0,0.9844444444444445,0.0,0.0,0.17234343091935592
absolute,3,0.02,1.0,mapped_PNs,1.0,0.98559670781893,0.0,0.0,0.18198561795277743
absolute,3,0.02,2.0,channels,1.0,0.9844444444444445,0.0,0.0,0.34468686183871183
absolute,3,0.02,2.0,mapped_PNs,1.0,0.98559670781893,0.0,0.0,0.36397123590555486
absolute,3,0.02,4.0,channels,1.0,0.9844444444444445,0.0,0.0,0.6893737236774237
absolute,3,0.02,4.0,mapped_PNs,1.0,0.98559670781893,0.0,0.0,0.7279424718111097
absolute,3,0.1,1.0,channels,0.9694444444444444,0.840925925925926,0.0,0.0,0.18231074398907282
absolute,3,0.1,1.0,mapped_PNs,0.9416666666666667,0.8567078189300411,0.0,0.0,0.19116690419455667
absolute,3,0.1,2.0,channels,0.9694444444444444,0.840925925925926,0.0,0.0,0.36462148797814564
absolute,3,0.1,2.0,mapped_PNs,0.9416666666666667,0.8567078189300411,0.0,0.0,0.38233380838911335
absolute,3,0.1,4.0,channels,0.9694444444444444,0.840925925925926,0.0,0.0,0.7292429759562913
absolute,3,0.1,4.0,mapped_PNs,0.9416666666666667,0.8567078189300411,0.0,0.0,0.7646676167782267
positive_delta,0,0.02,1.0,channels,1.0,0.8650925925925926,0.0,0.0,0.12677945814426245
positive_delta,0,0.02,1.0,mapped_PNs,1.0,0.8614814814814815,0.0,0.0,0.13112878852644946
positive_delta,0,0.02,2.0,channels,1.0,0.8650925925925926,0.0,0.0,0.2535589162885249
positive_delta,0,0.02,2.0,mapped_PNs,1.0,0.8614814814814815,0.0,0.0,0.2622575770528989
positive_delta,0,0.02,4.0,channels,1.0,0.8650925925925926,0.0,0.0,0.5071178325770498
positive_delta,0,0.02,4.0,mapped_PNs,1.0,0.8614814814814815,0.0,0.0,0.5245151541057979
positive_delta,0,0.1,1.0,channels,0.9555555555555556,0.7313888888888889,0.0,0.0,0.14314764662797555
positive_delta,0,0.1,1.0,mapped_PNs,0.9472222222222222,0.7379423868312757,0.0,0.0,0.14700411635707777
positive_delta,0,0.1,2.0,channels,0.9555555555555556,0.7313888888888889,0.0,0.0,0.2862952932559511
positive_delta,0,0.1,2.0,mapped_PNs,0.9472222222222222,0.7379423868312757,0.0,0.0,0.29400823271415555
positive_delta,0,0.1,4.0,channels,0.9555555555555556,0.7313888888888889,0.0,0.0,0.5725905865119022
positive_delta,0,0.1,4.0,mapped_PNs,0.9472222222222222,0.7379423868312757,0.0,0.0,0.5880164654283111
positive_delta,1,0.02,1.0,channels,1.0,0.8724074074074074,0.0,0.0,0.12690295026305282
positive_delta,1,0.02,1.0,mapped_PNs,1.0,0.8697119341563786,0.0,0.0,0.13132427093016127
positive_delta,1,0.02,2.0,channels,1.0,0.8724074074074074,0.0,0.0,0.25380590052610563
positive_delta,1,0.02,2.0,mapped_PNs,1.0,0.8697119341563786,0.0,0.0,0.26264854186032255
positive_delta,1,0.02,4.0,channels,1.0,0.8724074074074074,0.0,0.0,0.5076118010522113
positive_delta,1,0.02,4.0,mapped_PNs,1.0,0.8697119341563786,0.0,0.0,0.5252970837206451
positive_delta,1,0.1,1.0,channels,0.9722222222222222,0.7343518518518518,0.0,0.0,0.1458735161359638
positive_delta,1,0.1,1.0,mapped_PNs,0.9694444444444444,0.7433744855967078,0.0,0.0,0.1501220998667177
positive_delta,1,0.1,2.0,channels,0.9722222222222222,0.7343518518518518,0.0,0.0,0.2917470322719276
positive_delta,1,0.1,2.0,mapped_PNs,0.9694444444444444,0.7433744855967078,0.0,0.0,0.3002441997334354
positive_delta,1,0.1,4.0,channels,0.9722222222222222,0.7343518518518518,0.0,0.0,0.5834940645438552
positive_delta,1,0.1,4.0,mapped_PNs,0.9694444444444444,0.7433744855967078,0.0,0.0,0.6004883994668708
positive_delta,2,0.02,1.0,channels,1.0,0.8667592592592592,0.0,0.0,0.12691623582474046
positive_delta,2,0.02,1.0,mapped_PNs,1.0,0.8625925925925926,0.0,0.0,0.13145841453904505
positive_delta,2,0.02,2.0,channels,1.0,0.8667592592592592,0.0,0.0,0.2538324716494809
positive_delta,2,0.02,2.0,mapped_PNs,1.0,0.8625925925925926,0.0,0.0,0.2629168290780901
positive_delta,2,0.02,4.0,channels,1.0,0.8667592592592592,0.0,0.0,0.5076649432989618
positive_delta,2,0.02,4.0,mapped_PNs,1.0,0.8625925925925926,0.0,0.0,0.5258336581561802
positive_delta,2,0.1,1.0,channels,0.9777777777777777,0.7356481481481482,0.0,0.0,0.14383230306134417
positive_delta,2,0.1,1.0,mapped_PNs,0.9583333333333334,0.7423868312757201,0.0,0.0,0.14804337166641865
positive_delta,2,0.1,2.0,channels,0.9777777777777777,0.7356481481481482,0.0,0.0,0.28766460612268835
positive_delta,2,0.1,2.0,mapped_PNs,0.9583333333333334,0.7423868312757201,0.0,0.0,0.2960867433328373
positive_delta,2,0.1,4.0,channels,0.9777777777777777,0.7356481481481482,0.0,0.0,0.5753292122453767
positive_delta,2,0.1,4.0,mapped_PNs,0.9583333333333334,0.7423868312757201,0.0,0.0,0.5921734866656746
positive_delta,3,0.02,1.0,channels,1.0,0.8687037037037038,0.0,0.0,0.12710041481086434
positive_delta,3,0.02,1.0,mapped_PNs,1.0,0.8659670781893004,0.0,0.0,0.1316125077472868
positive_delta,3,0.02,2.0,channels,1.0,0.8687037037037038,0.0,0.0,0.2542008296217287
positive_delta,3,0.02,2.0,mapped_PNs,1.0,0.8659670781893004,0.0,0.0,0.2632250154945736
positive_delta,3,0.02,4.0,channels,1.0,0.8687037037037038,0.0,0.0,0.5084016592434574
positive_delta,3,0.02,4.0,mapped_PNs,1.0,0.8659670781893004,0.0,0.0,0.5264500309891472
positive_delta,3,0.1,1.0,channels,0.9694444444444444,0.7322222222222222,0.0,0.0,0.14461545706317638
positive_delta,3,0.1,1.0,mapped_PNs,0.9388888888888889,0.7381893004115226,0.0,0.0,0.14899574855331385
positive_delta,3,0.1,2.0,channels,0.9694444444444444,0.7322222222222222,0.0,0.0,0.28923091412635277
positive_delta,3,0.1,2.0,mapped_PNs,0.9388888888888889,0.7381893004115226,0.0,0.0,0.2979914971066277
positive_delta,3,0.1,4.0,channels,0.9694444444444444,0.7322222222222222,0.0,0.0,0.5784618282527055
positive_delta,3,0.1,4.0,mapped_PNs,0.9388888888888889,0.7381893004115226,0.0,0.0,0.5959829942132554
