transfer,noise_repeat,noise,input_gain,graph,input_seed,accuracy,active_fraction,silent_trial_fraction,tied_test_fraction,mean_activity
absolute,0,0.02,1.0,0,210000,0.9666666666666667,0.01027550936236905,0.06666666666666667,0.0,0.001442842348609387
absolute,0,0.02,1.0,1,210000,0.9111111111111111,0.00910500701146581,0.12407407407407407,0.0,0.001314336647180283
absolute,0,0.02,1.0,2,210000,0.8888888888888888,0.008524292666831643,0.12222222222222222,0.1638888888888889,0.0012087645627680207
absolute,0,0.02,1.0,3,210000,0.9138888888888889,0.00796914955044131,0.11296296296296296,0.0,0.0011181634407366233
absolute,0,0.02,1.0,4,210000,0.925,0.008693392724573125,0.08333333333333333,0.0,0.0013027691253345963
absolute,0,0.02,1.0,5,210000,0.925,0.008638125876433226,0.12037037037037036,0.12777777777777777,0.0012100714293580984
absolute,0,0.02,1.0,6,210000,0.9888888888888889,0.008117627649921636,0.05740740740740741,0.0,0.0011483891277568501
absolute,0,0.02,1.0,7,210000,0.8861111111111111,0.008526767301822981,0.16666666666666666,0.16666666666666666,0.0011748123871412341
absolute,0,0.02,1.0,8,210000,0.9388888888888889,0.008267755506062856,0.09814814814814815,0.0,0.001184706367665854
absolute,0,0.02,1.0,9,210000,0.9805555555555555,0.008658747834694383,0.05925925925925926,0.0,0.0012108020427422845
absolute,0,0.02,1.0,10,210000,0.8861111111111111,0.008926833292089417,0.12777777777777777,0.0,0.0012145362100649852
absolute,0,0.02,2.0,0,210000,1.0,0.05299018394786769,0.0,0.0,0.0155942419355646
absolute,0,0.02,2.0,1,210000,1.0,0.05301658005444197,0.0,0.0,0.014759088462631893
absolute,0,0.02,2.0,2,210000,1.0,0.05304462591767714,0.0,0.0,0.014453658233149274
absolute,0,0.02,2.0,3,210000,1.0,0.052925018559762435,0.0,0.0,0.014186887640657035
absolute,0,0.02,2.0,4,210000,1.0,0.05254227501443537,0.0,0.0,0.014590033882470954
absolute,0,0.02,2.0,5,210000,1.0,0.052293986636971046,0.0,0.0,0.01438180429495063
absolute,0,0.02,2.0,6,210000,1.0,0.051537573207951826,0.0,0.0,0.014025738503188643
absolute,0,0.02,2.0,7,210000,1.0,0.05307432153757321,0.0,0.0,0.0144300897524922
absolute,0,0.02,2.0,8,210000,1.0,0.05301245566278974,0.0,0.0,0.01408152481247694
absolute,0,0.02,2.0,9,210000,1.0,0.05118947455250351,0.0,0.0,0.01415244817934807
absolute,0,0.02,2.0,10,210000,1.0,0.053174131815557205,0.0,0.0,0.014658688329124613
absolute,0,0.02,4.0,0,210000,1.0,0.1235073826610575,0.0,0.0,0.058073228324857985
absolute,0,0.02,4.0,1,210000,1.0,0.12319640353047925,0.0,0.0,0.05709370502826195
absolute,0,0.02,4.0,2,210000,1.0,0.12307102202425142,0.0,0.0,0.05714706267492265
absolute,0,0.02,4.0,3,210000,1.0,0.1237804173884352,0.0,0.0,0.056923668304623226
absolute,0,0.02,4.0,4,210000,1.0,0.121158954054277,0.0,0.0,0.056874641738027185
absolute,0,0.02,4.0,5,210000,1.0,0.12144188732162006,0.0,0.0,0.056490550401365726
absolute,0,0.02,4.0,6,210000,1.0,0.12431658830322527,0.0,0.0,0.05622739696141903
absolute,0,0.02,4.0,7,210000,1.0,0.12257527014765322,0.0,0.0,0.05693725472273812
absolute,0,0.02,4.0,8,210000,1.0,0.12524540130330777,0.0,0.0,0.05728861333688664
absolute,0,0.02,4.0,9,210000,1.0,0.12278396436525613,0.0,0.0,0.05627099919593016
absolute,0,0.02,4.0,10,210000,1.0,0.12259506722758393,0.0,0.0,0.05748084071286828
absolute,0,0.1,1.0,0,210001,0.7888888888888889,0.011635733729274933,0.07962962962962963,0.0,0.0017512599641878273
absolute,0,0.1,1.0,1,210001,0.8,0.010552668481398993,0.08148148148148149,0.0,0.0015938526964038233
absolute,0,0.1,1.0,2,210001,0.7777777777777778,0.010139404437845417,0.09259259259259259,0.0,0.0014973229957137128
absolute,0,0.1,1.0,3,210001,0.7861111111111111,0.009673348181143281,0.07037037037037037,0.0,0.0014184561491180476
absolute,0,0.1,1.0,4,210001,0.7833333333333333,0.010186422502680854,0.05925925925925926,0.0,0.001572268249526582
absolute,0,0.1,1.0,5,210001,0.7888888888888889,0.01013445516786274,0.07962962962962963,0.0,0.0014877434701361931
absolute,0,0.1,1.0,6,210001,0.7694444444444445,0.009747587230883445,0.05185185185185185,0.0,0.0014294369682258982
absolute,0,0.1,1.0,7,210001,0.7722222222222223,0.0101765239627155,0.08333333333333333,0.0,0.0014710609780009124
absolute,0,0.1,1.0,8,210001,0.8222222222222222,0.009834199455580303,0.05740740740740741,0.0,0.0014725571087728566
absolute,0,0.1,1.0,9,210001,0.8111111111111111,0.010074239049740164,0.05,0.0,0.0015001197766216824
absolute,0,0.1,1.0,10,210001,0.7333333333333333,0.010367895735379032,0.06851851851851852,0.0,0.0015110045658239754
absolute,0,0.1,2.0,0,210001,0.9388888888888889,0.058009568588633174,0.0,0.0,0.017365423805115427
absolute,0,0.1,2.0,1,210001,0.9333333333333333,0.057531139156974345,0.0,0.0,0.01653560917122423
absolute,0,0.1,2.0,2,210001,0.925,0.057839643652561244,0.0,0.0,0.016318442489382787
absolute,0,0.1,2.0,3,210001,0.9222222222222223,0.057947702713849705,0.0,0.0,0.01604852570307588
absolute,0,0.1,2.0,4,210001,0.9416666666666667,0.058092881300008246,0.0,0.0,0.016459411531567835
absolute,0,0.1,2.0,5,210001,0.9305555555555556,0.05755258599356595,0.0,0.0,0.016191931633904928
absolute,0,0.1,2.0,6,210001,0.9305555555555556,0.056984244823888475,0.0,0.0,0.01587886366179581
absolute,0,0.1,2.0,7,210001,0.9388888888888889,0.05764579724490638,0.0,0.0,0.016311170081525005
absolute,0,0.1,2.0,8,210001,0.9305555555555556,0.05817206961973109,0.0,0.0,0.016060680978026147
absolute,0,0.1,2.0,9,210001,0.9361111111111111,0.05635981192774066,0.0,0.0,0.01604782953584703
absolute,0,0.1,2.0,10,210001,0.9305555555555556,0.05834034479914213,0.0,0.0,0.0165180467092438
absolute,0,0.1,4.0,0,210001,0.95,0.13349748412109214,0.0,0.0,0.0632929195939913
absolute,0,0.1,4.0,1,210001,0.95,0.13318073084220078,0.0,0.0,0.06224666930493498
absolute,0,0.1,4.0,2,210001,0.9583333333333334,0.13321042646209685,0.0,0.0,0.062312939044524486
absolute,0,0.1,4.0,3,210001,0.9611111111111111,0.1343421595314691,0.0,0.0,0.06226008476792955
absolute,0,0.1,4.0,4,210001,0.9583333333333334,0.1316918254557453,0.0,0.0,0.06214904540753445
absolute,0,0.1,4.0,5,210001,0.9583333333333334,0.13216365586076054,0.0,0.0,0.06176109601274366
absolute,0,0.1,4.0,6,210001,0.9555555555555556,0.13462509279881218,0.0,0.0,0.06167977360166485
absolute,0,0.1,4.0,7,210001,0.9583333333333334,0.1326445599274107,0.0,0.0,0.06214690949485837
absolute,0,0.1,4.0,8,210001,0.9638888888888889,0.13537160768786605,0.0,0.0,0.0627400499271428
absolute,0,0.1,4.0,9,210001,0.9527777777777777,0.13286315268497897,0.0,0.0,0.06163205537328612
absolute,0,0.1,4.0,10,210001,0.95,0.13352552998432732,0.0,0.0,0.06272564992582541
absolute,1,0.02,1.0,0,211000,0.9638888888888889,0.010267260579064588,0.07592592592592592,0.0,0.0014405544898101678
absolute,1,0.02,1.0,1,211000,0.8972222222222223,0.009084385053204653,0.13333333333333333,0.0,0.0013094263513600132
absolute,1,0.02,1.0,2,211000,0.9083333333333333,0.008525117545162088,0.12037037037037036,0.14166666666666666,0.0012035911863352016
absolute,1,0.02,1.0,3,211000,0.9083333333333333,0.007973273942093542,0.11481481481481481,0.14166666666666666,0.0011143848938991185
absolute,1,0.02,1.0,4,211000,0.9361111111111111,0.008618328796502516,0.09259259259259259,0.0,0.001298262260055263
absolute,1,0.02,1.0,5,211000,0.9055555555555556,0.008634826363111442,0.12037037037037036,0.14722222222222223,0.0012070349045240855
absolute,1,0.02,1.0,6,211000,0.9805555555555555,0.008124226676565207,0.05555555555555555,0.0,0.001146536633395508
absolute,1,0.02,1.0,7,211000,0.8833333333333333,0.008511094613544502,0.16666666666666666,0.16944444444444445,0.0011726798386502981
absolute,1,0.02,1.0,8,211000,0.9333333333333333,0.008213313536253403,0.10555555555555556,0.11666666666666667,0.0011832424997840064
absolute,1,0.02,1.0,9,211000,0.975,0.008646374659737688,0.05555555555555555,0.0,0.0012086564509347696
absolute,1,0.02,1.0,10,211000,0.9138888888888889,0.008916934752124062,0.12777777777777777,0.0,0.0012078894405537228
absolute,1,0.02,2.0,0,211000,1.0,0.05297038686793698,0.0,0.0,0.015562000274059754
absolute,1,0.02,2.0,1,211000,1.0,0.053061123484286064,0.0,0.0,0.014729034211599894
absolute,1,0.02,2.0,2,211000,1.0,0.053109791305782396,0.0,0.0,0.01442450800773913
absolute,1,0.02,2.0,3,211000,1.0,0.052834281943413344,0.0,0.0,0.014157538611458501
absolute,1,0.02,2.0,4,211000,1.0,0.05247958426132145,0.0,0.0,0.01457217171631219
absolute,1,0.02,2.0,5,211000,1.0,0.05225851686876186,0.0,0.0,0.014358840434076458
absolute,1,0.02,2.0,6,211000,1.0,0.05151612637136022,0.0,0.0,0.01400929954616828
absolute,1,0.02,2.0,7,211000,1.0,0.05302977810772911,0.0,0.0,0.014396960623358785
absolute,1,0.02,2.0,8,211000,1.0,0.05301905468943331,0.0,0.0,0.014059697978078926
absolute,1,0.02,2.0,9,211000,1.0,0.05107069207291924,0.0,0.0,0.014125578350776918
absolute,1,0.02,2.0,10,211000,1.0,0.05319062938216613,0.0,0.0,0.014629531568135958
absolute,1,0.02,4.0,0,211000,1.0,0.12347273777117874,0.0,0.0,0.05806556127457089
absolute,1,0.02,4.0,1,211000,1.0,0.12330858698341994,0.0,0.0,0.05708001914287303
absolute,1,0.02,4.0,2,211000,1.0,0.12325991916192362,0.0,0.0,0.057153903170133795
absolute,1,0.02,4.0,3,211000,1.0,0.12389342571970634,0.0,0.0,0.05689441445583767
absolute,1,0.02,4.0,4,211000,1.0,0.12107564134290193,0.0,0.0,0.05688726419451987
absolute,1,0.02,4.0,5,211000,1.0,0.12145013610492453,0.0,0.0,0.05648731975043627
absolute,1,0.02,4.0,6,211000,1.0,0.12435123319310401,0.0,0.0,0.0562387773881416
absolute,1,0.02,4.0,7,211000,1.0,0.12273034727377712,0.0,0.0,0.05692357135617429
absolute,1,0.02,4.0,8,211000,1.0,0.12522065495339438,0.0,0.0,0.057284093745019124
absolute,1,0.02,4.0,9,211000,1.0,0.12269652726222882,0.0,0.0,0.05625143671631401
absolute,1,0.02,4.0,10,211000,1.0,0.12262558772581045,0.0,0.0,0.057488346861225156
absolute,1,0.1,1.0,0,211001,0.7638888888888888,0.012216448073909099,0.08703703703703704,0.0,0.001863590703208891
absolute,1,0.1,1.0,1,211001,0.7777777777777778,0.010974181308257032,0.07037037037037037,0.0,0.0016923426553346094
absolute,1,0.1,1.0,2,211001,0.75,0.010604635816217107,0.08333333333333333,0.0,0.001591661389902981
absolute,1,0.1,1.0,3,211001,0.7722222222222223,0.010150127856141219,0.08148148148148149,0.0,0.0015025593936570185
absolute,1,0.1,1.0,4,211001,0.7805555555555556,0.01076961148230636,0.053703703703703705,0.0,0.0016735833330515188
absolute,1,0.1,1.0,5,211001,0.7888888888888889,0.010659077786026561,0.08148148148148149,0.0,0.001584774995773407
absolute,1,0.1,1.0,6,211001,0.7805555555555556,0.010259011795760125,0.05925925925925926,0.0,0.0015217999608223968
absolute,1,0.1,1.0,7,211001,0.8055555555555556,0.01067722510929638,0.08518518518518518,0.0,0.0015641393992096818
absolute,1,0.1,1.0,8,211001,0.7972222222222223,0.010221067392559598,0.06111111111111111,0.0,0.0015695994744638747
absolute,1,0.1,1.0,9,211001,0.8,0.010486678214963293,0.053703703703703705,0.0,0.0016068164960047478
absolute,1,0.1,1.0,10,211001,0.725,0.010894168110203745,0.06481481481481481,0.0,0.0016046279380950415
absolute,1,0.1,2.0,0,211001,0.9222222222222223,0.05879320300255712,0.0,0.0,0.017805903300291304
absolute,1,0.1,2.0,1,211001,0.9388888888888889,0.058258681844427944,0.0,0.0,0.01701128630804889
absolute,1,0.1,2.0,2,211001,0.9222222222222223,0.05872061370947785,0.0,0.0,0.016779554163223066
absolute,1,0.1,2.0,3,211001,0.9333333333333333,0.059012620638455825,0.0,0.0,0.016524242392680993
absolute,1,0.1,2.0,4,211001,0.925,0.058536665841788335,0.0,0.0,0.016876784457381215
absolute,1,0.1,2.0,5,211001,0.9333333333333333,0.05823476037284501,0.001851851851851852,0.0,0.016656972271740053
absolute,1,0.1,2.0,6,211001,0.9416666666666667,0.057785201682751794,0.0,0.0,0.016314057897933436
absolute,1,0.1,2.0,7,211001,0.9388888888888889,0.05842943165883032,0.0,0.0,0.016779300123452124
absolute,1,0.1,2.0,8,211001,0.9333333333333333,0.058856718634001486,0.0,0.0,0.01648198709088895
absolute,1,0.1,2.0,9,211001,0.925,0.05716819269157799,0.0,0.0,0.01648021820532889
absolute,1,0.1,2.0,10,211001,0.925,0.059029118205064755,0.0,0.0,0.01694916649774441
absolute,1,0.1,4.0,0,211001,0.9666666666666667,0.1344312463911573,0.0,0.0,0.06401191224768334
absolute,1,0.1,4.0,1,211001,0.9666666666666667,0.13357584756248453,0.0,0.0,0.06300172213332408
absolute,1,0.1,4.0,2,211001,0.9666666666666667,0.13364348758558112,0.0,0.0,0.06304442265435864
absolute,1,0.1,4.0,3,211001,0.9694444444444444,0.13465726305369957,0.0,0.0,0.06303120933828038
absolute,1,0.1,4.0,4,211001,0.9694444444444444,0.13235337787676318,0.0,0.0,0.0627793780966051
absolute,1,0.1,4.0,5,211001,0.9638888888888889,0.1326462096840716,0.0,0.0,0.06246158234429359
absolute,1,0.1,4.0,6,211001,0.9694444444444444,0.13517446176688938,0.0,0.0,0.062425569571441596
absolute,1,0.1,4.0,7,211001,0.9722222222222222,0.13304875030932936,0.0,0.0,0.0628946773798852
absolute,1,0.1,4.0,8,211001,0.9638888888888889,0.13603151035222305,0.0,0.0,0.06346608321802491
absolute,1,0.1,4.0,9,211001,0.9694444444444444,0.1335593499958756,0.0,0.0,0.06239406543150154
absolute,1,0.1,4.0,10,211001,0.9694444444444444,0.1342934917099728,0.0,0.0,0.06337237250094481
absolute,2,0.02,1.0,0,212000,0.975,0.010246638620803432,0.07222222222222222,0.0,0.0014411096193522005
absolute,2,0.02,1.0,1,212000,0.9277777777777778,0.009098407984822239,0.13148148148148148,0.0,0.0013137263872403993
absolute,2,0.02,1.0,2,212000,0.8944444444444445,0.008526767301822981,0.1259259259259259,0.16111111111111112,0.001206316666384757
absolute,2,0.02,1.0,3,212000,0.9222222222222223,0.00796914955044131,0.1111111111111111,0.0,0.0011165961935999287
absolute,2,0.02,1.0,4,212000,0.9361111111111111,0.008647199538068135,0.1,0.0,0.0013000609416656027
absolute,2,0.02,1.0,5,212000,0.9194444444444444,0.00861502928318073,0.12962962962962962,0.1361111111111111,0.001206723981913995
absolute,2,0.02,1.0,6,212000,0.9972222222222222,0.008138249608182792,0.05740740740740741,0.0,0.0011465669917718074
absolute,2,0.02,1.0,7,212000,0.8833333333333333,0.008514394126866286,0.1648148148148148,0.17222222222222222,0.0011716749551925513
absolute,2,0.02,1.0,8,212000,0.9388888888888889,0.008204239874618494,0.1037037037037037,0.0,0.001183615389253085
absolute,2,0.02,1.0,9,212000,0.9888888888888889,0.008613379526519839,0.05740740740740741,0.0,0.0012108652516209899
absolute,2,0.02,1.0,10,212000,0.8888888888888888,0.008868266930627733,0.13518518518518519,0.0,0.0012139556686757867
absolute,2,0.02,2.0,0,212000,1.0,0.05290852099315351,0.0,0.0,0.015572339300238757
absolute,2,0.02,2.0,1,212000,1.0,0.05306194836261651,0.0,0.0,0.014732824520555635
absolute,2,0.02,2.0,2,212000,1.0,0.052993483461189476,0.0,0.0,0.014430932570353036
absolute,2,0.02,2.0,3,212000,1.0,0.052863152684978966,0.0,0.0,0.014169539643134825
absolute,2,0.02,2.0,4,212000,1.0,0.05252660232615689,0.0,0.0,0.014573000561426925
absolute,2,0.02,2.0,5,212000,1.0,0.052378124226676565,0.0,0.0,0.0143646638377888
absolute,2,0.02,2.0,6,212000,1.0,0.05149385465643817,0.0,0.0,0.014003550483225007
absolute,2,0.02,2.0,7,212000,1.0,0.05301905468943331,0.0,0.0,0.014407073546476747
absolute,2,0.02,2.0,8,212000,1.0,0.0530759712942341,0.0,0.0,0.014061150019895325
absolute,2,0.02,2.0,9,212000,1.0,0.05118699991751217,0.0,0.0,0.01412872151994373
absolute,2,0.02,2.0,10,212000,1.0,0.05311804008908686,0.0,0.0,0.014631125604495395
absolute,2,0.02,4.0,0,212000,1.0,0.12353542852429267,0.0,0.0,0.05804529944498251
absolute,2,0.02,4.0,1,212000,1.0,0.12332508455002887,0.0,0.0,0.0570938782471891
absolute,2,0.02,4.0,2,212000,1.0,0.12327064258021941,0.0,0.0,0.057150165629378684
absolute,2,0.02,4.0,3,212000,1.0,0.12402953064422997,0.0,0.0,0.05690246319536462
absolute,2,0.02,4.0,4,212000,1.0,0.12111523550276335,0.0,0.0,0.056869432675471836
absolute,2,0.02,4.0,5,212000,1.0,0.12157469273282191,0.0,0.0,0.05649462623399195
absolute,2,0.02,4.0,6,212000,1.0,0.12453765569578487,0.0,0.0,0.0562209356323068
absolute,2,0.02,4.0,7,212000,1.0,0.12271632434215952,0.0,0.0,0.056926028498626484
absolute,2,0.02,4.0,8,212000,1.0,0.12529654375979543,0.0,0.0,0.05728673775559096
absolute,2,0.02,4.0,9,212000,1.0,0.12274849459704694,0.0,0.0,0.05624891329002061
absolute,2,0.02,4.0,10,212000,1.0,0.12286315268497897,0.0,0.0,0.05746832742548373
absolute,2,0.1,1.0,0,212001,0.8027777777777778,0.011804833787016415,0.09814814814814815,0.0,0.0017779021136737194
absolute,2,0.1,1.0,1,212001,0.7916666666666666,0.010565866534686134,0.08148148148148149,0.0,0.0016253144360994251
absolute,2,0.1,1.0,2,212001,0.7666666666666667,0.010240039594159861,0.10555555555555556,0.0,0.0015214260546034244
absolute,2,0.1,1.0,3,212001,0.775,0.009928235585251176,0.0962962962962963,0.0,0.0014425117123024061
absolute,2,0.1,1.0,4,212001,0.8194444444444444,0.010382743545327065,0.07592592592592592,0.0,0.0016099731156335602
absolute,2,0.1,1.0,5,212001,0.7777777777777778,0.010352223047100553,0.08518518518518518,0.0,0.001520085155010396
absolute,2,0.1,1.0,6,212001,0.7777777777777778,0.009848222387197889,0.06111111111111111,0.0,0.0014494568594407085
absolute,2,0.1,1.0,7,212001,0.7722222222222223,0.010219417635898705,0.07962962962962963,0.0,0.0014895336746105776
absolute,2,0.1,1.0,8,212001,0.8027777777777778,0.009941433638538315,0.07592592592592592,0.0,0.0015012934345644336
absolute,2,0.1,1.0,9,212001,0.825,0.010226841540872722,0.06111111111111111,0.0,0.0015317612484104493
absolute,2,0.1,1.0,10,212001,0.7166666666666667,0.010546894333085869,0.08703703703703704,0.0,0.0015404836712816933
absolute,2,0.1,2.0,0,212001,0.9361111111111111,0.0577621050894993,0.0,0.0,0.01740216311844772
absolute,2,0.1,2.0,1,212001,0.9388888888888889,0.05744865132392972,0.0,0.0,0.01656090681815721
absolute,2,0.1,2.0,2,212001,0.9388888888888889,0.05766476944650664,0.0,0.0,0.016331811669126145
absolute,2,0.1,2.0,3,212001,0.9444444444444444,0.05800296956198961,0.0,0.0,0.016100358211217202
absolute,2,0.1,2.0,4,212001,0.95,0.057641672853254146,0.0,0.0,0.016486854297464867
absolute,2,0.1,2.0,5,212001,0.9388888888888889,0.05759465478841871,0.0,0.0,0.01625583934432854
absolute,2,0.1,2.0,6,212001,0.9472222222222222,0.056895157964200284,0.0,0.0,0.015908028104519616
absolute,2,0.1,2.0,7,212001,0.95,0.057513816712034975,0.0,0.0,0.01631640520183576
absolute,2,0.1,2.0,8,212001,0.9555555555555556,0.057890786109048915,0.0,0.0,0.016045084779469112
absolute,2,0.1,2.0,9,212001,0.9444444444444444,0.05625092798812175,0.0,0.0,0.016066789650404468
absolute,2,0.1,2.0,10,212001,0.9333333333333333,0.058082982760042895,0.0,0.0,0.01651840869893499
absolute,2,0.1,4.0,0,212001,0.9611111111111111,0.13323269817701888,0.0,0.0,0.06309204908059421
absolute,2,0.1,4.0,1,212001,0.9666666666666667,0.13279303802689105,0.0,0.0,0.06211536550517945
absolute,2,0.1,4.0,2,212001,0.9694444444444444,0.13247216035634743,0.0,0.0,0.06213307046481727
absolute,2,0.1,4.0,3,212001,0.9638888888888889,0.13375979543017405,0.0,0.0,0.06204677364045843
absolute,2,0.1,4.0,4,212001,0.9638888888888889,0.1310162501031098,0.0,0.0,0.061859017664165336
absolute,2,0.1,4.0,5,212001,0.9694444444444444,0.13146498391487255,0.0,0.0,0.061646284921634924
absolute,2,0.1,4.0,6,212001,0.9666666666666667,0.13415408727212735,0.0,0.0,0.06152588073488821
absolute,2,0.1,4.0,7,212001,0.9611111111111111,0.1322593417470923,0.0,0.0,0.061998687814286246
absolute,2,0.1,4.0,8,212001,0.9666666666666667,0.13512744370205396,0.0,0.0,0.06252969139979084
absolute,2,0.1,4.0,9,212001,0.9666666666666667,0.13215458219912563,0.0,0.0,0.06145870878581313
absolute,2,0.1,4.0,10,212001,0.9638888888888889,0.13309246886084303,0.0,0.0,0.0624380337903313
absolute,3,0.02,1.0,0,213000,0.9555555555555556,0.010252412769116556,0.06851851851851852,0.0,0.0014371953741680143
absolute,3,0.02,1.0,1,213000,0.9194444444444444,0.009067062608265281,0.1259259259259259,0.0,0.0013092100522019696
absolute,3,0.02,1.0,2,213000,0.8944444444444445,0.008526767301822981,0.12037037037037036,0.15833333333333333,0.0012055677834287247
absolute,3,0.02,1.0,3,213000,0.9222222222222223,0.007969974428771755,0.1037037037037037,0.0,0.001115012626959436
absolute,3,0.02,1.0,4,213000,0.9416666666666667,0.008674420522972862,0.0962962962962963,0.0,0.001299495830771251
absolute,3,0.02,1.0,5,213000,0.9305555555555556,0.008623278066485194,0.12037037037037036,0.0,0.0012054358350970652
absolute,3,0.02,1.0,6,213000,0.9944444444444445,0.008135774973191455,0.05555555555555555,0.0,0.0011472489803255645
absolute,3,0.02,1.0,7,213000,0.8833333333333333,0.008530066815144767,0.16666666666666666,0.17222222222222222,0.001171263450805008
absolute,3,0.02,1.0,8,213000,0.9444444444444444,0.008210838901262063,0.1,0.0,0.0011833634088456177
absolute,3,0.02,1.0,9,213000,0.9833333333333333,0.008621628309824301,0.05740740740740741,0.0,0.0012092245454573404
absolute,3,0.02,1.0,10,213000,0.8722222222222222,0.008864967417305948,0.1388888888888889,0.18055555555555555,0.0012091822140106968
absolute,3,0.02,2.0,0,213000,1.0,0.053057823970964285,0.0,0.0,0.015576754795692432
absolute,3,0.02,2.0,1,213000,1.0,0.05309164398251258,0.0,0.0,0.014744729940761245
absolute,3,0.02,2.0,2,213000,1.0,0.05298028540790233,0.0,0.0,0.014449472008538387
absolute,3,0.02,2.0,3,213000,1.0,0.05283510682174379,0.0,0.0,0.014184334393515276
absolute,3,0.02,2.0,4,213000,1.0,0.0526231130908191,0.0,0.0,0.014589187895821462
absolute,3,0.02,2.0,5,213000,1.0,0.05240452033325085,0.0,0.0,0.01438367050008329
absolute,3,0.02,2.0,6,213000,1.0,0.05148478099480327,0.0,0.0,0.014026188006702496
absolute,3,0.02,2.0,7,213000,1.0,0.053107316670791056,0.0,0.0,0.014424177507391325
absolute,3,0.02,2.0,8,213000,1.0,0.05305699909263384,0.0,0.0,0.01407430563211852
absolute,3,0.02,2.0,9,213000,1.0,0.051293409222139735,0.0,0.0,0.014143794558115578
absolute,3,0.02,2.0,10,213000,1.0,0.053154334735626495,0.0,0.0,0.014649244188654953
absolute,3,0.02,4.0,0,213000,1.0,0.12354285242926669,0.0,0.0,0.058091104362742584
absolute,3,0.02,4.0,1,213000,1.0,0.12341004701806484,0.0,0.0,0.05711895062911031
absolute,3,0.02,4.0,2,213000,1.0,0.12311226594077374,0.0,0.0,0.05717111770051904
absolute,3,0.02,4.0,3,213000,1.0,0.12401798234760372,0.0,0.0,0.05692521364155957
absolute,3,0.02,4.0,4,213000,1.0,0.12118370040419038,0.0,0.0,0.056912992765963316
absolute,3,0.02,4.0,5,213000,1.0,0.12147900684649014,0.0,0.0,0.05650957129287426
absolute,3,0.02,4.0,6,213000,1.0,0.12445351810607935,0.0,0.0,0.05623388211628032
absolute,3,0.02,4.0,7,213000,1.0,0.12269570238389838,0.0,0.0,0.05694393862824344
absolute,3,0.02,4.0,8,213000,1.0,0.12531139156974347,0.0,0.0,0.057309604709358745
absolute,3,0.02,4.0,9,213000,1.0,0.12273612142209024,0.0,0.0,0.05628565179217119
absolute,3,0.02,4.0,10,213000,1.0,0.12286232780664852,0.0,0.0,0.05749474192668713
absolute,3,0.1,1.0,0,213001,0.7638888888888888,0.011678627402458137,0.09259259259259259,0.0,0.0017514761528258285
absolute,3,0.1,1.0,1,213001,0.7472222222222222,0.010607110451208447,0.08333333333333333,0.0,0.0016173341348974385
absolute,3,0.1,1.0,2,213001,0.7194444444444444,0.010127031262888725,0.10555555555555556,0.0,0.0014896637320133497
absolute,3,0.1,1.0,3,213001,0.7722222222222223,0.009676647694465067,0.08518518518518518,0.0,0.001405585920332184
absolute,3,0.1,1.0,4,213001,0.7833333333333333,0.010361296708735462,0.07037037037037037,0.0,0.0015872910064248448
absolute,3,0.1,1.0,5,213001,0.7694444444444445,0.01035057329043966,0.07777777777777778,0.0,0.0015013362788527792
absolute,3,0.1,1.0,6,213001,0.7722222222222223,0.009747587230883445,0.053703703703703705,0.0,0.0014501298342921055
absolute,3,0.1,1.0,7,213001,0.7944444444444444,0.010241689350820754,0.09259259259259259,0.0,0.001483780846012625
absolute,3,0.1,1.0,8,213001,0.7666666666666667,0.009798729687371112,0.06296296296296296,0.0,0.0014734837949143653
absolute,3,0.1,1.0,9,213001,0.7777777777777778,0.010191371772663532,0.05740740740740741,0.0,0.001512297894876678
absolute,3,0.1,1.0,10,213001,0.7166666666666667,0.010447084055101873,0.07777777777777778,0.0,0.0015177329621339681
absolute,3,0.1,2.0,0,213001,0.925,0.05824300915614947,0.0,0.0,0.017454331777051107
absolute,3,0.1,2.0,1,213001,0.9055555555555556,0.05794687783551926,0.0,0.0,0.016669900433971506
absolute,3,0.1,2.0,2,213001,0.9083333333333333,0.058219087684566524,0.0,0.0,0.016430522454894975
absolute,3,0.1,2.0,3,213001,0.9166666666666666,0.05847150045368308,0.0,0.0,0.01612631315444792
absolute,3,0.1,2.0,4,213001,0.9111111111111111,0.05820918914460117,0.0,0.0,0.016545488589894294
absolute,3,0.1,2.0,5,213001,0.9138888888888889,0.0579048090406665,0.0,0.0,0.01632017797666164
absolute,3,0.1,2.0,6,213001,0.9194444444444444,0.057296873711127606,0.0,0.0,0.015956350842881536
absolute,3,0.1,2.0,7,213001,0.925,0.05800049492699827,0.0,0.0,0.016423824633703076
absolute,3,0.1,2.0,8,213001,0.9166666666666666,0.058428606780499874,0.0,0.0,0.01611555622173106
absolute,3,0.1,2.0,9,213001,0.8972222222222223,0.05665759300503176,0.0,0.0,0.01612139855512121
absolute,3,0.1,2.0,10,213001,0.9,0.05857790975831065,0.0,0.0,0.016614328520804494
absolute,3,0.1,4.0,0,213001,0.9444444444444444,0.13401715746927328,0.0,0.0,0.06357439667728967
absolute,3,0.1,4.0,1,213001,0.9361111111111111,0.1333432318732987,0.0,0.0,0.06252739047394448
absolute,3,0.1,4.0,2,213001,0.95,0.133338282603316,0.0,0.0,0.06263604381058645
absolute,3,0.1,4.0,3,213001,0.9444444444444444,0.13474470015672688,0.0,0.0,0.06252946405364539
absolute,3,0.1,4.0,4,213001,0.95,0.1318526767301823,0.0,0.0,0.062316035882406584
absolute,3,0.1,4.0,5,213001,0.9444444444444444,0.1325661964860183,0.0,0.0,0.062014820976160456
absolute,3,0.1,4.0,6,213001,0.9472222222222222,0.13458219912562897,0.0,0.0,0.06183721770513091
absolute,3,0.1,4.0,7,213001,0.9472222222222222,0.1329118205064753,0.0,0.0,0.062429399433911785
absolute,3,0.1,4.0,8,213001,0.9444444444444444,0.13597376886909182,0.0,0.0,0.06296626121139837
absolute,3,0.1,4.0,9,213001,0.9388888888888889,0.13320300255712283,0.0,0.0,0.061898131419621416
absolute,3,0.1,4.0,10,213001,0.9472222222222222,0.1335197558360142,0.0,0.0,0.06295389296951423
positive_delta,0,0.02,1.0,0,210000,0.8194444444444444,0.006617998845170337,0.20555555555555555,0.22777777777777777,0.0008603798958688581
positive_delta,0,0.02,1.0,1,210000,0.8083333333333333,0.005808793203002557,0.20185185185185187,0.24722222222222223,0.0007356240942921748
positive_delta,0,0.02,1.0,2,210000,0.7722222222222223,0.005456570155902005,0.2611111111111111,0.2833333333333333,0.0006762692272531517
positive_delta,0,0.02,1.0,3,210000,0.7965277777777777,0.0048395611647282025,0.22037037037037038,0.25555555555555554,0.0006531189134033646
positive_delta,0,0.02,1.0,4,210000,0.7722222222222223,0.005611647282025901,0.24259259259259258,0.2833333333333333,0.000757358688091578
positive_delta,0,0.02,1.0,5,210000,0.875,0.005413676482718799,0.16666666666666666,0.17777777777777778,0.0006978027655918991
positive_delta,0,0.02,1.0,6,210000,0.8944444444444445,0.005111771013775468,0.11296296296296296,0.15555555555555556,0.0006249050664299568
positive_delta,0,0.02,1.0,7,210000,0.8361111111111111,0.005125793945393055,0.1814814814814815,0.21388888888888888,0.0006488652442540448
positive_delta,0,0.02,1.0,8,210000,0.8416666666666667,0.004961643157634249,0.18703703703703703,0.20833333333333334,0.0006904424140748237
positive_delta,0,0.02,1.0,9,210000,0.8472222222222222,0.005164563226924029,0.15555555555555556,0.0,0.0006930851933320917
positive_delta,0,0.02,1.0,10,210000,0.7444444444444445,0.005360884269570238,0.2722222222222222,0.30833333333333335,0.000661761717999929
positive_delta,0,0.02,2.0,0,210000,0.9972222222222222,0.040810030520498225,0.007407407407407408,0.0,0.01133866849212667
positive_delta,0,0.02,2.0,1,210000,0.9972222222222222,0.03959333498308999,0.001851851851851852,0.0,0.010327585791566717
positive_delta,0,0.02,2.0,2,210000,1.0,0.03991173801864225,0.005555555555555556,0.0,0.00997302417210788
positive_delta,0,0.02,2.0,3,210000,1.0,0.03941103687206137,0.0,0.0,0.0098457694629332
positive_delta,0,0.02,2.0,4,210000,1.0,0.04003464488987874,0.0,0.0,0.01031245076899051
positive_delta,0,0.02,2.0,5,210000,1.0,0.03958921059143776,0.0,0.0,0.01011573057867382
positive_delta,0,0.02,2.0,6,210000,1.0,0.03879980202920069,0.0,0.0,0.009780816253109078
positive_delta,0,0.02,2.0,7,210000,1.0,0.03943990761362699,0.001851851851851852,0.0,0.010013538271453237
positive_delta,0,0.02,2.0,8,210000,0.9972222222222222,0.039567763754846164,0.0,0.0,0.009835423358047032
positive_delta,0,0.02,2.0,9,210000,1.0,0.037941103687206136,0.0,0.0,0.009888991321735647
positive_delta,0,0.02,2.0,10,210000,1.0,0.039752536500866124,0.0,0.0,0.010183297138369282
positive_delta,0,0.02,4.0,0,210000,1.0,0.10005444196980945,0.0,0.0,0.045766973320660535
positive_delta,0,0.02,4.0,1,210000,1.0,0.09991751216695538,0.0,0.0,0.04435398048902409
positive_delta,0,0.02,4.0,2,210000,1.0,0.09989524045203332,0.0,0.0,0.04422850544783863
positive_delta,0,0.02,4.0,3,210000,1.0,0.0998432731172152,0.0,0.0,0.043907379174609934
positive_delta,0,0.02,4.0,4,210000,1.0,0.0981044295966345,0.0,0.0,0.044038401245735354
positive_delta,0,0.02,4.0,5,210000,1.0,0.0981242266765652,0.0,0.0,0.04378963858179212
positive_delta,0,0.02,4.0,6,210000,1.0,0.09918831972284088,0.0,0.0,0.04335758148257286
positive_delta,0,0.02,4.0,7,210000,1.0,0.09859358244658913,0.0,0.0,0.044061126198700895
positive_delta,0,0.02,4.0,8,210000,1.0,0.10149550441309907,0.0,0.0,0.04419211090696385
positive_delta,0,0.02,4.0,9,210000,1.0,0.0986323517281201,0.0,0.0,0.04339801654514752
positive_delta,0,0.02,4.0,10,210000,1.0,0.09953476862162831,0.0,0.0,0.04453638501496954
positive_delta,0,0.1,1.0,0,210001,0.7027777777777777,0.008032665181885671,0.1574074074074074,0.0,0.001113274714238891
positive_delta,0,0.1,1.0,1,210001,0.6888888888888889,0.00694382578569661,0.17407407407407408,0.0,0.000967605729469027
positive_delta,0,0.1,1.0,2,210001,0.6527777777777778,0.0066311968984574775,0.1962962962962963,0.0,0.0009061429352835499
positive_delta,0,0.1,1.0,3,210001,0.6888888888888889,0.006294646539635404,0.1648148148148148,0.0,0.0008772146600517571
positive_delta,0,0.1,1.0,4,210001,0.6861111111111111,0.006796997442877176,0.17222222222222222,0.0,0.0009678631278932741
positive_delta,0,0.1,1.0,5,210001,0.7138888888888889,0.006656768126701311,0.15,0.0,0.0009191713807519583
positive_delta,0,0.1,1.0,6,210001,0.7027777777777777,0.006317743132887899,0.12962962962962962,0.0,0.0008512539713552899
positive_delta,0,0.1,1.0,7,210001,0.6972222222222222,0.006589128103604718,0.17222222222222222,0.0,0.0008800306654621477
positive_delta,0,0.1,1.0,8,210001,0.7416666666666667,0.006312793862905222,0.12777777777777777,0.0,0.0009130870667148561
positive_delta,0,0.1,1.0,9,210001,0.7194444444444444,0.006525612472160356,0.1259259259259259,0.0,0.0009210864223379635
positive_delta,0,0.1,1.0,10,210001,0.6277777777777778,0.006766476944650664,0.17592592592592593,0.0,0.0009017807683911657
positive_delta,0,0.1,2.0,0,210001,0.9194444444444444,0.04572300585663615,0.001851851851851852,0.0,0.01301531486702602
positive_delta,0,0.1,2.0,1,210001,0.8972222222222223,0.04466138744535181,0.001851851851851852,0.0,0.012072075819561877
positive_delta,0,0.1,2.0,2,210001,0.8916666666666667,0.04494679534768622,0.003703703703703704,0.0,0.01180913089256032
positive_delta,0,0.1,2.0,3,210001,0.8944444444444445,0.044636641095438426,0.003703703703703704,0.0,0.011642694412065167
positive_delta,0,0.1,2.0,4,210001,0.9027777777777778,0.044799967004866784,0.001851851851851852,0.0,0.012006014753694321
positive_delta,0,0.1,2.0,5,210001,0.9138888888888889,0.044750474305040006,0.001851851851851852,0.0,0.01182213951306456
positive_delta,0,0.1,2.0,6,210001,0.9083333333333333,0.04381753691330529,0.001851851851851852,0.0,0.011521302651722756
positive_delta,0,0.1,2.0,7,210001,0.9194444444444444,0.04453518106079353,0.003703703703703704,0.0,0.011834441174565183
positive_delta,0,0.1,2.0,8,210001,0.9138888888888889,0.04482223871978883,0.001851851851851852,0.0,0.011651230152921618
positive_delta,0,0.1,2.0,9,210001,0.9111111111111111,0.04331436113173307,0.0,0.0,0.011657268251138518
positive_delta,0,0.1,2.0,10,210001,0.8972222222222223,0.04491380021446836,0.0,0.0,0.011963961614618065
positive_delta,0,0.1,4.0,0,210001,0.9416666666666667,0.11013857955951498,0.0,0.0,0.05087696543067872
positive_delta,0,0.1,4.0,1,210001,0.9388888888888889,0.11010310979130578,0.0,0.0,0.049558267647180715
positive_delta,0,0.1,4.0,2,210001,0.95,0.11023838983749897,0.0,0.0,0.04949221244508225
positive_delta,0,0.1,4.0,3,210001,0.9472222222222222,0.1109898539965355,0.0,0.0,0.04924013256560687
positive_delta,0,0.1,4.0,4,210001,0.95,0.10889301328054111,0.0,0.0,0.04933588327601325
positive_delta,0,0.1,4.0,5,210001,0.9444444444444444,0.1089853996535511,0.0,0.0,0.04907343668358635
positive_delta,0,0.1,4.0,6,210001,0.9472222222222222,0.1109040666501691,0.0,0.0,0.0488275677890852
positive_delta,0,0.1,4.0,7,210001,0.9388888888888889,0.10942588468200941,0.0,0.0,0.04930629891974298
positive_delta,0,0.1,4.0,8,210001,0.9472222222222222,0.11184772746019962,0.0,0.0,0.04971481315952854
positive_delta,0,0.1,4.0,9,210001,0.9416666666666667,0.10953889301328054,0.0,0.0,0.04881269916323252
positive_delta,0,0.1,4.0,10,210001,0.9361111111111111,0.11053287140146828,0.0,0.0,0.049792901977183314
positive_delta,1,0.02,1.0,0,211000,0.8194444444444444,0.0065767549286480246,0.20555555555555555,0.23055555555555557,0.0008591998383022958
positive_delta,1,0.02,1.0,1,211000,0.8166666666666667,0.005806318568011218,0.20185185185185187,0.2388888888888889,0.0007328406935025506
positive_delta,1,0.02,1.0,2,211000,0.7472222222222222,0.005403777942753444,0.2740740740740741,0.30833333333333335,0.0006724373290112786
positive_delta,1,0.02,1.0,3,211000,0.8027777777777778,0.004818939206467046,0.22777777777777777,0.25277777777777777,0.0006521351878578887
positive_delta,1,0.02,1.0,4,211000,0.7722222222222223,0.0055967994720778685,0.25,0.2833333333333333,0.0007548501692896155
positive_delta,1,0.02,1.0,5,211000,0.8638888888888889,0.005425224779345047,0.16666666666666666,0.18888888888888888,0.0006950579454699285
positive_delta,1,0.02,1.0,6,211000,0.9027777777777778,0.005122494432071269,0.11851851851851852,0.14444444444444443,0.0006237032644687428
positive_delta,1,0.02,1.0,7,211000,0.8388888888888889,0.005097748082157882,0.18333333333333332,0.20833333333333334,0.0006482134080121501
positive_delta,1,0.02,1.0,8,211000,0.8277777777777777,0.004931122659407737,0.18518518518518517,0.20833333333333334,0.0006897741149945653
positive_delta,1,0.02,1.0,9,211000,0.8555555555555555,0.0051455910253237645,0.15555555555555556,0.17777777777777778,0.0006911011264597529
positive_delta,1,0.02,1.0,10,211000,0.7388888888888889,0.005344386702961313,0.26481481481481484,0.3111111111111111,0.0006583029547672353
positive_delta,1,0.02,2.0,0,211000,1.0,0.04068052462261816,0.003703703703703704,0.0,0.011301692317552653
positive_delta,1,0.02,2.0,1,211000,0.9972222222222222,0.039483626165140645,0.0,0.0,0.010296849975005077
positive_delta,1,0.02,2.0,2,211000,0.9972222222222222,0.03989359069537243,0.001851851851851852,0.0,0.009940898800355978
positive_delta,1,0.02,2.0,3,211000,1.0,0.039375567103852184,0.001851851851851852,0.0,0.009817239647956983
positive_delta,1,0.02,2.0,4,211000,0.9972222222222222,0.040041243916522314,0.0,0.0,0.01028995821532342
positive_delta,1,0.02,2.0,5,211000,0.9972222222222222,0.039498473975088676,0.001851851851851852,0.0,0.010092035395879427
positive_delta,1,0.02,2.0,6,211000,1.0,0.038771756165965524,0.0,0.0,0.00976130245205612
positive_delta,1,0.02,2.0,7,211000,0.9972222222222222,0.03945145591025324,0.0,0.0,0.009983586402004628
positive_delta,1,0.02,2.0,8,211000,0.9972222222222222,0.03949105007011466,0.001851851851851852,0.0,0.009809697608761778
positive_delta,1,0.02,2.0,9,211000,1.0,0.03781159778932607,0.0,0.0,0.009857546966962102
positive_delta,1,0.02,2.0,10,211000,0.9972222222222222,0.0396362286562732,0.0,0.0,0.010152226286177811
positive_delta,1,0.02,4.0,0,211000,1.0,0.09996535511012125,0.0,0.0,0.045737651593426354
positive_delta,1,0.02,4.0,1,211000,1.0,0.09991338777530315,0.0,0.0,0.04432478969901718
positive_delta,1,0.02,4.0,2,211000,1.0,0.09987626825043307,0.0,0.0,0.04420564682769683
positive_delta,1,0.02,4.0,3,211000,1.0,0.09987049410211994,0.0,0.0,0.043850023683518154
positive_delta,1,0.02,4.0,4,211000,1.0,0.09823228573785367,0.0,0.0,0.04402141575229407
positive_delta,1,0.02,4.0,5,211000,1.0,0.09812752618988699,0.0,0.0,0.043766515588072784
positive_delta,1,0.02,4.0,6,211000,1.0,0.09919656850614535,0.0,0.0,0.04335035152463433
positive_delta,1,0.02,4.0,7,211000,1.0,0.09861172976985895,0.0,0.0,0.044024266672401224
positive_delta,1,0.02,4.0,8,211000,1.0,0.10160603810937886,0.0,0.0,0.04415353777360469
positive_delta,1,0.02,4.0,9,211000,1.0,0.09876763177431329,0.0,0.0,0.04335819649287009
positive_delta,1,0.02,4.0,10,211000,1.0,0.0996576754928648,0.0,0.0,0.044520933861078374
positive_delta,1,0.1,1.0,0,211001,0.7,0.008494597046935577,0.17222222222222222,0.0,0.0012025036529582113
positive_delta,1,0.1,1.0,1,211001,0.7055555555555556,0.007338942505980368,0.16296296296296298,0.0,0.0010509111595510543
positive_delta,1,0.1,1.0,2,211001,0.6833333333333333,0.0070205394704281115,0.19074074074074074,0.0,0.0009848071900308382
positive_delta,1,0.1,1.0,3,211001,0.7083333333333334,0.006660892518353543,0.16666666666666666,0.0,0.0009439082412667209
positive_delta,1,0.1,1.0,4,211001,0.7055555555555556,0.007220160026396106,0.17222222222222222,0.0,0.0010496623606629893
positive_delta,1,0.1,1.0,5,211001,0.7305555555555555,0.00707168192691578,0.12962962962962962,0.0,0.0009929283269218977
positive_delta,1,0.1,1.0,6,211001,0.6916666666666667,0.0067763754846160195,0.11666666666666667,0.0,0.0009231795438887681
positive_delta,1,0.1,1.0,7,211001,0.6833333333333333,0.006971871648931783,0.17407407407407408,0.0,0.0009584782520834022
positive_delta,1,0.1,1.0,8,211001,0.7333333333333333,0.006773075971294234,0.13333333333333333,0.0,0.0009945659267225765
positive_delta,1,0.1,1.0,9,211001,0.7166666666666667,0.007086529736863812,0.12037037037037036,0.0,0.001007557321086574
positive_delta,1,0.1,1.0,10,211001,0.6194444444444445,0.007160768786603976,0.16111111111111112,0.0,0.0009795566030351836
positive_delta,1,0.1,2.0,0,211001,0.8944444444444445,0.046514889053864555,0.009259259259259259,0.0,0.013462695805019928
positive_delta,1,0.1,2.0,1,211001,0.9166666666666666,0.0457329043966015,0.009259259259259259,0.0,0.012555631262808458
positive_delta,1,0.1,2.0,2,211001,0.8833333333333333,0.04593747422255217,0.009259259259259259,0.0,0.012278750542367213
positive_delta,1,0.1,2.0,3,211001,0.8916666666666667,0.045851686876185765,0.011111111111111112,0.0,0.012105361847020034
positive_delta,1,0.1,2.0,4,211001,0.9,0.0456669141301658,0.007407407407407408,0.0,0.012460469924580036
positive_delta,1,0.1,2.0,5,211001,0.9,0.04573537903159284,0.011111111111111112,0.0,0.012293192910677552
positive_delta,1,0.1,2.0,6,211001,0.9027777777777778,0.04493112265940774,0.011111111111111112,0.0,0.011966722544470065
positive_delta,1,0.1,2.0,7,211001,0.9,0.04575517611152355,0.011111111111111112,0.0,0.012300431482412895
positive_delta,1,0.1,2.0,8,211001,0.9111111111111111,0.0458219912562897,0.009259259259259259,0.0,0.01208722393387327
positive_delta,1,0.1,2.0,9,211001,0.8916666666666667,0.04438010393466964,0.011111111111111112,0.0,0.01209686643149395
positive_delta,1,0.1,2.0,10,211001,0.8888888888888888,0.04606862987709313,0.007407407407407408,0.0,0.012407499248898876
positive_delta,1,0.1,4.0,0,211001,0.9583333333333334,0.11126206384558278,0.0,0.0,0.05174814424342953
positive_delta,1,0.1,4.0,1,211001,0.9666666666666667,0.11087684566526437,0.0,0.0,0.05051886733627431
positive_delta,1,0.1,4.0,2,211001,0.9527777777777777,0.11099232863152685,0.0,0.0,0.050428890454428554
positive_delta,1,0.1,4.0,3,211001,0.9472222222222222,0.11151447661469933,0.0,0.0,0.050212315312564815
positive_delta,1,0.1,4.0,4,211001,0.9638888888888889,0.10961395694135115,0.0,0.0,0.05013659239591799
positive_delta,1,0.1,4.0,5,211001,0.9583333333333334,0.10996947950177349,0.0,0.0,0.04994721677683152
positive_delta,1,0.1,4.0,6,211001,0.9583333333333334,0.11189639528169595,0.0,0.0,0.049719102330233717
positive_delta,1,0.1,4.0,7,211001,0.9666666666666667,0.11022436690588139,0.0,0.0,0.050234716237712945
positive_delta,1,0.1,4.0,8,211001,0.9527777777777777,0.11301740493277242,0.0,0.0,0.05056613617148928
positive_delta,1,0.1,4.0,9,211001,0.95,0.11068217437927906,0.0,0.0,0.04971194229669023
positive_delta,1,0.1,4.0,10,211001,0.9555555555555556,0.11137259754186257,0.0,0.0,0.050616947454341504
positive_delta,2,0.02,1.0,0,212000,0.8194444444444444,0.006596552008578734,0.20925925925925926,0.23333333333333334,0.0008609153652197071
positive_delta,2,0.02,1.0,1,212000,0.8111111111111111,0.005774148313123814,0.20185185185185187,0.24444444444444444,0.0007364558869144439
positive_delta,2,0.02,1.0,2,212000,0.7694444444444445,0.0053856306194836265,0.26481481481481484,0.2861111111111111,0.000675667003888286
positive_delta,2,0.02,1.0,3,212000,0.8055555555555556,0.00483791140806731,0.21851851851851853,0.23055555555555557,0.0006517624961918223
positive_delta,2,0.02,1.0,4,212000,0.7777777777777778,0.005612472160356347,0.24074074074074073,0.2777777777777778,0.000755610432663295
positive_delta,2,0.02,1.0,5,212000,0.8805555555555555,0.005378206714509609,0.1648148148148148,0.175,0.00069659588089205
positive_delta,2,0.02,1.0,6,212000,0.9027777777777778,0.005077126123896725,0.11851851851851852,0.15,0.0006236133715888067
positive_delta,2,0.02,1.0,7,212000,0.8527777777777777,0.005092798812175204,0.18333333333333332,0.2,0.0006484985963178183
positive_delta,2,0.02,1.0,8,212000,0.8361111111111111,0.00495256949599934,0.1925925925925926,0.21388888888888888,0.0006908569660942553
positive_delta,2,0.02,1.0,9,212000,0.8583333333333333,0.005169512496906706,0.15,0.0,0.0006928106541073667
positive_delta,2,0.02,1.0,10,212000,0.7333333333333333,0.005380681349500949,0.2851851851851852,0.3138888888888889,0.0006628837465369522
positive_delta,2,0.02,2.0,0,212000,1.0,0.040676400230965935,0.005555555555555556,0.0,0.011314728263868748
positive_delta,2,0.02,2.0,1,212000,1.0,0.039434958343644314,0.001851851851851852,0.0,0.010304021198255669
positive_delta,2,0.02,2.0,2,212000,1.0,0.03982017652396271,0.005555555555555556,0.0,0.00995116405744891
positive_delta,2,0.02,2.0,3,212000,1.0,0.03930957683741648,0.0,0.0,0.009833722666076758
positive_delta,2,0.02,2.0,4,212000,1.0,0.040014022931617585,0.0,0.0,0.010290510364517511
positive_delta,2,0.02,2.0,5,212000,1.0,0.03947950177348841,0.001851851851851852,0.0,0.010095295650151513
positive_delta,2,0.02,2.0,6,212000,1.0,0.03879155324589623,0.0,0.0,0.009759865669425194
positive_delta,2,0.02,2.0,7,212000,1.0,0.039319475377381834,0.001851851851851852,0.0,0.00999019252307153
positive_delta,2,0.02,2.0,8,212000,1.0,0.03944568176194011,0.0,0.0,0.009811320759213905
positive_delta,2,0.02,2.0,9,212000,1.0,0.03779262558772581,0.0,0.0,0.009866181184484242
positive_delta,2,0.02,2.0,10,212000,1.0,0.03964035304792543,0.0,0.0,0.010163342211909846
positive_delta,2,0.02,4.0,0,212000,1.0,0.09988369215540707,0.0,0.0,0.0457182561328818
positive_delta,2,0.02,4.0,1,212000,1.0,0.09988204239874618,0.0,0.0,0.044308498616976284
positive_delta,2,0.02,4.0,2,212000,1.0,0.09995215705683412,0.0,0.0,0.04417751065405627
positive_delta,2,0.02,4.0,3,212000,1.0,0.09975088674420524,0.0,0.0,0.04385261251855428
positive_delta,2,0.02,4.0,4,212000,1.0,0.09812752618988699,0.0,0.0,0.0439920764253668
positive_delta,2,0.02,4.0,5,212000,1.0,0.0982256867112101,0.0,0.0,0.04375085013098082
positive_delta,2,0.02,4.0,6,212000,1.0,0.09919326899282356,0.0,0.0,0.04330570946473976
positive_delta,2,0.02,4.0,7,212000,1.0,0.09863565124144189,0.0,0.0,0.044013627244675474
positive_delta,2,0.02,4.0,8,212000,1.0,0.10165058153922296,0.0,0.0,0.04414301644193216
positive_delta,2,0.02,4.0,9,212000,1.0,0.09867936979295554,0.0,0.0,0.04334036246459033
positive_delta,2,0.02,4.0,10,212000,1.0,0.09962715499463828,0.0,0.0,0.044471248752055076
positive_delta,2,0.1,1.0,0,212001,0.7305555555555555,0.008107729109956281,0.17037037037037037,0.0,0.0011353230031202384
positive_delta,2,0.1,1.0,1,212001,0.7027777777777777,0.007105501938464077,0.2,0.0,0.0009962135250397186
positive_delta,2,0.1,1.0,2,212001,0.6416666666666667,0.00672770766311969,0.21851851851851853,0.0,0.0009255396340674764
positive_delta,2,0.1,1.0,3,212001,0.6777777777777778,0.006425802194176359,0.17962962962962964,0.0,0.0008899979306899346
positive_delta,2,0.1,1.0,4,212001,0.7055555555555556,0.006940526272374825,0.2,0.0,0.000997276579269645
positive_delta,2,0.1,1.0,5,212001,0.6916666666666667,0.006806895982842531,0.1574074074074074,0.0,0.0009404881340161927
positive_delta,2,0.1,1.0,6,212001,0.6888888888888889,0.006448073909098408,0.15,0.0,0.000868176558821823
positive_delta,2,0.1,1.0,7,212001,0.6833333333333333,0.0065536583353955295,0.19444444444444445,0.0,0.0009027925861472745
positive_delta,2,0.1,1.0,8,212001,0.7333333333333333,0.006483543677307597,0.14074074074074075,0.0,0.0009370184933488718
positive_delta,2,0.1,1.0,9,212001,0.7305555555555555,0.006689763259919162,0.13703703703703704,0.0,0.0009441880144150523
positive_delta,2,0.1,1.0,10,212001,0.6055555555555555,0.006883609667574033,0.1925925925925926,0.0,0.0009273521709411461
positive_delta,2,0.1,2.0,0,212001,0.9055555555555556,0.045500288707415654,0.003703703703703704,0.0,0.013089860559945453
positive_delta,2,0.1,2.0,1,212001,0.9138888888888889,0.04482223871978883,0.003703703703703704,0.0,0.012144479990348385
positive_delta,2,0.1,2.0,2,212001,0.9166666666666666,0.044704281118535014,0.0,0.0,0.011870791607070812
positive_delta,2,0.1,2.0,3,212001,0.9222222222222223,0.04471417965850037,0.001851851851851852,0.0,0.011731928712764184
positive_delta,2,0.1,2.0,4,212001,0.9277777777777778,0.04472985234677885,0.0,0.0,0.012106601584161623
positive_delta,2,0.1,2.0,5,212001,0.9222222222222223,0.044698506970221895,0.0,0.0,0.011923360290037988
positive_delta,2,0.1,2.0,6,212001,0.9222222222222223,0.043944568176194014,0.0,0.0,0.011590516278464393
positive_delta,2,0.1,2.0,7,212001,0.9305555555555556,0.044688608430256536,0.0,0.0,0.011878356483102051
positive_delta,2,0.1,2.0,8,212001,0.9277777777777778,0.044622618163820835,0.001851851851851852,0.0,0.01169804396666855
positive_delta,2,0.1,2.0,9,212001,0.9166666666666666,0.043385300668151446,0.003703703703703704,0.0,0.011708241174019895
positive_delta,2,0.1,2.0,10,212001,0.9222222222222223,0.04487915532458962,0.0,0.0,0.012019067838332675
positive_delta,2,0.1,4.0,0,212001,0.9388888888888889,0.10987461849377217,0.0,0.0,0.05081651489218667
positive_delta,2,0.1,4.0,1,212001,0.9555555555555556,0.11002062195826115,0.0,0.0,0.04955133595039697
positive_delta,2,0.1,4.0,2,212001,0.9555555555555556,0.10988616679039842,0.0,0.0,0.049488767211495546
positive_delta,2,0.1,4.0,3,212001,0.9583333333333334,0.11046110698671946,0.0,0.0,0.04921137560474029
positive_delta,2,0.1,4.0,4,212001,0.9583333333333334,0.10842200775385631,0.0,0.0,0.04922944066765127
positive_delta,2,0.1,4.0,5,212001,0.9611111111111111,0.10870741565619071,0.0,0.0,0.049105333562261835
positive_delta,2,0.1,4.0,6,212001,0.9583333333333334,0.11053369627979873,0.0,0.0,0.04880871185154526
positive_delta,2,0.1,4.0,7,212001,0.9583333333333334,0.1091957436278149,0.0,0.0,0.049307131421376854
positive_delta,2,0.1,4.0,8,212001,0.9666666666666667,0.11171739668398911,0.0,0.0,0.04961946629028109
positive_delta,2,0.1,4.0,9,212001,0.9555555555555556,0.10922213973438918,0.0,0.0,0.048769221829301955
positive_delta,2,0.1,4.0,10,212001,0.9611111111111111,0.1102227171492205,0.0,0.0,0.04962914704979175
positive_delta,3,0.02,1.0,0,213000,0.8222222222222222,0.006588303225274272,0.2111111111111111,0.22777777777777777,0.0008569636726674989
positive_delta,3,0.02,1.0,1,213000,0.8333333333333334,0.005787346366410954,0.19074074074074074,0.2222222222222222,0.0007327933890958362
positive_delta,3,0.02,1.0,2,213000,0.775,0.005398828672770767,0.26851851851851855,0.28055555555555556,0.0006732597307228989
positive_delta,3,0.02,1.0,3,213000,0.8111111111111111,0.004836261651406417,0.22037037037037038,0.24166666666666667,0.0006505058581052348
positive_delta,3,0.02,1.0,4,213000,0.8,0.005595149715416976,0.2351851851851852,0.25555555555555554,0.0007539282126115334
positive_delta,3,0.02,1.0,5,213000,0.8777777777777778,0.005386455497814072,0.16666666666666666,0.175,0.0006945774438361205
positive_delta,3,0.02,1.0,6,213000,0.8944444444444445,0.0051010475954796665,0.11666666666666667,0.15555555555555556,0.0006237288343923387
positive_delta,3,0.02,1.0,7,213000,0.8444444444444444,0.005120844675410377,0.18518518518518517,0.20555555555555555,0.0006463496234444603
positive_delta,3,0.02,1.0,8,213000,0.8444444444444444,0.00495256949599934,0.19444444444444445,0.20277777777777778,0.0006887318783985572
positive_delta,3,0.02,1.0,9,213000,0.875,0.005158789078610905,0.15555555555555556,0.0,0.0006912514274813889
positive_delta,3,0.02,1.0,10,213000,0.7833333333333333,0.005363358904561577,0.26481481481481484,0.2722222222222222,0.0006587733527426236
positive_delta,3,0.02,2.0,0,213000,1.0,0.04076218757733235,0.009259259259259259,0.0,0.011314502989016083
positive_delta,3,0.02,2.0,1,213000,1.0,0.03948527592180153,0.001851851851851852,0.0,0.010314891898952499
positive_delta,3,0.02,2.0,2,213000,1.0,0.03986307019714592,0.009259259259259259,0.0,0.009966970899096044
positive_delta,3,0.02,2.0,3,213000,1.0,0.03936731832054772,0.0,0.0,0.009844515011834915
positive_delta,3,0.02,2.0,4,213000,1.0,0.0401212571145756,0.0,0.0,0.010301416403580595
positive_delta,3,0.02,2.0,5,213000,1.0,0.03953229398663697,0.0,0.0,0.010112157902077493
positive_delta,3,0.02,2.0,6,213000,1.0,0.03884929472902747,0.0,0.0,0.00977842460963767
positive_delta,3,0.02,2.0,7,213000,1.0,0.0394828012868102,0.001851851851851852,0.0,0.010005584420229311
positive_delta,3,0.02,2.0,8,213000,1.0,0.039538068134950095,0.0,0.0,0.009828444339630177
positive_delta,3,0.02,2.0,9,213000,1.0,0.03798399736038934,0.0,0.0,0.009875040047386329
positive_delta,3,0.02,2.0,10,213000,1.0,0.039651901344551675,0.0,0.0,0.010175686471180069
positive_delta,3,0.02,4.0,0,213000,1.0,0.0999323599769034,0.0,0.0,0.04575820214558305
positive_delta,3,0.02,4.0,1,213000,1.0,0.09981027798399736,0.0,0.0,0.04435209499842054
positive_delta,3,0.02,4.0,2,213000,1.0,0.09992246143693805,0.0,0.0,0.04422657088852407
positive_delta,3,0.02,4.0,3,213000,1.0,0.09993071022024251,0.0,0.0,0.04388366695941303
positive_delta,3,0.02,4.0,4,213000,1.0,0.09821991256289697,0.0,0.0,0.04404340163765884
positive_delta,3,0.02,4.0,5,213000,1.0,0.09819599109131404,0.0,0.0,0.04378123470081448
positive_delta,3,0.02,4.0,6,213000,1.0,0.09908520993153509,0.0,0.0,0.04335200524916832
positive_delta,3,0.02,4.0,7,213000,1.0,0.09848634826363112,0.0,0.0,0.0440477301575162
positive_delta,3,0.02,4.0,8,213000,1.0,0.10160768786603976,0.0,0.0,0.04417815310625855
positive_delta,3,0.02,4.0,9,213000,1.0,0.09867607027963375,0.0,0.0,0.043391304802047545
positive_delta,3,0.02,4.0,10,213000,1.0,0.09951909593334983,0.0,0.0,0.04452756879003062
positive_delta,3,0.1,1.0,0,213001,0.6833333333333333,0.008034314938546564,0.16111111111111112,0.0,0.0011130294293308699
positive_delta,3,0.1,1.0,1,213001,0.6805555555555556,0.007095603398498722,0.17407407407407408,0.0,0.0009831289619398093
positive_delta,3,0.1,1.0,2,213001,0.6444444444444445,0.006604800791883197,0.21296296296296297,0.0,0.00089976352882469
positive_delta,3,0.1,1.0,3,213001,0.675,0.006245153839808628,0.1685185185185185,0.0,0.0008648722894052671
positive_delta,3,0.1,1.0,4,213001,0.6527777777777778,0.006837416481069042,0.17962962962962964,0.0,0.0009771141770936942
positive_delta,3,0.1,1.0,5,213001,0.6916666666666667,0.006829992576095026,0.14074074074074075,0.0,0.0009174822741419347
positive_delta,3,0.1,1.0,6,213001,0.6833333333333333,0.006434050977480821,0.11481481481481481,0.0,0.0008656460895366698
positive_delta,3,0.1,1.0,7,213001,0.6916666666666667,0.00661304957518766,0.15925925925925927,0.0,0.0008874728935458941
positive_delta,3,0.1,1.0,8,213001,0.6972222222222222,0.006350738266105749,0.12037037037037036,0.0,0.0009177699672505322
positive_delta,3,0.1,1.0,9,213001,0.6861111111111111,0.0066212983584921226,0.13518518518518519,0.0,0.0009258231777660592
positive_delta,3,0.1,1.0,10,213001,0.6111111111111112,0.006778025241276912,0.17222222222222222,0.0,0.0009050050592402843
positive_delta,3,0.1,2.0,0,213001,0.9,0.04605790645879733,0.0,0.0,0.01308412252611469
positive_delta,3,0.1,2.0,1,213001,0.8916666666666667,0.0452924193681432,0.0,0.0,0.012194910055272096
positive_delta,3,0.1,2.0,2,213001,0.8916666666666667,0.045447496494267096,0.0,0.0,0.011903198175583383
positive_delta,3,0.1,2.0,3,213001,0.9055555555555556,0.04530891693475212,0.003703703703703704,0.0,0.011708452206905624
positive_delta,3,0.1,2.0,4,213001,0.8972222222222223,0.045203332508455006,0.001851851851851852,0.0,0.012098527176875328
positive_delta,3,0.1,2.0,5,213001,0.9,0.04513651736368886,0.003703703703703704,0.0,0.011942495017663519
positive_delta,3,0.1,2.0,6,213001,0.9,0.04433968489647777,0.003703703703703704,0.0,0.011604412836278262
positive_delta,3,0.1,2.0,7,213001,0.9083333333333333,0.04511672028375815,0.003703703703703704,0.0,0.011935884999818965
positive_delta,3,0.1,2.0,8,213001,0.9083333333333333,0.04518601006351563,0.0,0.0,0.011715664447770852
positive_delta,3,0.1,2.0,9,213001,0.9,0.043692980285407905,0.0,0.0,0.011728973694111449
positive_delta,3,0.1,2.0,10,213001,0.8861111111111111,0.04560999752536501,0.0,0.0,0.012058468280423408
positive_delta,3,0.1,4.0,0,213001,0.9388888888888889,0.11118205064752949,0.0,0.0,0.05125516078126315
positive_delta,3,0.1,4.0,1,213001,0.9305555555555556,0.11077043636063681,0.0,0.0,0.04996417089131421
positive_delta,3,0.1,4.0,2,213001,0.9388888888888889,0.1109576837416481,0.0,0.0,0.04994879653059997
positive_delta,3,0.1,4.0,3,213001,0.9388888888888889,0.11152355027633425,0.0,0.0,0.04965206826753335
positive_delta,3,0.1,4.0,4,213001,0.9416666666666667,0.10941103687206137,0.0,0.0,0.049623765369621944
positive_delta,3,0.1,4.0,5,213001,0.9361111111111111,0.10997030438010394,0.0,0.0,0.04944473216264705
positive_delta,3,0.1,4.0,6,213001,0.9305555555555556,0.11153427369463004,0.0,0.0,0.04910125577978416
positive_delta,3,0.1,4.0,7,213001,0.9305555555555556,0.11012043223624515,0.0,0.0,0.04971096019709581
positive_delta,3,0.1,4.0,8,213001,0.9305555555555556,0.1128549039016745,0.0,0.0,0.05001719596925157
positive_delta,3,0.1,4.0,9,213001,0.9333333333333333,0.110452858203415,0.0,0.0,0.049182968080457315
positive_delta,3,0.1,4.0,10,213001,0.9361111111111111,0.11115235502763342,0.0,0.0,0.05013239786512788
