dataset,kk,g,converged,theta,specific,leak_learned,leak_control,noise_FA,dprime,max_participation,participation_gini,kk_synapses_per_kc
hemibrain_right,calyx,0.0,True,0.28702206503640093,0.027287671232876714,0.027726027397260274,0.00043835616438356166,0.046,16.437939105231454,73,0.5536476402225928,0.20380941398066463
hemibrain_right,calyx,0.3,True,0.28822060963438867,0.0273972602739726,0.027835616438356164,0.00043835616438356166,0.046,16.400244453949192,73,0.5536623602066028,0.20380941398066463
hemibrain_right,calyx,-0.3,True,0.2868721180660706,0.02715068493150685,0.02758904109589041,0.00043835616438356166,0.046,16.462250140275767,73,0.5535782673093949,0.20380941398066463
hemibrain_right,total,0.3,True,0.3116160180175016,0.03101369863013699,0.03101369863013699,0.0,0.048,15.720601906033739,73,0.550059549280455,4.087194961784133
hemibrain_right,total,-0.3,True,0.28716141019715935,0.026657534246575344,0.02712328767123288,0.0004657534246575343,0.048,16.626936611351297,73,0.5552770108473153,4.087194961784133
FlyWire_right,calyx,0.0,True,0.2702008795713432,0.016164383561643837,0.016219178082191782,5.479452054794521e-05,0.046,21.288923112365886,73,0.5102146479263561,0.039555566596693445
FlyWire_right,calyx,0.3,True,0.2704977142337165,0.016054794520547946,0.016219178082191782,0.00016438356164383562,0.046,21.290549237040764,73,0.5093574890582849,0.039555566596693445
FlyWire_right,calyx,-0.3,True,0.270253181841141,0.01610958904109589,0.016164383561643837,5.479452054794521e-05,0.046,21.289565279333058,73,0.5101406393388594,0.039555566596693445
FlyWire_right,total,0.3,True,0.27529219933892357,0.016246575342465756,0.016273972602739727,2.7397260273972603e-05,0.046,21.230625390007138,73,0.5074879114397064,1.09347013303191
FlyWire_right,total,-0.3,True,0.26964361137281234,0.01594520547945206,0.01610958904109589,0.00016438356164383562,0.046,21.329728291102914,73,0.5099300938543154,1.09347013303191
FlyWire_left,calyx,0.0,True,0.26451310549816076,0.018767123287671234,0.018794520547945205,2.7397260273972603e-05,0.058,21.604570703048786,71,0.5108238668459113,0.05034569453174105
FlyWire_left,calyx,0.3,True,0.2648538129872252,0.01871232876712329,0.01873972602739726,2.7397260273972603e-05,0.058,21.598635254718225,71,0.5116102851440286,0.05034569453174105
FlyWire_left,calyx,-0.3,True,0.2644921954259243,0.01871232876712329,0.018794520547945205,8.219178082191781e-05,0.058,21.610173018751947,71,0.5104542061210018,0.05034569453174105
FlyWire_left,total,0.3,True,0.26852342882053903,0.018575342465753427,0.01871232876712329,0.000136986301369863,0.058,21.509954550890182,71,0.5099641610680549,1.0643306096794471
FlyWire_left,total,-0.3,True,0.2642354823347902,0.01863013698630137,0.018657534246575343,2.7397260273972603e-05,0.058,21.67325538405188,71,0.5109508171084526,1.0643306096794471
hemibrain_right,calyx,0.1,True,0.28742346916109285,0.02734246575342466,0.02778082191780822,0.00043835616438356166,0.046,16.425558590753255,73,0.5537104969181668,0.20380941398066463
hemibrain_right,calyx,-0.1,True,0.287023631965477,0.02723287671232877,0.027671232876712328,0.00043835616438356166,0.046,16.445642299982445,73,0.5531982004415891,0.20380941398066463
hemibrain_right,calyx,1.0,True,0.2905179716184696,0.02884931506849315,0.029315068493150687,0.0004657534246575343,0.048,16.312562143373743,73,0.5519835750431974,0.20380941398066463
hemibrain_right,calyx,-1.0,True,0.2871368888071315,0.026986301369863012,0.027424657534246572,0.00043835616438356166,0.046,16.507913781455922,73,0.5530074835051138,0.20380941398066463
BANC_right,total,0.0,True,0.31017949831624336,0.034246575342465745,0.034876712328767115,0.0006301369863013699,0.052,18.322833984366707,73,0.5117485236745621,0.7666055286257042
BANC_right,total,0.3,True,0.3177223370001515,0.03347945205479452,0.03367123287671232,0.0001917808219178082,0.048,18.205093056427934,73,0.5085213586559844,0.7666055286257042
BANC_right,total,-0.3,True,0.3095789154315095,0.03358904109589041,0.03430136986301369,0.0007123287671232877,0.052,18.44419516523893,73,0.5112267801172925,0.7666055286257042
BANC_left,total,0.0,True,0.3793570151296405,0.03701369863013699,0.03712328767123288,0.00010958904109589041,0.054,18.185594479081296,72,0.49773399223745074,0.5770943952802359
BANC_left,total,0.3,True,0.3846229850209346,0.03756164383561643,0.03756164383561643,0.0,0.054,18.16501178890265,72,0.49582470330855,0.5770943952802359
BANC_left,total,-0.3,True,0.3782075855676751,0.036575342465753426,0.036684931506849316,0.00010958904109589041,0.054,18.17921866336818,72,0.49818710353412904,0.5770943952802359
