pair,input_overlap,noise,seed,actual_overlap,active_fraction,mean_activity,centroid_cosine,between_within_ratio,accuracy,silent_trial_fraction
0,0.25,0.1,20000,0.25,0.5925724637681159,0.23403746327972205,0.313362878575825,60.53670135488901,1.0,0.0
0,0.25,0.4,20001,0.25,0.6006340579710145,0.3291577545014726,0.5012230320817502,2.851875687939777,1.0,0.0
0,0.6,0.1,20100,0.6071428571428571,0.6002717391304347,0.23495814326013242,0.6344319650550863,31.484199565792355,1.0,0.0
0,0.6,0.4,20101,0.6071428571428571,0.5941123188405797,0.327047367595494,0.7137231382399017,1.723043466387474,1.0,0.0
0,0.9,0.1,20200,0.8928571428571429,0.6038043478260869,0.23454259556013862,0.8980826749304481,8.774480923894235,1.0,0.0
0,0.9,0.4,20201,0.8928571428571429,0.6064311594202898,0.33538807326659137,0.9053230854148485,0.5683362870046548,1.0,0.0
1,0.25,0.1,21000,0.25,0.6027173913043479,0.23420694301447578,0.31328386952128845,58.01361338642386,1.0,0.0
1,0.25,0.4,21001,0.25,0.6058876811594203,0.3314974256471806,0.5288298755240523,2.8002605464612222,1.0,0.0
1,0.6,0.1,21100,0.6071428571428571,0.6100543478260869,0.23563454959543034,0.6412478929987305,30.93937379522714,1.0,0.0
1,0.6,0.4,21101,0.6071428571428571,0.6044384057971014,0.3308391631022786,0.7472365971422074,1.5276829869813757,1.0,0.0
1,0.9,0.1,21200,0.8928571428571429,0.6005434782608695,0.23549383890383396,0.8979196101998093,8.886886228540071,1.0,0.0
1,0.9,0.4,21201,0.8928571428571429,0.5982789855072463,0.3324759420581504,0.9196223169786942,0.4899768647591663,1.0,0.0
2,0.25,0.1,22000,0.25,0.6002717391304347,0.23426978994946046,0.30977550842127216,58.81276113301903,1.0,0.0
2,0.25,0.4,22001,0.25,0.5963768115942029,0.32793984725257297,0.4998933673174012,3.036228336508534,1.0,0.0
2,0.6,0.1,22100,0.6071428571428571,0.5995471014492754,0.23354346491140549,0.6343087808005259,32.42219530435222,1.0,0.0
2,0.6,0.4,22101,0.6071428571428571,0.603713768115942,0.3314309543545032,0.7415410860893975,1.5320176319700745,1.0,0.0
2,0.9,0.1,22200,0.8928571428571429,0.5987318840579711,0.23450938015529593,0.9019030377543593,8.375187851421977,1.0,0.0
2,0.9,0.4,22201,0.8928571428571429,0.5987318840579711,0.3285931324208247,0.914718897092278,0.5109138296363049,1.0,0.0
3,0.25,0.1,23000,0.25,0.6016304347826087,0.23522470215808505,0.31555034402512827,58.796579539418865,1.0,0.0
3,0.25,0.4,23001,0.25,0.5964673913043478,0.32775683431434177,0.5045137803628579,2.903569104960389,1.0,0.0
3,0.6,0.1,23100,0.6071428571428571,0.6023550724637681,0.23525371296203768,0.633742574407812,31.968667717247833,1.0,0.0
3,0.6,0.4,23101,0.6071428571428571,0.6002717391304347,0.3299007835244371,0.722796619244928,1.7263499666470066,1.0,0.0
3,0.9,0.1,23200,0.8928571428571429,0.6067934782608696,0.23539190824492828,0.9035691448463858,8.331087596120502,1.0,0.0
3,0.9,0.4,23201,0.8928571428571429,0.5995471014492754,0.33224929185580754,0.9114411070870706,0.5107036408057024,1.0,0.0
4,0.25,0.1,24000,0.25,0.5997282608695652,0.23564932467747268,0.3137508820558361,60.99603972904464,1.0,0.0
4,0.25,0.4,24001,0.25,0.6009057971014493,0.32952066053027906,0.5022503004559578,3.074944269623523,1.0,0.0
4,0.6,0.1,24100,0.6071428571428571,0.6053442028985507,0.23528473041662765,0.6371138577444236,31.447191905996878,1.0,0.0
4,0.6,0.4,24101,0.6071428571428571,0.5929347826086957,0.33076384573774187,0.7286642700931748,1.623837108830058,1.0,0.0
4,0.9,0.1,24200,0.8928571428571429,0.6018115942028985,0.23416403172797381,0.9008396663148055,8.375785014021432,1.0,0.0
4,0.9,0.4,24201,0.8928571428571429,0.5952898550724638,0.3255756698585586,0.9276704302817326,0.42843490693050473,1.0,0.0
5,0.25,0.1,25000,0.25,0.6028985507246377,0.23531004663620123,0.3128188007815005,59.78858371023235,1.0,0.0
5,0.25,0.4,25001,0.25,0.6028079710144928,0.32733568186740025,0.5235096324451146,2.7091486600835326,1.0,0.0
5,0.6,0.1,25100,0.6071428571428571,0.597554347826087,0.23580291449920804,0.6389139149069942,30.44836818661453,1.0,0.0
5,0.6,0.4,25101,0.6071428571428571,0.5957427536231884,0.33012049380290914,0.7490705497864272,1.498721383410977,1.0,0.0
5,0.9,0.1,25200,0.8928571428571429,0.6021739130434782,0.23445756335248288,0.8978497317484604,8.782389795151321,1.0,0.0
5,0.9,0.4,25201,0.8928571428571429,0.6002717391304347,0.3304356769827862,0.9170559581121598,0.47290324572319076,1.0,0.0
6,0.25,0.1,26000,0.25,0.612590579710145,0.23560178473439036,0.3119923980491088,59.343631038214724,1.0,0.0
6,0.25,0.4,26001,0.25,0.5921195652173913,0.32854750731053306,0.5056262467192993,2.9747871235551613,1.0,0.0
6,0.6,0.1,26100,0.6071428571428571,0.6055253623188406,0.23471342207289952,0.6358051310999301,31.94917613995346,1.0,0.0
6,0.6,0.4,26101,0.6071428571428571,0.6057065217391304,0.33149629229274685,0.7525204243024909,1.4701608840269746,1.0,0.0
6,0.9,0.1,26200,0.8928571428571429,0.6040760869565217,0.23511141982758077,0.9028237420322218,8.420753810713363,1.0,0.0
6,0.9,0.4,26201,0.8928571428571429,0.5990942028985508,0.3296325046152185,0.9235474588670234,0.476373549465104,1.0,0.0
7,0.25,0.1,27000,0.25,0.5983695652173913,0.23363862812458047,0.31395182190111015,60.89617358813307,1.0,0.0
7,0.25,0.4,27001,0.25,0.6007246376811595,0.3272830088897927,0.49580597200291054,2.9741066731033503,1.0,0.0
7,0.6,0.1,27100,0.6071428571428571,0.6067934782608696,0.2344288161373024,0.6336868215368049,32.32971435771226,1.0,0.0
7,0.6,0.4,27101,0.6071428571428571,0.5966485507246376,0.33326335811808216,0.7263276709346972,1.6503335769407772,1.0,0.0
7,0.9,0.1,27200,0.8928571428571429,0.606159420289855,0.23498579199582792,0.9017994110147587,8.060985253796558,1.0,0.0
7,0.9,0.4,27201,0.8928571428571429,0.6021739130434782,0.33231945104302896,0.9149124967271038,0.5218974286843419,1.0,0.0
