,CB1321,CB3206,CB4218,CB4219,D,DA1,DA2,DA3,DA4l,DA4m,DC1,DC2,DC3,DC4,DL1,DL2d,DL2v,DL3,DL4,DL5,DM1,DM2,DM3,DM4,DM5,DM6,DP1l,DP1m,M,V,VA1d,VA1v,VA2,VA3,VA4,VA5,VA6,VA7l,VA7m,VC1,VC2,VC3,VC4,VC5,VL1,VL2a,VL2p,VM1,VM2,VM3,VM4,VM5d,VM5v,VM6,VM7d,VM7v,VP1d,VP1d+VP4,VP1l+VP3,VP1m,VP1m+VP5,VP2,VP2+,VP3+VP1l,VP5+Z
CB1321,0.0,8.709027146941008,11.12995956865968,6.373852837962287,-0.7851051540814775,0.017598676713819855,-0.7789445258944014,-0.4336506938326129,-0.7778174593052021,-0.32497345063787964,-1.2702213729947782,-0.8270937532397319,-0.8358937376313689,-0.517817878760774,-1.059849816064135,-0.7530033919148115,0.4813262622716626,-0.5806718906940611,-0.37724757257611075,0.678659160605157,-1.1501135961599098,-1.2018994580061393,-0.8757120020885811,-1.1352009947244823,-0.85036445345271,-0.9418309584717933,-0.9332955879265461,-1.4091671236773766,0.18371306223441686,-0.7515065933080909,-0.8615557957184372,-0.7443687419041624,-1.1062033451263742,-0.9662161244981756,-0.9449432654818896,0.4707677404358751,-0.9427430884258593,-0.7150176717353024,0.33591332465032914,-0.6678043568525179,-0.8029106757127141,-1.1305464659703033,-0.7169614978008052,-0.770290728332245,-0.46652619012911295,-0.8578598948046997,0.09979230742244605,-0.6218679402112541,-0.7613669779963126,-0.8925363238978788,-0.7160802997476456,-1.1607520032257084,-0.8197763853474346,-0.7111321036701221,-0.8530985301346139,-0.6453421002916966,-0.5307230442294254,0.0691550838009221,11.129959568659691,-0.7731696971138745,7.0523556102719605,7.130144608911816,-0.1572113705167765,1.1980942653038196,-0.3527646617426355
CB3206,8.709027146941008,0.0,22.327135956051595,5.783534893304302,-0.6142426291027631,0.49816047024022264,-0.6541343735510871,-0.3286702430800916,-0.6101409296954838,-0.26668699109538935,-1.032817720741346,-0.6506026036875525,-0.6336452958061195,-0.38293890091614186,-0.8058691174386918,-0.6002902926814118,-0.6845353001330486,-0.5302890745962983,-0.3263374432860074,-0.5786967479343088,-0.9623890647670459,-1.0588251574647467,-0.7324073489033451,-0.9309941781812205,-0.6769084007548306,-0.83367154791135,0.7510087941760751,-1.1533940629631285,1.890119470926891,-0.6427726692710856,-0.7156955276203754,-0.6188926958803767,-0.9008604279950805,-0.8234648936006488,-0.7898145462979613,-0.710383323213319,-0.7580465704491136,-0.5764459893849881,-0.7718881672155702,-0.5028054024244705,-0.6784468309227214,-0.991406761965979,-0.6081013701201067,-0.6051861834003602,-0.4106113527771155,-0.6930865497341435,0.4643361644429046,-0.5489918071420133,-0.614159622648224,-0.7396668285663237,1.1626621898741576,-0.8855452488165287,-0.6916283135696859,-0.6066130957099356,-0.687991739519776,-0.5753827938660704,-0.41654990062932734,-0.7921582585994942,9.069233705225589,-0.6163658107139192,6.477746200077104,8.335718083048771,9.47729823410562,1.6012387016031073,-0.32571228956737575
CB4218,11.12995956865968,22.327135956051595,0.0,22.3496768757763,-0.40244362417014967,1.6218435661217248,-0.4511887226896125,-0.22930099731231293,2.2508664148821556,-0.19315034025832972,-0.6646841952577234,-0.4391001176684775,-0.4019951683873955,-0.24588333346422767,-0.5080098684372732,-0.412613459545004,-0.4346809456945608,-0.34441998006689883,-0.20402205763103082,2.2590789690794844,-0.6097254107445806,-0.6351501954849532,-0.46307550919688717,-0.6296126830342919,-0.4713581810826214,-0.5527438377087477,-0.45870107593762355,-0.7255567981108063,3.6922140200907396,-0.4142643796923694,-0.40097913901736404,-0.4047408134231343,-0.5520195117690567,-0.4987362073642863,-0.47649286935425944,-0.4416542243836879,-0.42772795091673343,-0.374776033795603,-0.45279687964099125,-0.3550263196212081,-0.4286902172375667,-0.6125731402755336,-0.36817009278139856,-0.41519067788396163,3.6432542818357545,-0.44165422438368807,1.547627414127747,2.632893661403392,-0.3976285842168663,-0.4675888316558133,-0.3918918088462466,-0.5737786563330817,-0.43101310422675493,-0.3593972333121358,-0.45426024979910073,-0.36387764099110664,-0.23707068000048473,-0.5372079390915492,28.270214362478896,-0.4221874425753393,8.156158992736524,3.121448808389038,-0.07085266757513502,6.452634478781774,-0.20135079736722264
CB4219,6.373852837962287,5.783534893304302,22.3496768757763,0.0,-0.9482853329825879,-0.2809361684121545,-0.8886070687311648,-0.48579335903289206,0.3284448482890981,-0.3977069035712028,-1.4969157162919502,-1.008615109814592,-0.9417701612981144,-0.5878421400430006,-1.2762581944275428,-0.8489681568660783,-0.962852677101318,-0.6712268960399146,-0.47977647366984105,0.3356167401304483,-1.4075449362376218,-1.5016927532547346,-1.1182613023766887,-1.334900783925352,-0.9936376550200208,-1.1525257822220922,-1.0831338903927274,-1.5669856335750063,1.8020680793680248,-0.946809174119882,-0.9419918037359347,-0.9306498867865833,-1.298797356605694,-1.1294014394155505,-1.1275879324711362,-1.0089332312797028,-0.9887835161604172,-0.8826721313827812,-1.0616649401910434,-0.7219694319501564,-0.9740346654637443,-1.4203556681629115,-0.916456628843146,-0.9048462762790365,1.3034651050414903,-0.9298260900896351,-0.23990980342778623,0.6772627443634649,-0.9209036279999662,-1.0433246311448863,-0.8124083359324912,-1.290830033430223,-0.9634418636774615,-0.8376802668240618,-0.9187590106497495,-0.7745877489356431,1.3561573628643413,-0.2468763899833029,16.89505122847345,0.2731542609407899,2.9291865887515143,0.8855906385295066,-0.16004806970215246,3.8789802411704684,2.0535187645413684
D,-0.7851051540814775,-0.6142426291027631,-0.40244362417014967,-0.9482853329825879,0.0,-0.5911698383497835,-0.1636670658705359,-0.1533988391776999,1.4915124086605265,3.104689956963418,-2.5046147235336433,4.947091326608956,1.8439091658647304,1.5111117440500141,-0.4075959948465393,-0.06805677615941845,-2.144152313548772,1.8347352724017807,3.5774880491116603,3.6951461421776224,-3.975748487335826,-3.013760109914693,-0.029026952275289213,-2.724069806656745,-0.8321706234852424,0.3214789395403187,-1.725305668415341,-0.8845506800432241,0.6440201616159381,-1.5053856882595797,0.05307631676198249,1.2024935103963057,-2.3900616494207165,2.33200417963504,-2.103053573080116,-0.5547118508820194,2.088231200840933,0.7719679096705977,-0.3802316974671977,0.43090361181639725,-0.4687501924233463,0.7658280459503557,-1.0463506783799759,-0.6026173554852313,1.7770237294730955,2.461571457198455,0.8682623023822333,-0.5493435973344456,-2.121207236632498,-1.793587613017886,-0.5553227122142138,0.8800196709037817,0.49020129178331884,-1.8212302972450536,0.3335740687231587,0.48173398641266274,1.19585884972326,0.3453481866890687,-0.5898761245503179,-0.5129238275030327,0.29095247767281956,-2.2055973745990523,-0.7086282628366768,-0.3855341957870892,-0.1681400087101606
DA1,0.017598676713819855,0.49816047024022264,1.6218435661217248,-0.2809361684121545,-0.5911698383497835,0.0,-0.836506663607384,-0.8132861108481291,-0.63209805136539,-0.8228314139459556,0.5390799842588677,-0.3089320455925296,4.0178073427510155,2.7287769139121814,1.278329362456908,0.03250379838712436,0.8359450045388881,0.9782997929300209,0.4706154799081056,-0.6065317556339305,-2.966734182002375,-2.3497096749514053,-2.4205334412569246,-2.0963671760767886,0.442488185101661,0.542187964452048,-2.0223455112729845,-1.4194980236034414,-2.210013934866861,-1.6698581652277062,3.467830618531525,0.5963284585168505,0.13410745738616514,1.8481352573594254,-0.6561275426423352,-0.2557374577523868,2.3405374277435387,-0.41610027729248883,-1.4431494844218908,-0.020803255925473045,-0.6261879676847296,-1.2549817808673889,-2.375678330119589,1.2280990866448287,0.6647988334957966,1.06064345431519,1.508758324987668,-1.6794667294676238,-1.5820095047471088,-2.6325377770650427,0.079518488088184,-0.4590210118427565,0.7218186456085556,-2.579375488711473,-1.4720423700855452,-1.3054963958556218,0.026410171490593704,3.6250089780228976,0.6675406564802829,-0.12765338033038157,-1.021753508337361,-2.0510033100579275,-0.9039401898142284,-1.1586886956479492,1.9002932189663315
DA2,-0.7789445258944014,-0.6541343735510871,-0.4511887226896125,-0.8886070687311648,-0.1636670658705359,-0.836506663607384,0.0,1.2850765876897323,2.5513963681793568,0.15233381972744098,1.160137968672352,0.6043477622146419,1.8153650691592775,-0.1550730663821818,0.6958937313433835,2.5430558099681693,-1.7619519252916078,0.45080627164314147,0.5188773429025189,1.9932239866123926,-3.589419599926822,-4.262487485997904,-1.2399319097109618,-3.0723693103736918,-0.317099233252384,-1.84112442876768,0.8531041946469007,-0.8097828214905178,0.24100090483591996,-2.5805160843298434,0.044160681932058916,1.7431441443955673,-2.606246337433519,-1.4741431773148395,-4.115311613163761,2.894833396780515,1.2878072566733827,2.4390575010947178,2.0728476366185116,2.1799297130889355,0.6067403049835326,-1.2548162661121147,-0.04189208852651355,-0.7249248405794614,1.6589406236198279,-1.0747611233058671,0.25302371729547224,3.9785475375410506,-1.6340040992073757,-3.129012404418713,3.81620441014038,-0.26346414361371356,0.5651405990055751,1.8768830290900675,-1.6379682655280983,-0.4971511275120139,-0.1703275119235045,-2.228994814324773,-0.5447844353149887,1.0189073189667734,1.4127528391947621,-0.22677136004727133,-0.6416713422104025,2.9761748958074152,2.6533001071308524
DA3,-0.4336506938326129,-0.3286702430800916,-0.22930099731231293,-0.48579335903289206,-0.1533988391776999,-0.8132861108481291,1.2850765876897323,0.0,-1.4320584436694546,-0.964174499303644,-1.9129537742673517,0.18920620363126336,-0.7352271954601864,-0.5912696265162168,0.7369562994025465,1.5074730435314574,-0.8278031568780267,-0.11028084562240607,-0.9578929093332406,1.0732576613573706,-1.4166081701654027,0.35922823927843245,-0.5153744601749136,-0.686923030616607,-0.4123489006344223,0.13361178785428143,1.2593126627928153,-0.44782962861147274,-2.3693540617541156,-1.0168260901081363,1.4310497320899387,-0.029112629330916035,-0.6174198037219409,0.7427505746213281,0.04654077177889219,1.2402491671392406,-0.6027244763386085,1.2791817178038074,0.17579875955878008,-0.574604247395163,-1.2870795725113664,-0.23379184318912655,-1.4995066058211428,0.7411023819360686,-1.2200814608383648,-0.9024573708117712,-0.09511037232973901,0.6132859299575855,-0.039116311942202636,0.9077214948777754,-0.8149867417048923,1.2291136759096442,0.20153141386465073,0.7200782898142104,-0.7555519395732091,0.4354390458448514,-1.3771735219344925,-0.20508865464569828,-0.33685629036185155,1.2471951774436452,-1.4030650149646118,-0.7797206575535893,-0.3385543224648981,-1.7375588306777998,0.08439054365209436
DA4l,-0.7778174593052021,-0.6101409296954838,2.2508664148821556,0.3284448482890981,1.4915124086605265,-0.63209805136539,2.5513963681793568,-1.4320584436694546,0.0,2.483319329184862,1.8099012185344672,1.8072675820588107,3.8007685561389657,-0.36247403018885205,-0.472621635218845,2.6020863460622654,-0.9153582328947244,-0.0992910401840247,3.3328721063994298,3.24159350770054,-3.253694704731737,-2.7134251630433806,-2.114536827332068,-2.970755744285564,-1.138760187797627,-0.20217725236591855,-1.9332628261367955,-2.1135680792013427,0.44200526655387906,-1.477532813641334,0.20985254359908587,1.3625983161076822,-2.0287678031863368,1.0489624222305693,-2.3682150186335034,0.2837044573389743,2.5696391607021893,-0.7375169980873576,3.569563829541236,0.5562020158410897,-0.915513144435383,-0.30568271628291965,0.5733774480883495,2.9782859495500964,3.1110078852448173,0.9911401245116628,-0.1269108286586913,1.1275625117846566,-1.5993791376121604,-2.9104910955661665,1.7891454295097449,2.831232612498928,0.5457999823284451,0.802737992162607,-0.4437516943843882,0.5399630501563903,-0.28509476974181236,-1.2338015751962697,1.2692058021686392,1.0515382357981815,1.1280247243109212,-0.35961581981101254,-0.6845353001330491,3.0465910217551344,2.3744590885829093
DA4m,-0.32497345063787964,-0.26668699109538935,-0.19315034025832972,-0.3977069035712028,3.104689956963418,-0.8228314139459556,0.15233381972744098,-0.964174499303644,2.483319329184862,0.0,1.3709669731348681,0.09021486124020775,-2.0737705010161265,1.4093357445945114,-0.7648331939424557,-0.7307839520269079,-0.9421109289762725,2.5171267556504495,0.22464115693833017,1.6900400548808265,-2.2433544692153227,-0.875256955729937,-1.6266655763319353,-1.5226897867070583,-2.048817019472407,-0.17489495276762435,-0.8897649296203631,-1.6023414658573927,2.130316258739739,-1.2352410983169166,1.4932270250230204,2.645751418992774,-0.5302801147559942,0.42212834596978116,-0.846197022154312,0.17996629401729491,0.7137373453769259,-1.1673129914035025,1.660113258289246,-0.28895803603305037,0.13728146700686683,-1.2817037922462324,-0.5983351057450229,-0.6112008092065131,5.596068428757368,-1.0596982456087187,2.071987762726169,0.3929961943787944,-0.17971221630975112,-1.5805761114960595,0.8407766270265765,-1.539357586384394,0.6694140127482563,1.6332783613641455,0.17716098326701668,-1.7205847269953118,2.284751576978234,0.9391680380101288,3.588429618049661,-0.6008609691585959,4.590123465058531,1.9338156706047434,-0.3103484597187066,3.3947831523637317,0.3484649300670464
DC1,-1.2702213729947782,-1.032817720741346,-0.6646841952577234,-1.4969157162919502,-2.5046147235336433,0.5390799842588677,1.160137968672352,-1.9129537742673517,1.8099012185344672,1.3709669731348681,0.0,1.9660163277894038,-0.3514813199289594,0.15378222943048786,0.5604203991367392,-0.7432104723091336,0.6368428471376157,-0.31773920238477804,-1.175457122850583,1.4483142981610524,-1.6786400302847002,-1.0096007611872406,-1.8476906036133047,-1.017443351417355,-0.10213878108498019,-1.6792295519052045,-1.742951753195724,1.5212159384464214,-4.909025409831821,-1.3803269136556156,-1.6363689938927461,0.04986221290202075,-1.5617509405736913,-0.560894450275096,0.6635394314438489,0.9979332590661238,2.032343631104108,-0.9278594992178019,-0.8108590982201449,1.091118179137648,1.6822763067520816,-1.3044218588912901,-1.8470956786791044,1.097288862836119,0.009822726376731974,-1.2535432877415054,0.5327824429637487,-0.9976587639181512,-1.7284885848267213,-1.2211572878970933,1.7597076928323248,1.0687928311864852,1.9780151245417363,-0.33592637777057094,-1.021375049873563,1.459955805573023,-0.614659639325951,1.9274119231785405,-0.9654379969691154,0.7515524612139499,-1.4128066660151322,0.27626137049567256,-1.1527411744955607,-2.6876851607962777,0.6081923231277366
DC2,-0.8270937532397319,-0.6506026036875525,-0.4391001176684775,-1.008615109814592,4.947091326608956,-0.3089320455925296,0.6043477622146419,0.18920620363126336,1.8072675820588107,0.09021486124020775,1.9660163277894038,0.0,-2.432991447428923,1.590673236033006,1.297542041921359,-1.270054442667269,-1.276731007549566,3.308412102106285,1.1568845415854003,2.972465520978337,-3.7490317989772017,-3.6967399115138795,-1.1593302417633655,-2.6479094371822844,-2.1558990527750437,-0.8421458757926567,-2.598318900663738,0.143403679977114,-1.1718261753466588,0.0990882088127923,-1.5473584451285325,3.2206225547231444,-3.5166715145088387,1.903861330203969,-1.465793930510656,3.463285941401002,2.306184188977104,1.1949713270747744,1.6123815668806314,-0.518290144813223,0.46713273818432904,-0.4654232712720219,-1.643425496238387,0.9335451960050036,0.04262851844469338,-1.1993694175203546,3.6897586585811712,-0.6626044104996851,-1.4604072628006906,-0.03630506681831318,1.4289707910763352,0.8257964036256829,1.3182471368436914,-0.7194456987347261,1.5904916812402754,-0.43787224561158405,0.03590220643215745,0.9695086539986613,-0.5895347429195391,2.279897110680966,-2.180664852191373,-0.49427373012986975,-0.7499861766423999,-1.7225841129022366,0.7114584890162402
DC3,-0.8358937376313689,-0.6336452958061195,-0.4019951683873955,-0.9417701612981144,1.8439091658647304,4.0178073427510155,1.8153650691592775,-0.7352271954601864,3.8007685561389657,-2.0737705010161265,-0.3514813199289594,-2.432991447428923,0.0,0.12284265821840987,0.716034671208303,0.38816721337756654,-0.74186626175089,0.49105048506130844,4.455354832047863,2.2354826666933882,-2.981898806704143,-2.5027637530820463,-0.590634646215071,-3.7971621939935636,-0.6861621016622189,-1.159295827694564,-0.5142652137570937,-0.7806299679804419,-1.1335159055931707,-1.48052839515394,1.703836194357695,1.3000355413683926,-1.4176266155337407,0.5955071239243352,-1.9495676305132317,0.12054401083547878,3.3172048343775975,2.489908112774908,0.5249902354400261,-0.41302197216851727,0.3722864366112728,-0.13735656313274563,0.11577976605571608,1.2940472548828952,0.9890404486151056,0.9891602345503254,0.32664362071368547,0.40894582144295716,-0.36955613584427505,-1.6883976454638125,2.431105294640543,-0.06929021085480852,0.16400801602332873,-0.7207531955007892,-1.8951625116661586,0.1565368248453433,0.8899473299027534,0.7349804196847795,-0.6159973759105388,0.7319133714383574,-0.2780415980812706,0.5955344661448955,-0.7412122750065279,0.2723050018821136,0.6959553829625609
DC4,-0.517817878760774,-0.38293890091614186,-0.24588333346422767,-0.5878421400430006,1.5111117440500141,2.7287769139121814,-0.1550730663821818,-0.5912696265162168,-0.36247403018885205,1.4093357445945114,0.15378222943048786,1.590673236033006,0.12284265821840987,0.0,1.3859128047171851,-0.2894403360504268,0.1109330343323808,-0.7544064837080485,1.2185313808459484,3.8743883277041045,-2.6769347335281015,-2.452318382795966,-1.9574899255104912,-1.1812849632808797,0.13583224284992743,-0.034934158352283945,-0.39754145946587527,-1.8818225170413119,-1.0396237041682315,-0.8346048851446733,-0.15402750192334294,0.5273979215180753,-0.21017741692489772,1.4804115009125296,0.8780409639517921,1.535896685847467,0.6944508776300852,0.8282940211609578,1.6585791391853983,1.083356653529391,-1.694197158648104,0.8747406159126028,0.3476971879806381,2.219905635874751,-0.841984829238846,-1.1393756042662384,-0.8112891876180649,-0.8653218700430726,-1.8814286762972976,-1.4984859720962374,0.3144521557120479,1.869014310966957,2.5100714528749117,0.647135673847864,0.9471985410252111,2.2073424864970628,-0.42272273543832944,0.9443882298658618,-0.370303961005086,2.7501849726697074,-0.6053949354935784,-1.7799034507466078,-0.4575169543989754,0.9115367148064819,-0.3601068930081999
DL1,-1.059849816064135,-0.8058691174386918,-0.5080098684372732,-1.2762581944275428,-0.4075959948465393,1.278329362456908,0.6958937313433835,0.7369562994025465,-0.472621635218845,-0.7648331939424557,0.5604203991367392,1.297542041921359,0.716034671208303,1.3859128047171851,0.0,0.19383343681169615,-1.9764036625734205,0.15527469492816534,0.4778687826964534,0.3558571658381275,-3.110404610240503,-2.149669896386578,-1.7638542072796628,-3.4165781599786276,-2.522674567041448,-0.8525129077353902,-1.5209173975774077,-0.6450547709516143,-2.8423937258143206,0.6958415666797301,-0.0041370717383757815,2.4706900264404994,-2.4719454064692177,-0.1664054773557862,-1.2922684739584631,2.3327090951386698,-0.6129927049039666,0.7299456647379705,-0.6072653490713636,-0.7558148443691948,0.4542793680636737,0.589240916266951,-0.8168369590456721,2.359905769209148,-0.6666303999856504,1.4209803395560985,1.8325650625027712,-0.634874362342484,-2.1151357970353613,-2.0545290456753746,0.08842455101831552,-0.3623373909919621,2.0868859176712165,-1.0121763222110896,-0.8804372283114854,-0.6254124250989803,0.5000939479277255,-0.35446806676310105,-0.8078448118632108,-0.020678629227790252,-1.9261831694241787,-0.9140613912015269,0.3297152630497091,-2.317364989780279,-1.7498174556096824
DL2d,-0.7530033919148115,-0.6002902926814118,-0.412613459545004,-0.8489681568660783,-0.06805677615941845,0.03250379838712436,2.5430558099681693,1.5074730435314574,2.6020863460622654,-0.7307839520269079,-0.7432104723091336,-1.270054442667269,0.38816721337756654,-0.2894403360504268,0.19383343681169615,0.0,4.712820581173004,-1.819756148319864,-0.18470683167580706,0.041746611939788174,-1.2820221951054014,-0.4025073041150567,-0.27730374473447084,-1.0264792214999863,-0.3730457132741088,0.35279694058533273,-1.054275828051652,-0.42040693258681094,-0.07660415519467804,0.7924093382296191,-0.5334103201288432,-1.862039646180512,-1.576042127334562,-0.5045104876205123,0.06582561770910873,1.5182538717617846,-0.451357619106718,2.270467848882831,1.959540544879863,1.0296775932149873,2.444523612765269,-0.27925829271730884,-0.5745139791734408,1.2590126651677693,1.4010084197207038,-0.1293470435372756,1.5156223565560822,2.1822589309146663,0.460700501736891,-0.0855401243343339,-1.0221897385894407,1.7674792136538726,1.0682108389077012,1.751276128620205,-1.0175938822542987,0.06456749626261372,0.865244366775246,0.1601512135460902,-0.5725090765107402,-0.06631536351957647,-1.1730125891654397,-0.8798131209022864,-0.7172152810875193,-1.2984901098289734,1.0290168354640292
DL2v,0.4813262622716626,-0.6845353001330486,-0.4346809456945608,-0.962852677101318,-2.144152313548772,0.8359450045388881,-1.7619519252916078,-0.8278031568780267,-0.9153582328947244,-0.9421109289762725,0.6368428471376157,-1.276731007549566,-0.74186626175089,0.1109330343323808,-1.9764036625734205,4.712820581173004,0.0,-0.6550500410150106,0.12712564211721328,-1.3012258826201017,2.3177979190839606,-0.4223366584690433,1.1962826438070253,3.1404881734004593,1.7338368446536916,0.9199303450097872,0.5061900206158693,0.8591477103299433,-2.668359518404787,1.2420035323566623,-1.1185821869288957,-2.13431960170475,1.4418060927128584,-1.8876976932829839,2.8049144790018223,0.21757346264639404,-1.1092821507996826,-0.9755884383346436,-1.5480045705515848,0.39109324210018637,0.284040686218554,-0.3167332310320833,0.7631582284442521,1.255634714501414,-1.203914459545522,-0.08718000957154172,-2.135978807524596,0.018894453490719103,1.4153225998445418,0.72298708023923,0.8204986425908359,0.21103088321742836,-1.4723604730208633,-1.027713541011741,-1.6400432945142085,0.09140050819736698,-2.486660658269923,-0.6288654090751694,-0.6491067324056671,-0.6151220411198927,-1.889437167627473,-0.8259050118173157,-0.7543165586262743,-2.3068480331290777,-0.43191780532427443
DL3,-0.5806718906940611,-0.5302890745962983,-0.34441998006689883,-0.6712268960399146,1.8347352724017807,0.9782997929300209,0.45080627164314147,-0.11028084562240607,-0.0992910401840247,2.5171267556504495,-0.31773920238477804,3.308412102106285,0.49105048506130844,-0.7544064837080485,0.15527469492816534,-1.819756148319864,-0.6550500410150106,0.0,0.10832791990157707,0.230722397095811,0.792861887422502,-0.06955436267887344,-1.6874038555452306,-0.9419171477031381,-0.431747015272755,2.5822111072216805,-0.5203852034484188,0.49143506253338665,-0.22139977889308887,-1.7458160147459596,0.9035952729193591,0.8260476533925848,-0.3870268824835241,0.5252374049130406,-0.7958334896470527,-0.6687555663125433,-0.8324726459684741,-0.3896679816530209,-0.26971145525320195,-1.621272555916994,-1.017747880832664,0.3536749226554281,-0.030034095031181502,0.683868335483525,0.686802390003465,0.13106511368336374,-1.2795854536973665,-1.1527994698407562,-1.087829699048379,-1.6844754583943415,1.4697070860901782,1.1261881242043112,1.347797688395774,1.0722184464782287,0.19896557835641898,-0.4780947768525438,-0.7636246565800836,-1.6954354574503732,-0.4564492406674283,1.9293609160316343,-1.482963806957843,-1.0477609700196653,-0.46652619012911295,-0.023927734589362894,0.18731541690583367
DL4,-0.37724757257611075,-0.3263374432860074,-0.20402205763103082,-0.47977647366984105,3.5774880491116603,0.4706154799081056,0.5188773429025189,-0.9578929093332406,3.3328721063994298,0.22464115693833017,-1.175457122850583,1.1568845415854003,4.455354832047863,1.2185313808459484,0.4778687826964534,-0.18470683167580706,0.12712564211721328,0.10832791990157707,0.0,2.8062563649553893,-3.039377453976636,-0.24427384997315338,-1.221487171456506,-0.6729819769508789,-1.112178981982025,-0.21262558394699765,-1.9832868925780476,0.1228536643228541,-0.8433920212846506,-1.4574097954031024,0.9779143101611912,1.407770004391938,-2.3264461475115032,1.792227436813502,-1.8759128949788977,1.1391364047337915,0.8004010332955285,2.343096907434599,2.0741530656145137,-0.304312378838413,1.7233623655538328,-0.5226624593990373,-0.07866208306537002,1.1442760412712785,-0.25968230114758967,3.587582288859078,0.7266445874834447,-0.30641938569619165,-0.7301904890596599,-2.218695868219307,0.06312552279673678,0.5941328470873545,0.5916214964236127,1.0773205701355377,0.6946203239105665,3.604974836703764,-0.38403084039229707,3.048668667184198,-0.29750005101688576,-0.687883918116848,-0.46630369125385884,0.17846862106774486,3.0861767759930534,0.6128691913678075,1.4085367157906472
DL5,0.678659160605157,-0.5786967479343088,2.2590789690794844,0.3356167401304483,3.6951461421776224,-0.6065317556339305,1.9932239866123926,1.0732576613573706,3.24159350770054,1.6900400548808265,1.4483142981610524,2.972465520978337,2.2354826666933882,3.8743883277041045,0.3558571658381275,0.041746611939788174,-1.3012258826201017,0.230722397095811,2.8062563649553893,0.0,-3.564993211449858,-3.082684275418404,-0.7989916901765599,-1.5352785996148814,-1.2986027710318628,0.1551316842429088,-0.7490145282975608,-0.3392425955861856,-0.15904557546141243,-2.0983230529217405,1.4429216681826627,0.6942965046613703,-3.1132049395684587,-0.4874039770618253,-2.994286931613405,0.5677214421719659,-0.24480216787965192,1.1733701252560689,1.8799709443301225,1.1518279503433362,0.9970306301496717,-0.7077371985264046,-2.3867297879469267,1.153111322077771,2.471617261579962,-0.39652283489422874,0.6813515668103307,0.7598803913670182,-2.4268137835127868,-2.806296662134491,2.1710601133886995,0.14513038336450776,1.5007695661240363,0.5965003981445975,0.2229699391139555,-1.0843126732801653,-0.7691736049166575,1.048397533512886,1.3128282758881995,0.9436906690157125,2.237452173756763,-1.2381304248458922,-0.70336649939401,1.6168209760180834,2.9342809103970433
DM1,-1.1501135961599098,-0.9623890647670459,-0.6097254107445806,-1.4075449362376218,-3.975748487335826,-2.966734182002375,-3.589419599926822,-1.4166081701654027,-3.253694704731737,-2.2433544692153227,-1.6786400302847002,-3.7490317989772017,-2.981898806704143,-2.6769347335281015,-3.110404610240503,-1.2820221951054014,2.3177979190839606,0.792861887422502,-3.039377453976636,-3.564993211449858,0.0,6.984315691173356,4.46071747450627,9.636776868548845,3.95786819469993,1.890699571896187,0.41385322970218247,3.161828422578079,-4.199607872967835,0.25513588333792386,-2.5886848292332245,-3.2054951396410063,5.771102005046912,-1.7055314012815708,6.04209932464208,-2.676378923118119,-4.214347000951441,-3.0888044799070147,-2.667163731034282,-1.7291279101299526,-1.1718704657535786,0.24662796810378013,2.961399409022528,-2.6679605379613123,-2.5055468863795274,-1.8627317469716351,-2.6548176434471644,-3.567740452836875,2.093880576930765,6.057701169589263,-2.301943372088099,-1.0240130737782989,-2.9363805712208957,-1.7456303091572527,1.0519219057857174,-0.5254942040643426,-1.609760761675981,-3.007076317989662,-0.937958875375995,-1.345603860959865,-2.368840785163216,-1.2362403886206432,0.05197106266810048,-4.78417267429165,-2.1687094508943385
DM2,-1.2018994580061393,-1.0588251574647467,-0.6351501954849532,-1.5016927532547346,-3.013760109914693,-2.3497096749514053,-4.262487485997904,0.35922823927843245,-2.7134251630433806,-0.875256955729937,-1.0096007611872406,-3.6967399115138795,-2.5027637530820463,-2.452318382795966,-2.149669896386578,-0.4025073041150567,-0.4223366584690433,-0.06955436267887344,-0.24427384997315338,-3.082684275418404,6.984315691173356,0.0,4.7803491794916795,7.14063371420377,1.4169446415735178,2.1812366278136475,0.5169308429442496,2.965335350354544,-4.460592455590564,3.607950133491225,-3.1656029797910934,-1.9771475655814401,1.7160845244854093,-1.4888440746985443,5.011952206527942,-2.4385770225012706,-2.8685304586925624,-3.0358268326359026,-0.7998247096060253,-3.11576339069654,0.3277611849701718,0.4046905991572312,0.815053526843531,-0.36698738803634634,-2.747952252300589,-0.9177757126724929,-2.7082348735481294,-3.026136150274799,1.6202790564579144,2.757642615251325,-2.1566393130954253,-2.54810797764521,-2.6841808071084814,-1.2649352303369936,-0.12662252997486811,-0.7991074870875468,-2.883103579398554,-3.006549386200203,-0.9249824607079821,-0.34604327341856983,-2.6637784500293114,-2.549481018148701,-1.0549601932434693,-3.9227436232572326,-2.588376284370955
DM3,-0.8757120020885811,-0.7324073489033451,-0.46307550919688717,-1.1182613023766887,-0.029026952275289213,-2.4205334412569246,-1.2399319097109618,-0.5153744601749136,-2.114536827332068,-1.6266655763319353,-1.8476906036133047,-1.1593302417633655,-0.590634646215071,-1.9574899255104912,-1.7638542072796628,-0.27730374473447084,1.1962826438070253,-1.6874038555452306,-1.221487171456506,-0.7989916901765599,4.46071747450627,4.7803491794916795,0.0,4.011734971523392,1.6356746455298896,0.08439232264832912,0.2729798523454138,0.882429315348383,-2.743149311423187,-0.15861561719346218,-0.7831243574217027,-1.2657487556800058,4.3732714643706245,0.4485750623950957,-0.25719702431395136,0.20150536711732797,-3.0773638472111218,-2.4661388397138677,0.5825907195730824,-0.20659129351007582,-1.5405291201792972,0.8333433201426339,-0.39327404178275205,-0.4737514884244872,-1.884342487400474,-1.5610264550666606,-2.767547753849374,-2.423390267408332,2.436449358131304,1.2257128212716355,-0.5696179414072096,-0.355285214919189,-1.2696882327541525,-1.565097733098085,-1.399799652152981,0.6395615625523401,-2.6174915948051045,-1.7604380202297776,-0.6716498185093839,0.27542872553768105,-2.8923490921074757,-0.8183423260904039,-0.7922647453997403,-2.720220986582435,0.40416861713777624
DM4,-1.1352009947244823,-0.9309941781812205,-0.6296126830342919,-1.334900783925352,-2.724069806656745,-2.0963671760767886,-3.0723693103736918,-0.686923030616607,-2.970755744285564,-1.5226897867070583,-1.017443351417355,-2.6479094371822844,-3.7971621939935636,-1.1812849632808797,-3.4165781599786276,-1.0264792214999863,3.1404881734004593,-0.9419171477031381,-0.6729819769508789,-1.5352785996148814,9.636776868548845,7.14063371420377,4.011734971523392,0.0,2.9289710411773,1.7411706240894458,0.2654370230928606,2.2809421293941012,-3.1331377377607796,3.162123443441388,-1.3919351759975847,-1.8350763473826417,3.3186182177386403,-3.010035268179401,3.3660959935683095,-2.4288564315305163,-3.88152629508232,-0.7772620251037101,-0.9744547258274165,-0.9878507009133851,-0.2364575241916001,0.2524601173151056,1.7131739364148615,-2.1670402428605358,-2.8009910992406435,-3.107797886815782,-2.932629905418138,-3.7236569172018306,2.3469430592219624,5.441374153000085,-2.7298165848692504,-2.546029056732952,-3.043559058189562,-0.9299933785291293,0.07844409339225783,-0.9699058115210881,-1.466150041027063,-2.0156720793837857,-0.8206467742865609,-2.2385532347731356,-2.5856759024732474,-2.6788714915287857,-0.9869993749278012,-3.9316797740313576,-1.4695606945579118
DM5,-0.85036445345271,-0.6769084007548306,-0.4713581810826214,-0.9936376550200208,-0.8321706234852424,0.442488185101661,-0.317099233252384,-0.4123489006344223,-1.138760187797627,-2.048817019472407,-0.10213878108498019,-2.1558990527750437,-0.6861621016622189,0.13583224284992743,-2.522674567041448,-0.3730457132741088,1.7338368446536916,-0.431747015272755,-1.112178981982025,-1.2986027710318628,3.95786819469993,1.4169446415735178,1.6356746455298896,2.9289710411773,0.0,1.2102841340133574,0.44593486994996184,1.2754661864960213,-1.7154153459386334,0.12512355853753368,-1.0392586981165899,-1.8627038093106492,2.8326419165871086,0.40440539123054386,2.208801569850277,-0.6411595044751148,1.1839078595558121,-2.1313078473173266,-0.9839010559139172,-1.3736662647992195,0.6171895726693161,-0.2347460371769027,0.26628647931127036,-0.20774333426801547,-1.4129113023651991,-0.5346850722363443,-1.1417433758054245,0.6878464313432296,2.098695726923642,1.4647168680552334,-0.7438914993051037,-0.7902708439263332,-1.1956123539228403,0.0978538552508141,0.4455442620424333,-0.4434137698776084,-0.48440913578103306,-2.3410519852224034,-0.6497651701397646,-1.9952485940347313,-1.8511288774058732,-1.0689929582997175,-0.7479370616283675,-0.3692447976270555,-1.023150884880338
DM6,-0.9418309584717933,-0.83367154791135,-0.5527438377087477,-1.1525257822220922,0.3214789395403187,0.542187964452048,-1.84112442876768,0.13361178785428143,-0.20217725236591855,-0.17489495276762435,-1.6792295519052045,-0.8421458757926567,-1.159295827694564,-0.034934158352283945,-0.8525129077353902,0.35279694058533273,0.9199303450097872,2.5822111072216805,-0.21262558394699765,0.1551316842429088,1.890699571896187,2.1812366278136475,0.08439232264832912,1.7411706240894458,1.2102841340133574,0.0,1.3656430374805015,0.8341074909158464,-3.882566829281184,-2.8969700201871604,0.6680594741040145,1.1504088648511108,1.302895930714806,-0.30237789179086505,-0.25243485854204306,-1.0696721040953716,-0.46839291615169837,-0.2734070741766616,1.2159707082580196,-0.476598655311495,0.030125590550921386,1.7225193123441753,1.3892473582706009,1.3618189317718727,-1.2364888439113533,-0.4849997817573118,-3.264365289312736,-1.1572264755190667,1.0943434315180138,0.6119331021273352,-1.2474963544057664,3.3435445139217093,1.5261466842590337,-3.7684544278939707,1.4856712752372776,1.1232786382170141,-3.0903814552883673,-1.3383949401055901,-0.7130020080944129,-0.42715900315309263,-3.2533853447383647,-2.8781904271459813,-0.9118584385281657,-2.5546808663390834,-1.1590021447554812
DP1l,-0.9332955879265461,0.7510087941760751,-0.45870107593762355,-1.0831338903927274,-1.725305668415341,-2.0223455112729845,0.8531041946469007,1.2593126627928153,-1.9332628261367955,-0.8897649296203631,-1.742951753195724,-2.598318900663738,-0.5142652137570937,-0.39754145946587527,-1.5209173975774077,-1.054275828051652,0.5061900206158693,-0.5203852034484188,-1.9832868925780476,-0.7490145282975608,0.41385322970218247,0.5169308429442496,0.2729798523454138,0.2654370230928606,0.44593486994996184,1.3656430374805015,0.0,-0.0004574851092065228,-1.0360047604126352,-0.5440325886246558,-1.4975456017481636,-2.0313587621443423,1.4028266025432372,-0.2904204570160821,2.3687052872062053,0.264543049214034,-1.937987193558566,0.6479558705417579,0.9136292096374238,-0.49569077524677607,-1.9013759335463203,-1.2934417898320587,-0.4965690245558016,-1.0546580992718493,0.9183410309047025,-1.3587239828186377,-0.7648087928231591,-0.06521078588358306,0.9310619517628552,2.2285789726790086,0.19852124136839233,-0.26895988532517345,-1.9736790153403525,0.10803510590143965,0.047306039907144146,-1.0234920431507621,-2.15880916455499,-2.520507421626736,-0.6854877178664144,0.5518738352595135,0.5096180618735544,0.7049036539503958,0.5095481418426393,0.9355652320468678,-0.8387767119004268
DP1m,-1.4091671236773766,-1.1533940629631285,-0.7255567981108063,-1.5669856335750063,-0.8845506800432241,-1.4194980236034414,-0.8097828214905178,-0.44782962861147274,-2.1135680792013427,-1.6023414658573927,1.5212159384464214,0.143403679977114,-0.7806299679804419,-1.8818225170413119,-0.6450547709516143,-0.42040693258681094,0.8591477103299433,0.49143506253338665,0.1228536643228541,-0.3392425955861856,3.161828422578079,2.965335350354544,0.882429315348383,2.2809421293941012,1.2754661864960213,0.8341074909158464,-0.0004574851092065228,0.0,-4.607882179033664,-2.348780019650703,-1.5623648794475837,-2.6215211767526987,1.205512715493482,-1.2647132735345457,2.8440309822934737,-1.4309576155470298,-1.2762217831666205,-1.6063063110030353,0.7890025870830281,-1.7025092475661259,-0.625432543255811,0.7148443426873473,0.3507224759178537,0.28714600975575244,-2.808515922817622,-1.0571394023976295,-0.31584049579003093,0.8031261888592417,2.274637780166316,1.7247007026481738,-0.817588794118181,0.353166732496195,-1.8531372241496293,-1.6473194253396817,-1.6237520598124122,-1.1640829424597943,-1.9612035781266406,-0.9533976070186913,0.17767873601002449,-0.11732921624755119,-4.243407199306292,-1.6590252888386205,-1.1949111573649662,-4.106219654964199,-0.8868105267809447
M,0.18371306223441686,1.890119470926891,3.6922140200907396,1.8020680793680248,0.6440201616159381,-2.210013934866861,0.24100090483591996,-2.3693540617541156,0.44200526655387906,2.130316258739739,-4.909025409831821,-1.1718261753466588,-1.1335159055931707,-1.0396237041682315,-2.8423937258143206,-0.07660415519467804,-2.668359518404787,-0.22139977889308887,-0.8433920212846506,-0.15904557546141243,-4.199607872967835,-4.460592455590564,-2.743149311423187,-3.1331377377607796,-1.7154153459386334,-3.882566829281184,-1.0360047604126352,-4.607882179033664,0.0,-2.8993414332326237,-1.5352875932055012,-1.3655404123941652,-3.6532101830533588,-1.7894900393869988,-3.7999807601408224,-1.9582010756599642,-2.5888723464943237,-1.5748620049744204,-1.5079774063273879,-0.37456173252205216,-3.4000233947190828,-2.713489973478835,-0.28484424142437775,-2.0789135807836314,5.354032513040883,-0.8100306633217937,-1.3291267418932802,0.1760257994759863,-2.575113697478444,-3.3728827094877585,0.26301837403270395,-2.26633584070711,-3.697325387237398,-0.537122118969321,-1.236495412354943,-2.156128581330453,4.860411724245814,-2.8195560389185412,2.3908891170405706,-0.9335220767966471,4.730174846026859,-0.281520315842752,3.285820577181161,7.713069092454759,0.9084721030730563
V,-0.7515065933080909,-0.6427726692710856,-0.4142643796923694,-0.946809174119882,-1.5053856882595797,-1.6698581652277062,-2.5805160843298434,-1.0168260901081363,-1.477532813641334,-1.2352410983169166,-1.3803269136556156,0.0990882088127923,-1.48052839515394,-0.8346048851446733,0.6958415666797301,0.7924093382296191,1.2420035323566623,-1.7458160147459596,-1.4574097954031024,-2.0983230529217405,0.25513588333792386,3.607950133491225,-0.15861561719346218,3.162123443441388,0.12512355853753368,-2.8969700201871604,-0.5440325886246558,-2.348780019650703,-2.8993414332326237,0.0,-2.800641043768827,-2.293383969005483,1.110978397764373,-0.5268539455531852,1.395067383776687,-0.7044903086108929,-1.6924750734657166,-0.9982691362348411,-1.1116781721302817,-0.960514646201856,-0.64990342127819,-3.712278570822789,-1.3711799414401638,-0.4548191846259123,-0.011219363880101507,0.37516724861001705,-0.8093754741788958,-1.3213766404648866,-0.20233812190737213,-0.9049892784387669,-2.4997379427125686,-4.125422516252046,-2.6778219359106865,-0.5814415191897885,0.775535818110711,-1.9139502977839278,0.540906638515525,0.2325870601696433,-0.5865543146194067,-0.586493739902464,-1.8895194709532521,1.5457673537969785,-0.636522007361665,0.06427142722493312,0.5296809588401753
VA1d,-0.8615557957184372,-0.7156955276203754,-0.40097913901736404,-0.9419918037359347,0.05307631676198249,3.467830618531525,0.044160681932058916,1.4310497320899387,0.20985254359908587,1.4932270250230204,-1.6363689938927461,-1.5473584451285325,1.703836194357695,-0.15402750192334294,-0.0041370717383757815,-0.5334103201288432,-1.1185821869288957,0.9035952729193591,0.9779143101611912,1.4429216681826627,-2.5886848292332245,-3.1656029797910934,-0.7831243574217027,-1.3919351759975847,-1.0392586981165899,0.6680594741040145,-1.4975456017481636,-1.5623648794475837,-1.5352875932055012,-2.800641043768827,0.0,1.3443634520081857,-0.6296392613887838,0.9629140857091822,-3.396952097203337,-2.5503671424728758,1.9694296723581166,0.5782511514827259,0.9459834250507712,-1.0512744122915623,0.9337947978991947,1.4462638319391588,-0.9617081512303548,0.08580060946217154,0.7892018194322935,1.8099205833576895,-0.0689316992232111,0.846586915924558,-0.6943869345934094,-2.702416163459691,2.380829108951495,-1.355607969676342,1.6442408603206558,-0.3592805172909499,0.2136055247076133,-0.7563334589899245,0.6112446409763805,0.44156702916995993,1.085820411424019,-0.3758802948482766,0.14237644302733515,-1.0727585742571222,-0.757791500161245,1.1615965911198947,-0.019997943033268083
VA1v,-0.7443687419041624,-0.6188926958803767,-0.4047408134231343,-0.9306498867865833,1.2024935103963057,0.5963284585168505,1.7431441443955673,-0.029112629330916035,1.3625983161076822,2.645751418992774,0.04986221290202075,3.2206225547231444,1.3000355413683926,0.5273979215180753,2.4706900264404994,-1.862039646180512,-2.13431960170475,0.8260476533925848,1.407770004391938,0.6942965046613703,-3.2054951396410063,-1.9771475655814401,-1.2657487556800058,-1.8350763473826417,-1.8627038093106492,1.1504088648511108,-2.0313587621443423,-2.6215211767526987,-1.3655404123941652,-2.293383969005483,1.3443634520081857,0.0,-1.5719707120938577,1.7031500512806659,-2.8087528747750405,0.6576297533731121,2.4924332639858657,1.3415064730257324,1.239300553907889,1.3371257172880089,-1.024315980486599,1.62675414110773,-0.7994021529527,0.4796004452128036,1.8789701777873515,0.7600359419370629,1.2244689241038094,-0.9265452632008542,-1.969396764837361,-2.2381368038027993,-0.4041539476774813,0.42117731967190375,3.7429335056376716,-1.263523818157805,1.1751311192486336,0.8061680421708491,-0.42332566976609565,2.689097483511547,1.3904163454309906,-0.7236549016824988,-1.5527515184723286,-1.7726160462535856,-0.6763143858834912,-1.2572890383203577,-0.7486702478953574
VA2,-1.1062033451263742,-0.9008604279950805,-0.5520195117690567,-1.298797356605694,-2.3900616494207165,0.13410745738616514,-2.606246337433519,-0.6174198037219409,-2.0287678031863368,-0.5302801147559942,-1.5617509405736913,-3.5166715145088387,-1.4176266155337407,-0.21017741692489772,-2.4719454064692177,-1.576042127334562,1.4418060927128584,-0.3870268824835241,-2.3264461475115032,-3.1132049395684587,5.771102005046912,1.7160845244854093,4.3732714643706245,3.3186182177386403,2.8326419165871086,1.302895930714806,1.4028266025432372,1.205512715493482,-3.6532101830533588,1.110978397764373,-0.6296392613887838,-1.5719707120938577,0.0,-0.2995190762010223,3.078237409958042,-1.9839795429742788,-1.6251826969119556,-1.6608788974019297,-0.5271943741890451,-1.0933311734416997,0.6207398987041868,-1.2882807731432195,1.314971985553011,-0.5611340616958647,-2.3246811478039526,0.3114132885503006,-1.9187923749401639,-1.2668481561043905,1.5638721178336756,2.0759437408028902,-0.25459642946785355,-0.25606106372803716,1.005042906326804,-1.544620865746201,-1.5434525254901756,-0.9943464622472048,-2.0403396699233607,-2.986529879705729,-0.819968617197069,-2.3792181733810516,-3.6249025157167964,-1.9461215956419557,-0.9637684920168,-3.4130439233174985,-1.8111884385834283
VA3,-0.9662161244981756,-0.8234648936006488,-0.4987362073642863,-1.1294014394155505,2.33200417963504,1.8481352573594254,-1.4741431773148395,0.7427505746213281,1.0489624222305693,0.42212834596978116,-0.560894450275096,1.903861330203969,0.5955071239243352,1.4804115009125296,-0.1664054773557862,-0.5045104876205123,-1.8876976932829839,0.5252374049130406,1.792227436813502,-0.4874039770618253,-1.7055314012815708,-1.4888440746985443,0.4485750623950957,-3.010035268179401,0.40440539123054386,-0.30237789179086505,-0.2904204570160821,-1.2647132735345457,-1.7894900393869988,-0.5268539455531852,0.9629140857091822,1.7031500512806659,-0.2995190762010223,0.0,-0.6882076805342063,-1.2478897942839393,0.06509748343935323,2.607632147022271,3.0500003184945443,1.8101960662190157,0.4559112895864242,1.0807521033219383,0.5180382823840348,1.613309742757716,-1.0821243712208934,2.3696546873473143,0.9089731264960885,-0.9516077191941613,0.26506357156041455,-0.9499086760332238,0.6408781348626714,1.488484033191771,1.1050240825988578,0.41511215701427195,-3.472649808077483,2.4746589826334193,-1.1553175610987656,-1.3898966374494146,0.7847425913380752,-0.6899783336381357,-2.165072948956146,-1.843112887796199,-0.8677695442288991,-1.1750514216415853,0.39283840222447425
VA4,-0.9449432654818896,-0.7898145462979613,-0.47649286935425944,-1.1275879324711362,-2.103053573080116,-0.6561275426423352,-4.115311613163761,0.04654077177889219,-2.3682150186335034,-0.846197022154312,0.6635394314438489,-1.465793930510656,-1.9495676305132317,0.8780409639517921,-1.2922684739584631,0.06582561770910873,2.8049144790018223,-0.7958334896470527,-1.8759128949788977,-2.994286931613405,6.04209932464208,5.011952206527942,-0.25719702431395136,3.3660959935683095,2.208801569850277,-0.25243485854204306,2.3687052872062053,2.8440309822934737,-3.7999807601408224,1.395067383776687,-3.396952097203337,-2.8087528747750405,3.078237409958042,-0.6882076805342063,0.0,-1.7870091185789043,-2.171296742957831,-1.086992948487083,-0.29549589784583996,-1.8605267667664296,-1.5545490123015486,-2.010841277428431,0.7624368278409649,-0.8146279270377311,-2.699755945638791,-1.6796845830367781,-1.374960601637234,-3.00463510571231,2.539083829737524,1.0789564474140503,-1.4593637784105378,-1.0467824253510558,-2.3584632886441064,-0.6420769274196368,-1.7787246440899755,-2.022992551551876,-1.7178356547740548,-1.0432579899381826,-0.673124773254835,-2.1076120996774335,-2.011551452113088,-3.3246420364999967,0.48222984873575003,-3.5222351163680505,-2.3816026378446575
VA5,0.4707677404358751,-0.710383323213319,-0.4416542243836879,-1.0089332312797028,-0.5547118508820194,-0.2557374577523868,2.894833396780515,1.2402491671392406,0.2837044573389743,0.17996629401729491,0.9979332590661238,3.463285941401002,0.12054401083547878,1.535896685847467,2.3327090951386698,1.5182538717617846,0.21757346264639404,-0.6687555663125433,1.1391364047337915,0.5677214421719659,-2.676378923118119,-2.4385770225012706,0.20150536711732797,-2.4288564315305163,-0.6411595044751148,-1.0696721040953716,0.264543049214034,-1.4309576155470298,-1.9582010756599642,-0.7044903086108929,-2.5503671424728758,0.6576297533731121,-1.9839795429742788,-1.2478897942839393,-1.7870091185789043,0.0,-1.3781871332524571,-0.2467903247670283,4.786787897449947,2.6436493032003816,-1.5068384951016245,-2.9085954296999432,-1.4752995987892135,1.7213366246152944,-0.8184268980280678,-0.472017830235963,0.8635002104596233,2.781272411159894,-0.41578370440063706,-3.0848228327215548,1.8607785617948334,-0.40273352044991734,0.06521690931267712,1.740683591943899,0.4578216282297817,0.9363640257182665,-1.5369087401054622,1.2478291312794683,-0.6134633130503073,-0.000812754018440638,-1.7623907064379496,-0.4417518435002053,-0.7087745486226507,-2.7508124788146775,0.21845784322380063
VA6,-0.9427430884258593,-0.7580465704491136,-0.42772795091673343,-0.9887835161604172,2.088231200840933,2.3405374277435387,1.2878072566733827,-0.6027244763386085,2.5696391607021893,0.7137373453769259,2.032343631104108,2.306184188977104,3.3172048343775975,0.6944508776300852,-0.6129927049039666,-0.451357619106718,-1.1092821507996826,-0.8324726459684741,0.8004010332955285,-0.24480216787965192,-4.214347000951441,-2.8685304586925624,-3.0773638472111218,-3.88152629508232,1.1839078595558121,-0.46839291615169837,-1.937987193558566,-1.2762217831666205,-2.5888723464943237,-1.6924750734657166,1.9694296723581166,2.4924332639858657,-1.6251826969119556,0.06509748343935323,-2.171296742957831,-1.3781871332524571,0.0,0.6416421651294038,-1.324854820822487,-0.00028087588758330507,1.0958179293645496,1.3843521281284141,-1.7331578148961277,2.9441387698717643,1.2001750150634665,-0.03007950935699986,0.6458552083598134,-0.9295965758677197,-0.6836635938775532,-2.4336649962657724,3.3304488616997263,1.1152704298927467,0.852756093370392,-0.9914039518149179,-1.8818968409019103,-0.24055826220168233,1.0619609943984412,1.3719965464205532,-0.662321021997683,1.258130687475142,0.2408100455707137,-0.25665242100227126,-0.8089628226842853,-1.2713444883841247,0.7674625009402815
VA7l,-0.7150176717353024,-0.5764459893849881,-0.374776033795603,-0.8826721313827812,0.7719679096705977,-0.41610027729248883,2.4390575010947178,1.2791817178038074,-0.7375169980873576,-1.1673129914035025,-0.9278594992178019,1.1949713270747744,2.489908112774908,0.8282940211609578,0.7299456647379705,2.270467848882831,-0.9755884383346436,-0.3896679816530209,2.343096907434599,1.1733701252560689,-3.0888044799070147,-3.0358268326359026,-2.4661388397138677,-0.7772620251037101,-2.1313078473173266,-0.2734070741766616,0.6479558705417579,-1.6063063110030353,-1.5748620049744204,-0.9982691362348411,0.5782511514827259,1.3415064730257324,-1.6608788974019297,2.607632147022271,-1.086992948487083,-0.2467903247670283,0.6416421651294038,0.0,1.910402186158241,0.41572435249643586,0.7888261147110993,-0.3577173071941797,1.64859853537636,-0.04397705393684686,0.1752032831193094,1.9689077268670097,1.0531039290919841,1.0072884808824043,-1.3332591454758667,-1.7144889587779204,2.4304561546012766,2.564894808269902,0.9697863002004267,0.6616636999539197,-0.561102902369379,1.5230146437389158,0.7493488355270035,-1.0112070745480806,-0.5479002843637314,0.5582215034766801,-1.8239477777478836,0.9508084565726673,-0.6317343167373223,0.03934414468187151,1.182457440633842
VA7m,0.33591332465032914,-0.7718881672155702,-0.45279687964099125,-1.0616649401910434,-0.3802316974671977,-1.4431494844218908,2.0728476366185116,0.17579875955878008,3.569563829541236,1.660113258289246,-0.8108590982201449,1.6123815668806314,0.5249902354400261,1.6585791391853983,-0.6072653490713636,1.959540544879863,-1.5480045705515848,-0.26971145525320195,2.0741530656145137,1.8799709443301225,-2.667163731034282,-0.7998247096060253,0.5825907195730824,-0.9744547258274165,-0.9839010559139172,1.2159707082580196,0.9136292096374238,0.7890025870830281,-1.5079774063273879,-1.1116781721302817,0.9459834250507712,1.239300553907889,-0.5271943741890451,3.0500003184945443,-0.29549589784583996,4.786787897449947,-1.324854820822487,1.910402186158241,0.0,2.972647695445163,2.8685838084496855,-1.846920889513873,2.7520740477460452,-0.1492183529003443,0.663080706583559,-0.2717969588032013,-0.05845584266932076,2.1175244926898578,1.4860074630267368,-0.3359254292592651,1.8072541561271271,0.615989835557435,0.12260257468377195,1.9317747617489016,0.483334024034051,-0.30027034128048374,-0.5045273324925588,-0.2857495282310688,-0.7244077145951618,2.3191122636486137,-0.862479505611435,-0.036284697781216575,-0.8207868666880911,0.12822213717260864,1.2634126278639417
VC1,-0.6678043568525179,-0.5028054024244705,-0.3550263196212081,-0.7219694319501564,0.43090361181639725,-0.020803255925473045,2.1799297130889355,-0.574604247395163,0.5562020158410897,-0.28895803603305037,1.091118179137648,-0.518290144813223,-0.41302197216851727,1.083356653529391,-0.7558148443691948,1.0296775932149873,0.39109324210018637,-1.621272555916994,-0.304312378838413,1.1518279503433362,-1.7291279101299526,-3.11576339069654,-0.20659129351007582,-0.9878507009133851,-1.3736662647992195,-0.476598655311495,-0.49569077524677607,-1.7025092475661259,-0.37456173252205216,-0.960514646201856,-1.0512744122915623,1.3371257172880089,-1.0933311734416997,1.8101960662190157,-1.8605267667664296,2.6436493032003816,-0.00028087588758330507,0.41572435249643586,2.972647695445163,0.0,-0.7025445344942841,-0.9270980718027638,-0.378287267955128,1.0135021826119366,0.7138415527060985,-1.8423134784098754,0.1209825107564127,2.593427582304924,0.675992636957355,1.1626129493662165,2.576196813021224,-0.7177139178368835,0.22868132150580112,2.209683022397903,-0.6208167338266143,-0.5346659862721483,0.3973247314580055,0.056224506278154215,-0.4694568082874387,-0.17261594527838783,-0.9160535194740812,-0.12540499216098958,-0.5813860912506442,-0.7925174074870921,1.0456055473870565
VC2,-0.8029106757127141,-0.6784468309227214,-0.4286902172375667,-0.9740346654637443,-0.4687501924233463,-0.6261879676847296,0.6067403049835326,-1.2870795725113664,-0.915513144435383,0.13728146700686683,1.6822763067520816,0.46713273818432904,0.3722864366112728,-1.694197158648104,0.4542793680636737,2.444523612765269,0.284040686218554,-1.017747880832664,1.7233623655538328,0.9970306301496717,-1.1718704657535786,0.3277611849701718,-1.5405291201792972,-0.2364575241916001,0.6171895726693161,0.030125590550921386,-1.9013759335463203,-0.625432543255811,-3.4000233947190828,-0.64990342127819,0.9337947978991947,-1.024315980486599,0.6207398987041868,0.4559112895864242,-1.5545490123015486,-1.5068384951016245,1.0958179293645496,0.7888261147110993,2.8685838084496855,-0.7025445344942841,0.0,-0.128795820294614,1.7276491418228872,0.7366560820394655,0.15567841860157453,-0.6322315994734314,0.09132725432416736,1.6759688371885768,-3.1249905214450915,-0.21708875286899007,1.7932194479313923,-0.9308701455189322,-0.3135953796662155,0.18909646078599734,-1.677128743980326,-0.07370494097006104,0.14056350083421912,-1.3118009048691532,-0.6284921220279495,0.5138987247831246,-1.7486959832505375,-1.239710523629384,-0.7324073489033455,-2.578276218777812,-0.9505069151523451
VC3,-1.1305464659703033,-0.991406761965979,-0.6125731402755336,-1.4203556681629115,0.7658280459503557,-1.2549817808673889,-1.2548162661121147,-0.23379184318912655,-0.30568271628291965,-1.2817037922462324,-1.3044218588912901,-0.4654232712720219,-0.13735656313274563,0.8747406159126028,0.589240916266951,-0.27925829271730884,-0.3167332310320833,0.3536749226554281,-0.5226624593990373,-0.7077371985264046,0.24662796810378013,0.4046905991572312,0.8333433201426339,0.2524601173151056,-0.2347460371769027,1.7225193123441753,-1.2934417898320587,0.7148443426873473,-2.713489973478835,-3.712278570822789,1.4462638319391588,1.62675414110773,-1.2882807731432195,1.0807521033219383,-2.010841277428431,-2.9085954296999432,1.3843521281284141,-0.3577173071941797,-1.846920889513873,-0.9270980718027638,-0.128795820294614,0.0,1.0506614558604879,1.1226231486186404,-2.3231895240685154,-0.07214187207949943,-3.0771596910409516,-0.25512167525662693,1.4428772382126738,-0.7726869165823111,0.601395333402701,1.7540181828413424,3.9607897883704797,-1.8234008584381898,3.553495143992139,-0.31719282426656775,-3.1550483694530422,-1.5332561625204584,0.4370509710779287,-0.1613408712474934,-3.6657416217050076,-1.649307872035628,0.037017814459364966,-2.9925263360972654,-2.004965317670681
VC4,-0.7169614978008052,-0.6081013701201067,-0.36817009278139856,-0.916456628843146,-1.0463506783799759,-2.375678330119589,-0.04189208852651355,-1.4995066058211428,0.5733774480883495,-0.5983351057450229,-1.8470956786791044,-1.643425496238387,0.11577976605571608,0.3476971879806381,-0.8168369590456721,-0.5745139791734408,0.7631582284442521,-0.030034095031181502,-0.07866208306537002,-2.3867297879469267,2.961399409022528,0.815053526843531,-0.39327404178275205,1.7131739364148615,0.26628647931127036,1.3892473582706009,-0.4965690245558016,0.3507224759178537,-0.28484424142437775,-1.3711799414401638,-0.9617081512303548,-0.7994021529527,1.314971985553011,0.5180382823840348,0.7624368278409649,-1.4752995987892135,-1.7331578148961277,1.64859853537636,2.7520740477460452,-0.378287267955128,1.7276491418228872,1.0506614558604879,0.0,0.14867045667967557,-0.3262891287245474,1.0477524818566246,-0.15582376175533333,-0.39163176183501003,0.8591179407967838,-0.002079589874541038,1.4390488693918067,-0.5851158190098971,0.6902440998210777,-1.5964770767633083,2.1434569071334804,1.0664405288822199,-1.1616922973884278,-2.2560871772141993,-0.5547952906465529,-0.33845135812170496,-1.0123936680689103,-2.764228735096198,-0.624636077685479,0.37734126649411726,-0.032387840794107954
VC5,-0.770290728332245,-0.6051861834003602,-0.41519067788396163,-0.9048462762790365,-0.6026173554852313,1.2280990866448287,-0.7249248405794614,0.7411023819360686,2.9782859495500964,-0.6112008092065131,1.097288862836119,0.9335451960050036,1.2940472548828952,2.219905635874751,2.359905769209148,1.2590126651677693,1.255634714501414,0.683868335483525,1.1442760412712785,1.153111322077771,-2.6679605379613123,-0.36698738803634634,-0.4737514884244872,-2.1670402428605358,-0.20774333426801547,1.3618189317718727,-1.0546580992718493,0.28714600975575244,-2.0789135807836314,-0.4548191846259123,0.08580060946217154,0.4796004452128036,-0.5611340616958647,1.613309742757716,-0.8146279270377311,1.7213366246152944,2.9441387698717643,-0.04397705393684686,-0.1492183529003443,1.0135021826119366,0.7366560820394655,1.1226231486186404,0.14867045667967557,0.0,-0.8573085922720257,0.11446438917638116,-0.5325392554871677,-0.6089039510067964,-0.7470968133338819,-2.0553233493747154,-0.12185961456387309,0.5525120483967045,3.3211753682268847,-0.0002975044737318687,-1.1038888208415696,1.5503978846944029,-2.446594335980119,-1.2298348531041607,-0.5534604303674727,2.8086192409046564,-0.10177906268717334,0.5239087113999077,-0.6783929794452288,-2.0767226524517812,-0.5919305040588981
VL1,-0.46652619012911295,-0.4106113527771155,3.6432542818357545,1.3034651050414903,1.7770237294730955,0.6647988334957966,1.6589406236198279,-1.2200814608383648,3.1110078852448173,5.596068428757368,0.009822726376731974,0.04262851844469338,0.9890404486151056,-0.841984829238846,-0.6666303999856504,1.4010084197207038,-1.203914459545522,0.686802390003465,-0.25968230114758967,2.471617261579962,-2.5055468863795274,-2.747952252300589,-1.884342487400474,-2.8009910992406435,-1.4129113023651991,-1.2364888439113533,0.9183410309047025,-2.808515922817622,5.354032513040883,-0.011219363880101507,0.7892018194322935,1.8789701777873515,-2.3246811478039526,-1.0821243712208934,-2.699755945638791,-0.8184268980280678,1.2001750150634665,0.1752032831193094,0.663080706583559,0.7138415527060985,0.15567841860157453,-2.3231895240685154,-0.3262891287245474,-0.8573085922720257,0.0,-0.5237204487648733,1.5138730201199389,1.269613974405819,-1.8777793675107575,-2.2966177577250266,-0.6766848708806462,-1.3090043754546008,-0.33089487427012826,1.0548886936316233,-0.2647613786687861,-2.040327582966297,4.698049994025974,-0.4353278244425099,2.46866573197436,0.5641647969116883,6.263501387795147,3.977826632018903,-0.38518351033457393,7.093826331278183,-0.15942193334398033
VL2a,-0.8578598948046997,-0.6930865497341435,-0.44165422438368807,-0.9298260900896351,2.461571457198455,1.06064345431519,-1.0747611233058671,-0.9024573708117712,0.9911401245116628,-1.0596982456087187,-1.2535432877415054,-1.1993694175203546,0.9891602345503254,-1.1393756042662384,1.4209803395560985,-0.1293470435372756,-0.08718000957154172,0.13106511368336374,3.587582288859078,-0.39652283489422874,-1.8627317469716351,-0.9177757126724929,-1.5610264550666606,-3.107797886815782,-0.5346850722363443,-0.4849997817573118,-1.3587239828186377,-1.0571394023976295,-0.8100306633217937,0.37516724861001705,1.8099205833576895,0.7600359419370629,0.3114132885503006,2.3696546873473143,-1.6796845830367781,-0.472017830235963,-0.03007950935699986,1.9689077268670097,-0.2717969588032013,-1.8423134784098754,-0.6322315994734314,-0.07214187207949943,1.0477524818566246,0.11446438917638116,-0.5237204487648733,0.0,-0.30629650064798997,-1.3449763073519332,-0.14497497486751726,-2.773174493211828,0.8223072757926093,-0.29210184240576303,0.8154447007400507,-0.4267970807552059,-1.0881525130988179,-0.028222657353506146,-0.8925530775002612,3.827010887155263,-0.6301994646917624,1.30560734454532,-0.149895428528249,0.028850788515433975,-0.7738523310577229,0.3854868480078241,0.005784272184438873
VL2p,0.09979230742244605,0.4643361644429046,1.547627414127747,-0.23990980342778623,0.8682623023822333,1.508758324987668,0.25302371729547224,-0.09511037232973901,-0.1269108286586913,2.071987762726169,0.5327824429637487,3.6897586585811712,0.32664362071368547,-0.8112891876180649,1.8325650625027712,1.5156223565560822,-2.135978807524596,-1.2795854536973665,0.7266445874834447,0.6813515668103307,-2.6548176434471644,-2.7082348735481294,-2.767547753849374,-2.932629905418138,-1.1417433758054245,-3.264365289312736,-0.7648087928231591,-0.31584049579003093,-1.3291267418932802,-0.8093754741788958,-0.0689316992232111,1.2244689241038094,-1.9187923749401639,0.9089731264960885,-1.374960601637234,0.8635002104596233,0.6458552083598134,1.0531039290919841,-0.05845584266932076,0.1209825107564127,0.09132725432416736,-3.0771596910409516,-0.15582376175533333,-0.5325392554871677,1.5138730201199389,-0.30629650064798997,0.0,1.4739100830760472,-1.3676295221735941,-2.1039076246285715,-1.1548871611942435,-2.7213123931706114,-0.6275253206945655,-1.0213790907260205,-1.1083550371391295,0.5916555152535995,-0.46181199998938055,3.90364929483442,0.7710338795711879,-0.9350877289007902,-1.4683382015058257,2.5496675125224773,-0.813444594712837,0.006118435616451349,0.5034561725646944
VM1,-0.6218679402112541,-0.5489918071420133,2.632893661403392,0.6772627443634649,-0.5493435973344456,-1.6794667294676238,3.9785475375410506,0.6132859299575855,1.1275625117846566,0.3929961943787944,-0.9976587639181512,-0.6626044104996851,0.40894582144295716,-0.8653218700430726,-0.634874362342484,2.1822589309146663,0.018894453490719103,-1.1527994698407562,-0.30641938569619165,0.7598803913670182,-3.567740452836875,-3.026136150274799,-2.423390267408332,-3.7236569172018306,0.6878464313432296,-1.1572264755190667,-0.06521078588358306,0.8031261888592417,0.1760257994759863,-1.3213766404648866,0.846586915924558,-0.9265452632008542,-1.2668481561043905,-0.9516077191941613,-3.00463510571231,2.781272411159894,-0.9295965758677197,1.0072884808824043,2.1175244926898578,2.593427582304924,1.6759688371885768,-0.25512167525662693,-0.39163176183501003,-0.6089039510067964,1.269613974405819,-1.3449763073519332,1.4739100830760472,0.0,-1.0640284247348826,-0.6679063507798709,1.740833610723291,0.405006134446714,1.6940778358420105,4.659267153163066,-0.7554896480295142,-1.373368014775276,0.31911078519708214,-1.0698899054424786,1.7317040054120902,1.0802705819839096,1.3787678487754524,4.407969500643897,-0.5951915759217272,1.8814652870002047,-0.24702023609611684
VM2,-0.7613669779963126,-0.614159622648224,-0.3976285842168663,-0.9209036279999662,-2.121207236632498,-1.5820095047471088,-1.6340040992073757,-0.039116311942202636,-1.5993791376121604,-0.17971221630975112,-1.7284885848267213,-1.4604072628006906,-0.36955613584427505,-1.8814286762972976,-2.1151357970353613,0.460700501736891,1.4153225998445418,-1.087829699048379,-0.7301904890596599,-2.4268137835127868,2.093880576930765,1.6202790564579144,2.436449358131304,2.3469430592219624,2.098695726923642,1.0943434315180138,0.9310619517628552,2.274637780166316,-2.575113697478444,-0.20233812190737213,-0.6943869345934094,-1.969396764837361,1.5638721178336756,0.26506357156041455,2.539083829737524,-0.41578370440063706,-0.6836635938775532,-1.3332591454758667,1.4860074630267368,0.675992636957355,-3.1249905214450915,1.4428772382126738,0.8591179407967838,-0.7470968133338819,-1.8777793675107575,-0.14497497486751726,-1.3676295221735941,-1.0640284247348826,0.0,1.7166432544938297,0.7532069167353177,-0.08023549794520898,0.6922935157389802,2.0457664308783685,1.6187255620386019,-0.543143873595862,-1.3347809205208234,-0.514810012831642,-0.5768827907984763,-0.9654112530010658,-2.3686629687136955,-1.2547881507705831,-0.6601703569985823,-2.2988558172100144,-1.8624378334390432
VM3,-0.8925363238978788,-0.7396668285663237,-0.4675888316558133,-1.0433246311448863,-1.793587613017886,-2.6325377770650427,-3.129012404418713,0.9077214948777754,-2.9104910955661665,-1.5805761114960595,-1.2211572878970933,-0.03630506681831318,-1.6883976454638125,-1.4984859720962374,-2.0545290456753746,-0.0855401243343339,0.72298708023923,-1.6844754583943415,-2.218695868219307,-2.806296662134491,6.057701169589263,2.757642615251325,1.2257128212716355,5.441374153000085,1.4647168680552334,0.6119331021273352,2.2285789726790086,1.7247007026481738,-3.3728827094877585,-0.9049892784387669,-2.702416163459691,-2.2381368038027993,2.0759437408028902,-0.9499086760332238,1.0789564474140503,-3.0848228327215548,-2.4336649962657724,-1.7144889587779204,-0.3359254292592651,1.1626129493662165,-0.21708875286899007,-0.7726869165823111,-0.002079589874541038,-2.0553233493747154,-2.2966177577250266,-2.773174493211828,-2.1039076246285715,-0.6679063507798709,1.7166432544938297,0.0,-2.9135830853607114,-1.0869810965195559,-1.058939273533444,0.41299810240995216,-0.27037302882280007,-1.2103014311881504,-2.1866914398185378,-2.431579398794883,-0.6901350655255712,-0.5771550850270288,-2.0570884069262307,-1.5557304184232081,0.7356283388675872,-3.6886619234734432,-1.6218186135805601
VM4,-0.7160802997476456,1.1626621898741576,-0.3918918088462466,-0.8124083359324912,-0.5553227122142138,0.079518488088184,3.81620441014038,-0.8149867417048923,1.7891454295097449,0.8407766270265765,1.7597076928323248,1.4289707910763352,2.431105294640543,0.3144521557120479,0.08842455101831552,-1.0221897385894407,0.8204986425908359,1.4697070860901782,0.06312552279673678,2.1710601133886995,-2.301943372088099,-2.1566393130954253,-0.5696179414072096,-2.7298165848692504,-0.7438914993051037,-1.2474963544057664,0.19852124136839233,-0.817588794118181,0.26301837403270395,-2.4997379427125686,2.380829108951495,-0.4041539476774813,-0.25459642946785355,0.6408781348626714,-1.4593637784105378,1.8607785617948334,3.3304488616997263,2.4304561546012766,1.8072541561271271,2.576196813021224,1.7932194479313923,0.601395333402701,1.4390488693918067,-0.12185961456387309,-0.6766848708806462,0.8223072757926093,-1.1548871611942435,1.740833610723291,0.7532069167353177,-2.9135830853607114,0.0,-1.123093741120514,0.527457167854705,0.9825464825567688,-1.3216878217329064,-0.4910303421735024,-0.10831542135281083,0.6463556626389251,-0.5610572857192049,0.17090518934428295,1.835737154207763,-0.10223253644223347,1.2119467033398548,-0.01922157207112453,0.8062244488909625
VM5d,-1.1607520032257084,-0.8855452488165287,-0.5737786563330817,-1.290830033430223,0.8800196709037817,-0.4590210118427565,-0.26346414361371356,1.2291136759096442,2.831232612498928,-1.539357586384394,1.0687928311864852,0.8257964036256829,-0.06929021085480852,1.869014310966957,-0.3623373909919621,1.7674792136538726,0.21103088321742836,1.1261881242043112,0.5941328470873545,0.14513038336450776,-1.0240130737782989,-2.54810797764521,-0.355285214919189,-2.546029056732952,-0.7902708439263332,3.3435445139217093,-0.26895988532517345,0.353166732496195,-2.26633584070711,-4.125422516252046,-1.355607969676342,0.42117731967190375,-0.25606106372803716,1.488484033191771,-1.0467824253510558,-0.40273352044991734,1.1152704298927467,2.564894808269902,0.615989835557435,-0.7177139178368835,-0.9308701455189322,1.7540181828413424,-0.5851158190098971,0.5525120483967045,-1.3090043754546008,-0.29210184240576303,-2.7213123931706114,0.405006134446714,-0.08023549794520898,-1.0869810965195559,-1.123093741120514,0.0,4.724165205328246,-0.8904765043710244,0.4658436002331533,2.7825871891918244,-2.525848916766704,-3.2190123870676213,-0.7873323997475948,0.17652523421085314,-2.7999830212391577,-3.1061421948938497,-0.9787991456255913,-2.7379963623896226,-0.5791592257678911
VM5v,-0.8197763853474346,-0.6916283135696859,-0.43101310422675493,-0.9634418636774615,0.49020129178331884,0.7218186456085556,0.5651405990055751,0.20153141386465073,0.5457999823284451,0.6694140127482563,1.9780151245417363,1.3182471368436914,0.16400801602332873,2.5100714528749117,2.0868859176712165,1.0682108389077012,-1.4723604730208633,1.347797688395774,0.5916214964236127,1.5007695661240363,-2.9363805712208957,-2.6841808071084814,-1.2696882327541525,-3.043559058189562,-1.1956123539228403,1.5261466842590337,-1.9736790153403525,-1.8531372241496293,-3.697325387237398,-2.6778219359106865,1.6442408603206558,3.7429335056376716,1.005042906326804,1.1050240825988578,-2.3584632886441064,0.06521690931267712,0.852756093370392,0.9697863002004267,0.12260257468377195,0.22868132150580112,-0.3135953796662155,3.9607897883704797,0.6902440998210777,3.3211753682268847,-0.33089487427012826,0.8154447007400507,-0.6275253206945655,1.6940778358420105,0.6922935157389802,-1.058939273533444,0.527457167854705,4.724165205328246,0.0,-0.3132042105426586,0.5982972534794065,0.551646405663616,-1.5764077104302363,0.4934864925912596,-0.6503511987326668,0.7499173587103642,-0.34228795104410303,-0.8707656956708666,0.8083653039007717,-2.0049018846026843,-2.008625069252351
VM6,-0.7111321036701221,-0.6066130957099356,-0.3593972333121358,-0.8376802668240618,-1.8212302972450536,-2.579375488711473,1.8768830290900675,0.7200782898142104,0.802737992162607,1.6332783613641455,-0.33592637777057094,-0.7194456987347261,-0.7207531955007892,0.647135673847864,-1.0121763222110896,1.751276128620205,-1.027713541011741,1.0722184464782287,1.0773205701355377,0.5965003981445975,-1.7456303091572527,-1.2649352303369936,-1.565097733098085,-0.9299933785291293,0.0978538552508141,-3.7684544278939707,0.10803510590143965,-1.6473194253396817,-0.537122118969321,-0.5814415191897885,-0.3592805172909499,-1.263523818157805,-1.544620865746201,0.41511215701427195,-0.6420769274196368,1.740683591943899,-0.9914039518149179,0.6616636999539197,1.9317747617489016,2.209683022397903,0.18909646078599734,-1.8234008584381898,-1.5964770767633083,-0.0002975044737318687,1.0548886936316233,-0.4267970807552059,-1.0213790907260205,4.659267153163066,2.0457664308783685,0.41299810240995216,0.9825464825567688,-0.8904765043710244,-0.3132042105426586,0.0,0.18262506184227484,-0.1244603052224987,1.4818591537972565,-0.7743568133572827,-0.5399676292063555,0.7776050047885228,1.0627439449145855,5.663024796481215,1.0952979895674093,3.5498713397153248,-0.6459530764724639
VM7d,-0.8530985301346139,-0.687991739519776,-0.45426024979910073,-0.9187590106497495,0.3335740687231587,-1.4720423700855452,-1.6379682655280983,-0.7555519395732091,-0.4437516943843882,0.17716098326701668,-1.021375049873563,1.5904916812402754,-1.8951625116661586,0.9471985410252111,-0.8804372283114854,-1.0175938822542987,-1.6400432945142085,0.19896557835641898,0.6946203239105665,0.2229699391139555,1.0519219057857174,-0.12662252997486811,-1.399799652152981,0.07844409339225783,0.4455442620424333,1.4856712752372776,0.047306039907144146,-1.6237520598124122,-1.236495412354943,0.775535818110711,0.2136055247076133,1.1751311192486336,-1.5434525254901756,-3.472649808077483,-1.7787246440899755,0.4578216282297817,-1.8818968409019103,-0.561102902369379,0.483334024034051,-0.6208167338266143,-1.677128743980326,3.553495143992139,2.1434569071334804,-1.1038888208415696,-0.2647613786687861,-1.0881525130988179,-1.1083550371391295,-0.7554896480295142,1.6187255620386019,-0.27037302882280007,-1.3216878217329064,0.4658436002331533,0.5982972534794065,0.18262506184227484,0.0,1.1896850226445757,-1.9078891660110797,-0.17534554000833819,-0.606509881809038,0.11814720041903248,-1.770654539925333,-1.1061819713764647,0.8163304435204545,-1.843884657171437,1.3509591446835998
VM7v,-0.6453421002916966,-0.5753827938660704,-0.36387764099110664,-0.7745877489356431,0.48173398641266274,-1.3054963958556218,-0.4971511275120139,0.4354390458448514,0.5399630501563903,-1.7205847269953118,1.459955805573023,-0.43787224561158405,0.1565368248453433,2.2073424864970628,-0.6254124250989803,0.06456749626261372,0.09140050819736698,-0.4780947768525438,3.604974836703764,-1.0843126732801653,-0.5254942040643426,-0.7991074870875468,0.6395615625523401,-0.9699058115210881,-0.4434137698776084,1.1232786382170141,-1.0234920431507621,-1.1640829424597943,-2.156128581330453,-1.9139502977839278,-0.7563334589899245,0.8061680421708491,-0.9943464622472048,2.4746589826334193,-2.022992551551876,0.9363640257182665,-0.24055826220168233,1.5230146437389158,-0.30027034128048374,-0.5346659862721483,-0.07370494097006104,-0.31719282426656775,1.0664405288822199,1.5503978846944029,-2.040327582966297,-0.028222657353506146,0.5916555152535995,-1.373368014775276,-0.543143873595862,-1.2103014311881504,-0.4910303421735024,2.7825871891918244,0.551646405663616,-0.1244603052224987,1.1896850226445757,0.0,-2.2088996280300277,1.270255448493765,-0.5041453601587641,-1.739902743840288,-2.081615587784669,0.5443636676925003,1.1589676591335973,-1.0206058174735706,0.25406192756963925
VP1d,-0.5307230442294254,-0.41654990062932734,-0.23707068000048473,1.3561573628643413,1.19585884972326,0.026410171490593704,-0.1703275119235045,-1.3771735219344925,-0.28509476974181236,2.284751576978234,-0.614659639325951,0.03590220643215745,0.8899473299027534,-0.42272273543832944,0.5000939479277255,0.865244366775246,-2.486660658269923,-0.7636246565800836,-0.38403084039229707,-0.7691736049166575,-1.609760761675981,-2.883103579398554,-2.6174915948051045,-1.466150041027063,-0.48440913578103306,-3.0903814552883673,-2.15880916455499,-1.9612035781266406,4.860411724245814,0.540906638515525,0.6112446409763805,-0.42332566976609565,-2.0403396699233607,-1.1553175610987656,-1.7178356547740548,-1.5369087401054622,1.0619609943984412,0.7493488355270035,-0.5045273324925588,0.3973247314580055,0.14056350083421912,-3.1550483694530422,-1.1616922973884278,-2.446594335980119,4.698049994025974,-0.8925530775002612,-0.46181199998938055,0.31911078519708214,-1.3347809205208234,-2.1866914398185378,-0.10831542135281083,-2.525848916766704,-1.5764077104302363,1.4818591537972565,-1.9078891660110797,-2.2088996280300277,0.0,-1.1916926977489584,-0.3429489708024145,0.14782366260176083,2.5759753341123854,1.1539030378722313,-0.4405256841779487,5.1263812856364215,1.5271492131668352
VP1d+VP4,0.0691550838009221,-0.7921582585994942,-0.5372079390915492,-0.2468763899833029,0.3453481866890687,3.6250089780228976,-2.228994814324773,-0.20508865464569828,-1.2338015751962697,0.9391680380101288,1.9274119231785405,0.9695086539986613,0.7349804196847795,0.9443882298658618,-0.35446806676310105,0.1601512135460902,-0.6288654090751694,-1.6954354574503732,3.048668667184198,1.048397533512886,-3.007076317989662,-3.006549386200203,-1.7604380202297776,-2.0156720793837857,-2.3410519852224034,-1.3383949401055901,-2.520507421626736,-0.9533976070186913,-2.8195560389185412,0.2325870601696433,0.44156702916995993,2.689097483511547,-2.986529879705729,-1.3898966374494146,-1.0432579899381826,1.2478291312794683,1.3719965464205532,-1.0112070745480806,-0.2857495282310688,0.056224506278154215,-1.3118009048691532,-1.5332561625204584,-2.2560871772141993,-1.2298348531041607,-0.4353278244425099,3.827010887155263,3.90364929483442,-1.0698899054424786,-0.514810012831642,-2.431579398794883,0.6463556626389251,-3.2190123870676213,0.4934864925912596,-0.7743568133572827,-0.17534554000833819,1.270255448493765,-1.1916926977489584,0.0,0.7860379918208268,-0.6775933886190909,-0.9804663334265793,0.39000564433391866,1.7732303421868036,-1.9330440033666523,2.3695421173855404
VP1l+VP3,11.129959568659691,9.069233705225589,28.270214362478896,16.89505122847345,-0.5898761245503179,0.6675406564802829,-0.5447844353149887,-0.33685629036185155,1.2692058021686392,3.588429618049661,-0.9654379969691154,-0.5895347429195391,-0.6159973759105388,-0.370303961005086,-0.8078448118632108,-0.5725090765107402,-0.6491067324056671,-0.4564492406674283,-0.29750005101688576,1.3128282758881995,-0.937958875375995,-0.9249824607079821,-0.6716498185093839,-0.8206467742865609,-0.6497651701397646,-0.7130020080944129,-0.6854877178664144,0.17767873601002449,2.3908891170405706,-0.5865543146194067,1.085820411424019,1.3904163454309906,-0.819968617197069,0.7847425913380752,-0.673124773254835,-0.6134633130503073,-0.662321021997683,-0.5479002843637314,-0.7244077145951618,-0.4694568082874387,-0.6284921220279495,0.4370509710779287,-0.5547952906465529,-0.5534604303674727,2.46866573197436,-0.6301994646917624,0.7710338795711879,1.7317040054120902,-0.5768827907984763,-0.6901350655255712,-0.5610572857192049,-0.7873323997475948,-0.6503511987326668,-0.5399676292063555,-0.606509881809038,-0.5041453601587641,-0.3429489708024145,0.7860379918208268,0.0,-0.5595566489394016,5.3903534879831705,2.195269666056328,-0.10540978824586636,4.389825192122267,-0.3026736752870825
VP1m,-0.7731696971138745,-0.6163658107139192,-0.4221874425753393,0.2731542609407899,-0.5129238275030327,-0.12765338033038157,1.0189073189667734,1.2471951774436452,1.0515382357981815,-0.6008609691585959,0.7515524612139499,2.279897110680966,0.7319133714383574,2.7501849726697074,-0.020678629227790252,-0.06631536351957647,-0.6151220411198927,1.9293609160316343,-0.687883918116848,0.9436906690157125,-1.345603860959865,-0.34604327341856983,0.27542872553768105,-2.2385532347731356,-1.9952485940347313,-0.42715900315309263,0.5518738352595135,-0.11732921624755119,-0.9335220767966471,-0.586493739902464,-0.3758802948482766,-0.7236549016824988,-2.3792181733810516,-0.6899783336381357,-2.1076120996774335,-0.000812754018440638,1.258130687475142,0.5582215034766801,2.3191122636486137,-0.17261594527838783,0.5138987247831246,-0.1613408712474934,-0.33845135812170496,2.8086192409046564,0.5641647969116883,1.30560734454532,-0.9350877289007902,1.0802705819839096,-0.9654112530010658,-0.5771550850270288,0.17090518934428295,0.17652523421085314,0.7499173587103642,0.7776050047885228,0.11814720041903248,-1.739902743840288,0.14782366260176083,-0.6775933886190909,-0.5595566489394016,0.0,0.28630015067995773,2.8835746398480655,-0.6797048852694744,1.5709113357450286,-0.6179888651658052
VP1m+VP5,7.0523556102719605,6.477746200077104,8.156158992736524,2.9291865887515143,0.29095247767281956,-1.021753508337361,1.4127528391947621,-1.4030650149646118,1.1280247243109212,4.590123465058531,-1.4128066660151322,-2.180664852191373,-0.2780415980812706,-0.6053949354935784,-1.9261831694241787,-1.1730125891654397,-1.889437167627473,-1.482963806957843,-0.46630369125385884,2.237452173756763,-2.368840785163216,-2.6637784500293114,-2.8923490921074757,-2.5856759024732474,-1.8511288774058732,-3.2533853447383647,0.5096180618735544,-4.243407199306292,4.730174846026859,-1.8895194709532521,0.14237644302733515,-1.5527515184723286,-3.6249025157167964,-2.165072948956146,-2.011551452113088,-1.7623907064379496,0.2408100455707137,-1.8239477777478836,-0.862479505611435,-0.9160535194740812,-1.7486959832505375,-3.6657416217050076,-1.0123936680689103,-0.10177906268717334,6.263501387795147,-0.149895428528249,-1.4683382015058257,1.3787678487754524,-2.3686629687136955,-2.0570884069262307,1.835737154207763,-2.7999830212391577,-0.34228795104410303,1.0627439449145855,-1.770654539925333,-2.081615587784669,2.5759753341123854,-0.9804663334265793,5.3903534879831705,0.28630015067995773,0.0,7.126773870561118,1.8525166459904276,8.999103670960128,3.0580220345425984
VP2,7.130144608911816,8.335718083048771,3.121448808389038,0.8855906385295066,-2.2055973745990523,-2.0510033100579275,-0.22677136004727133,-0.7797206575535893,-0.35961581981101254,1.9338156706047434,0.27626137049567256,-0.49427373012986975,0.5955344661448955,-1.7799034507466078,-0.9140613912015269,-0.8798131209022864,-0.8259050118173157,-1.0477609700196653,0.17846862106774486,-1.2381304248458922,-1.2362403886206432,-2.549481018148701,-0.8183423260904039,-2.6788714915287857,-1.0689929582997175,-2.8781904271459813,0.7049036539503958,-1.6590252888386205,-0.281520315842752,1.5457673537969785,-1.0727585742571222,-1.7726160462535856,-1.9461215956419557,-1.843112887796199,-3.3246420364999967,-0.4417518435002053,-0.25665242100227126,0.9508084565726673,-0.036284697781216575,-0.12540499216098958,-1.239710523629384,-1.649307872035628,-2.764228735096198,0.5239087113999077,3.977826632018903,0.028850788515433975,2.5496675125224773,4.407969500643897,-1.2547881507705831,-1.5557304184232081,-0.10223253644223347,-3.1061421948938497,-0.8707656956708666,5.663024796481215,-1.1061819713764647,0.5443636676925003,1.1539030378722313,0.39000564433391866,2.195269666056328,2.8835746398480655,7.126773870561118,0.0,1.6460522495783716,4.805268051226711,-0.5235567652921898
VP2+,-0.1572113705167765,9.47729823410562,-0.07085266757513502,-0.16004806970215246,-0.7086282628366768,-0.9039401898142284,-0.6416713422104025,-0.3385543224648981,-0.6845353001330491,-0.3103484597187066,-1.1527411744955607,-0.7499861766423999,-0.7412122750065279,-0.4575169543989754,0.3297152630497091,-0.7172152810875193,-0.7543165586262743,-0.46652619012911295,3.0861767759930534,-0.70336649939401,0.05197106266810048,-1.0549601932434693,-0.7922647453997403,-0.9869993749278012,-0.7479370616283675,-0.9118584385281657,0.5095481418426393,-1.1949111573649662,3.285820577181161,-0.636522007361665,-0.757791500161245,-0.6763143858834912,-0.9637684920168,-0.8677695442288991,0.48222984873575003,-0.7087745486226507,-0.8089628226842853,-0.6317343167373223,-0.8207868666880911,-0.5813860912506442,-0.7324073489033455,0.037017814459364966,-0.624636077685479,-0.6783929794452288,-0.38518351033457393,-0.7738523310577229,-0.813444594712837,-0.5951915759217272,-0.6601703569985823,0.7356283388675872,1.2119467033398548,-0.9787991456255913,0.8083653039007717,1.0952979895674093,0.8163304435204545,1.1589676591335973,-0.4405256841779487,1.7732303421868036,-0.10540978824586636,-0.6797048852694744,1.8525166459904276,1.6460522495783716,0.0,-0.5268191563517447,-0.309242525110286
VP3+VP1l,1.1980942653038196,1.6012387016031073,6.452634478781774,3.8789802411704684,-0.3855341957870892,-1.1586886956479492,2.9761748958074152,-1.7375588306777998,3.0465910217551344,3.3947831523637317,-2.6876851607962777,-1.7225841129022366,0.2723050018821136,0.9115367148064819,-2.317364989780279,-1.2984901098289734,-2.3068480331290777,-0.023927734589362894,0.6128691913678075,1.6168209760180834,-4.78417267429165,-3.9227436232572326,-2.720220986582435,-3.9316797740313576,-0.3692447976270555,-2.5546808663390834,0.9355652320468678,-4.106219654964199,7.713069092454759,0.06427142722493312,1.1615965911198947,-1.2572890383203577,-3.4130439233174985,-1.1750514216415853,-3.5222351163680505,-2.7508124788146775,-1.2713444883841247,0.03934414468187151,0.12822213717260864,-0.7925174074870921,-2.578276218777812,-2.9925263360972654,0.37734126649411726,-2.0767226524517812,7.093826331278183,0.3854868480078241,0.006118435616451349,1.8814652870002047,-2.2988558172100144,-3.6886619234734432,-0.01922157207112453,-2.7379963623896226,-2.0049018846026843,3.5498713397153248,-1.843884657171437,-1.0206058174735706,5.1263812856364215,-1.9330440033666523,4.389825192122267,1.5709113357450286,8.999103670960128,4.805268051226711,-0.5268191563517447,0.0,1.263900338055505
VP5+Z,-0.3527646617426355,-0.32571228956737575,-0.20135079736722264,2.0535187645413684,-0.1681400087101606,1.9002932189663315,2.6533001071308524,0.08439054365209436,2.3744590885829093,0.3484649300670464,0.6081923231277366,0.7114584890162402,0.6959553829625609,-0.3601068930081999,-1.7498174556096824,1.0290168354640292,-0.43191780532427443,0.18731541690583367,1.4085367157906472,2.9342809103970433,-2.1687094508943385,-2.588376284370955,0.40416861713777624,-1.4695606945579118,-1.023150884880338,-1.1590021447554812,-0.8387767119004268,-0.8868105267809447,0.9084721030730563,0.5296809588401753,-0.019997943033268083,-0.7486702478953574,-1.8111884385834283,0.39283840222447425,-2.3816026378446575,0.21845784322380063,0.7674625009402815,1.182457440633842,1.2634126278639417,1.0456055473870565,-0.9505069151523451,-2.004965317670681,-0.032387840794107954,-0.5919305040588981,-0.15942193334398033,0.005784272184438873,0.5034561725646944,-0.24702023609611684,-1.8624378334390432,-1.6218186135805601,0.8062244488909625,-0.5791592257678911,-2.008625069252351,-0.6459530764724639,1.3509591446835998,0.25406192756963925,1.5271492131668352,2.3695421173855404,-0.3026736752870825,-0.6179888651658052,3.0580220345425984,-0.5235567652921898,-0.309242525110286,1.263900338055505,0.0
