kind,graph,learning_gate,readout,accuracy,auc_A
empirical,0,0.0,activity_normalized,0.5275,0.4959125
empirical,0,0.0,counterfactual_fraction,0.5,0.5
empirical,0,0.0,raw,0.4975,0.405875
empirical,0,1.0,activity_normalized,0.710625,0.7861374999999999
empirical,0,1.0,counterfactual_fraction,0.72,0.7940625
empirical,0,1.0,raw,0.641875,0.6974
strength_only,0,0.0,activity_normalized,0.571875,0.556825
strength_only,0,0.0,counterfactual_fraction,0.5,0.5
strength_only,0,0.0,raw,0.4825,0.4253
strength_only,0,1.0,activity_normalized,0.7112499999999999,0.7729374999999999
strength_only,0,1.0,counterfactual_fraction,0.695,0.769575
strength_only,0,1.0,raw,0.649375,0.697125
strength_only,1,0.0,activity_normalized,0.539375,0.48155000000000003
strength_only,1,0.0,counterfactual_fraction,0.5,0.5
strength_only,1,0.0,raw,0.5,0.3955625
strength_only,1,1.0,activity_normalized,0.703125,0.7821875
strength_only,1,1.0,counterfactual_fraction,0.71375,0.7886875
strength_only,1,1.0,raw,0.638125,0.6911875
strength_only,2,0.0,activity_normalized,0.53875,0.5506125
strength_only,2,0.0,counterfactual_fraction,0.5,0.5
strength_only,2,0.0,raw,0.485,0.426025
strength_only,2,1.0,activity_normalized,0.705,0.7891
strength_only,2,1.0,counterfactual_fraction,0.705625,0.7857125
strength_only,2,1.0,raw,0.6537499999999999,0.7033125
strength_only,3,0.0,activity_normalized,0.5375,0.5446375
strength_only,3,0.0,counterfactual_fraction,0.5,0.5
strength_only,3,0.0,raw,0.51,0.4252625
strength_only,3,1.0,activity_normalized,0.719375,0.7931625
strength_only,3,1.0,counterfactual_fraction,0.72625,0.8010125
strength_only,3,1.0,raw,0.668125,0.70635
strength_only,4,0.0,activity_normalized,0.55,0.5483375
strength_only,4,0.0,counterfactual_fraction,0.5,0.5
strength_only,4,0.0,raw,0.50125,0.4235875
strength_only,4,1.0,activity_normalized,0.699375,0.77225
strength_only,4,1.0,counterfactual_fraction,0.69,0.7662375
strength_only,4,1.0,raw,0.636875,0.6906125
strength_only,5,0.0,activity_normalized,0.5549999999999999,0.5577875
strength_only,5,0.0,counterfactual_fraction,0.5,0.5
strength_only,5,0.0,raw,0.50875,0.4245625
strength_only,5,1.0,activity_normalized,0.72125,0.789675
strength_only,5,1.0,counterfactual_fraction,0.70625,0.7790375
strength_only,5,1.0,raw,0.65125,0.70565
strength_only,6,0.0,activity_normalized,0.563125,0.5454749999999999
strength_only,6,0.0,counterfactual_fraction,0.5,0.5
strength_only,6,0.0,raw,0.480625,0.4178
strength_only,6,1.0,activity_normalized,0.72375,0.7913625
strength_only,6,1.0,counterfactual_fraction,0.6925,0.7852375
strength_only,6,1.0,raw,0.641875,0.7019
strength_only,7,0.0,activity_normalized,0.564375,0.5409625
strength_only,7,0.0,counterfactual_fraction,0.5,0.5
strength_only,7,0.0,raw,0.485625,0.41376250000000003
strength_only,7,1.0,activity_normalized,0.709375,0.7762125
strength_only,7,1.0,counterfactual_fraction,0.706875,0.7711875
strength_only,7,1.0,raw,0.630625,0.691325
strength_only,8,0.0,activity_normalized,0.563125,0.5298125
strength_only,8,0.0,counterfactual_fraction,0.5,0.5
strength_only,8,0.0,raw,0.48125,0.41245
strength_only,8,1.0,activity_normalized,0.72625,0.8029999999999999
strength_only,8,1.0,counterfactual_fraction,0.72875,0.8065249999999999
strength_only,8,1.0,raw,0.6643749999999999,0.7211
strength_only,9,0.0,activity_normalized,0.53125,0.4897375
strength_only,9,0.0,counterfactual_fraction,0.5,0.5
strength_only,9,0.0,raw,0.499375,0.4084875
strength_only,9,1.0,activity_normalized,0.72375,0.794575
strength_only,9,1.0,counterfactual_fraction,0.72375,0.8009625
strength_only,9,1.0,raw,0.650625,0.70785
subtype_strength,0,0.0,activity_normalized,0.54375,0.518375
subtype_strength,0,0.0,counterfactual_fraction,0.5,0.5
subtype_strength,0,0.0,raw,0.495625,0.40995
subtype_strength,0,1.0,activity_normalized,0.714375,0.790775
subtype_strength,0,1.0,counterfactual_fraction,0.723125,0.79695
subtype_strength,0,1.0,raw,0.63125,0.7035125
subtype_strength,1,0.0,activity_normalized,0.54,0.5170125
subtype_strength,1,0.0,counterfactual_fraction,0.5,0.5
subtype_strength,1,0.0,raw,0.50375,0.4118125
subtype_strength,1,1.0,activity_normalized,0.7075,0.7923625
subtype_strength,1,1.0,counterfactual_fraction,0.7175,0.79585
subtype_strength,1,1.0,raw,0.635625,0.703575
subtype_strength,2,0.0,activity_normalized,0.5525,0.5311
subtype_strength,2,0.0,counterfactual_fraction,0.5,0.5
subtype_strength,2,0.0,raw,0.48,0.42201249999999996
subtype_strength,2,1.0,activity_normalized,0.730625,0.8041375
subtype_strength,2,1.0,counterfactual_fraction,0.72875,0.808
subtype_strength,2,1.0,raw,0.663125,0.7210875
subtype_strength,3,0.0,activity_normalized,0.526875,0.516325
subtype_strength,3,0.0,counterfactual_fraction,0.5,0.5
subtype_strength,3,0.0,raw,0.489375,0.4044625
subtype_strength,3,1.0,activity_normalized,0.740625,0.8076
subtype_strength,3,1.0,counterfactual_fraction,0.744375,0.8173625
subtype_strength,3,1.0,raw,0.665625,0.724175
subtype_strength,4,0.0,activity_normalized,0.54,0.5036
subtype_strength,4,0.0,counterfactual_fraction,0.5,0.5
subtype_strength,4,0.0,raw,0.494375,0.403025
subtype_strength,4,1.0,activity_normalized,0.716875,0.7999499999999999
subtype_strength,4,1.0,counterfactual_fraction,0.733125,0.8074375
subtype_strength,4,1.0,raw,0.6481250000000001,0.7127875
subtype_strength,5,0.0,activity_normalized,0.5325,0.499475
subtype_strength,5,0.0,counterfactual_fraction,0.5,0.5
subtype_strength,5,0.0,raw,0.49124999999999996,0.400875
subtype_strength,5,1.0,activity_normalized,0.7175,0.7964375
subtype_strength,5,1.0,counterfactual_fraction,0.721875,0.8027124999999999
subtype_strength,5,1.0,raw,0.645,0.709025
subtype_strength,6,0.0,activity_normalized,0.523125,0.5003
subtype_strength,6,0.0,counterfactual_fraction,0.5,0.5
subtype_strength,6,0.0,raw,0.505,0.403625
subtype_strength,6,1.0,activity_normalized,0.718125,0.7947125
subtype_strength,6,1.0,counterfactual_fraction,0.718125,0.8035
subtype_strength,6,1.0,raw,0.644375,0.7092625
subtype_strength,7,0.0,activity_normalized,0.546875,0.5278625
subtype_strength,7,0.0,counterfactual_fraction,0.5,0.5
subtype_strength,7,0.0,raw,0.49624999999999997,0.411525
subtype_strength,7,1.0,activity_normalized,0.729375,0.7996
subtype_strength,7,1.0,counterfactual_fraction,0.734375,0.8020375
subtype_strength,7,1.0,raw,0.6475,0.7110875
subtype_strength,8,0.0,activity_normalized,0.5525,0.5072125000000001
subtype_strength,8,0.0,counterfactual_fraction,0.5,0.5
subtype_strength,8,0.0,raw,0.4875,0.4063125
subtype_strength,8,1.0,activity_normalized,0.72125,0.7844125
subtype_strength,8,1.0,counterfactual_fraction,0.720625,0.7992250000000001
subtype_strength,8,1.0,raw,0.6375,0.7028625
subtype_strength,9,0.0,activity_normalized,0.54125,0.5061875
subtype_strength,9,0.0,counterfactual_fraction,0.5,0.5
subtype_strength,9,0.0,raw,0.483125,0.403825
subtype_strength,9,1.0,activity_normalized,0.7125,0.7876375
subtype_strength,9,1.0,counterfactual_fraction,0.719375,0.8000125
subtype_strength,9,1.0,raw,0.64375,0.7085125
