transfer,noise,input_gain,graph,active_fraction,mean_activity
absolute,0.02,1.0,0,0.0,0.0
absolute,0.02,1.0,1,0.0,0.0
absolute,0.02,1.0,2,0.0,0.0
absolute,0.02,1.0,3,0.0,0.0
absolute,0.02,1.0,4,0.0,0.0
absolute,0.02,1.0,5,0.0,0.0
absolute,0.02,2.0,0,0.0,0.0
absolute,0.02,2.0,1,0.0,0.0
absolute,0.02,2.0,2,0.0,0.0
absolute,0.02,2.0,3,0.0,0.0
absolute,0.02,2.0,4,0.0,0.0
absolute,0.02,2.0,5,0.0,0.0
absolute,0.02,4.0,0,0.0008908685968819599,7.075927450977878e-05
absolute,0.02,4.0,1,0.0026726057906458797,0.00018553044534222297
absolute,0.02,4.0,2,0.0035634743875278397,0.00026762467936149555
absolute,0.02,4.0,3,0.0035634743875278397,0.0003112205738842587
absolute,0.02,4.0,4,0.0031180400890868597,0.0002742416292219855
absolute,0.02,4.0,5,0.0026726057906458797,0.00023978281089879366
absolute,0.1,1.0,0,0.0,0.0
absolute,0.1,1.0,1,0.0,0.0
absolute,0.1,1.0,2,0.0,0.0
absolute,0.1,1.0,3,0.0,0.0
absolute,0.1,1.0,4,0.0,0.0
absolute,0.1,1.0,5,0.0,0.0
absolute,0.1,2.0,0,0.0,0.0
absolute,0.1,2.0,1,0.0,0.0
absolute,0.1,2.0,2,0.0,0.0
absolute,0.1,2.0,3,0.0,0.0
absolute,0.1,2.0,4,0.0,0.0
absolute,0.1,2.0,5,0.0,0.0
absolute,0.1,4.0,0,0.0008908685968819599,7.075927450977878e-05
absolute,0.1,4.0,1,0.0026726057906458797,0.00018553044534222297
absolute,0.1,4.0,2,0.0035634743875278397,0.00026762467936149555
absolute,0.1,4.0,3,0.0035634743875278397,0.0003112205738842587
absolute,0.1,4.0,4,0.0031180400890868597,0.0002742416292219855
absolute,0.1,4.0,5,0.0026726057906458797,0.00023978281089879366
positive_delta,0.02,1.0,0,0.0,0.0
positive_delta,0.02,1.0,1,0.0,0.0
positive_delta,0.02,1.0,2,0.0,0.0
positive_delta,0.02,1.0,3,0.0,0.0
positive_delta,0.02,1.0,4,0.0,0.0
positive_delta,0.02,1.0,5,0.0,0.0
positive_delta,0.02,2.0,0,0.0,0.0
positive_delta,0.02,2.0,1,0.0,0.0
positive_delta,0.02,2.0,2,0.0,0.0
positive_delta,0.02,2.0,3,0.0,0.0
positive_delta,0.02,2.0,4,0.0,0.0
positive_delta,0.02,2.0,5,0.0,0.0
positive_delta,0.02,4.0,0,0.0,0.0
positive_delta,0.02,4.0,1,0.0,0.0
positive_delta,0.02,4.0,2,0.0,0.0
positive_delta,0.02,4.0,3,0.0,0.0
positive_delta,0.02,4.0,4,0.0,0.0
positive_delta,0.02,4.0,5,0.0,0.0
positive_delta,0.1,1.0,0,0.0,0.0
positive_delta,0.1,1.0,1,0.0,0.0
positive_delta,0.1,1.0,2,0.0,0.0
positive_delta,0.1,1.0,3,0.0,0.0
positive_delta,0.1,1.0,4,0.0,0.0
positive_delta,0.1,1.0,5,0.0,0.0
positive_delta,0.1,2.0,0,0.0,0.0
positive_delta,0.1,2.0,1,0.0,0.0
positive_delta,0.1,2.0,2,0.0,0.0
positive_delta,0.1,2.0,3,0.0,0.0
positive_delta,0.1,2.0,4,0.0,0.0
positive_delta,0.1,2.0,5,0.0,0.0
positive_delta,0.1,4.0,0,0.0,0.0
positive_delta,0.1,4.0,1,0.0,0.0
positive_delta,0.1,4.0,2,0.0,0.0
positive_delta,0.1,4.0,3,0.0,0.0
positive_delta,0.1,4.0,4,0.0,0.0
positive_delta,0.1,4.0,5,0.0,0.0
