transfer,noise,input_gain,representation,accuracy,active_fraction,silent_trial_fraction,tied_test_fraction,mean_activity
absolute,0.02,1.0,channels,1.0,0.985,0.0,0.0,0.1719248126979212
absolute,0.02,1.0,mapped_PNs,1.0,0.9862139917695473,0.0,0.0,0.1813802650384926
absolute,0.02,2.0,channels,1.0,0.985,0.0,0.0,0.3438496253958424
absolute,0.02,2.0,mapped_PNs,1.0,0.9862139917695473,0.0,0.0,0.3627605300769852
absolute,0.02,4.0,channels,1.0,0.985,0.0,0.0,0.6876992507916848
absolute,0.02,4.0,mapped_PNs,1.0,0.9862139917695473,0.0,0.0,0.7255210601539704
absolute,0.1,1.0,channels,0.9611111111111111,0.8385185185185186,0.0,0.0,0.18112226471408538
absolute,0.1,1.0,mapped_PNs,0.9444444444444444,0.8536625514403292,0.0,0.0,0.18960521417262355
absolute,0.1,2.0,channels,0.9611111111111111,0.8385185185185186,0.0,0.0,0.36224452942817076
absolute,0.1,2.0,mapped_PNs,0.9444444444444444,0.8536625514403292,0.0,0.0,0.3792104283452471
absolute,0.1,4.0,channels,0.9611111111111111,0.8385185185185186,0.0,0.0,0.7244890588563415
absolute,0.1,4.0,mapped_PNs,0.9444444444444444,0.8536625514403292,0.0,0.0,0.7584208566904942
positive_delta,0.02,1.0,channels,1.0,0.8650925925925926,0.0,0.0,0.12677945814426245
positive_delta,0.02,1.0,mapped_PNs,1.0,0.8614814814814815,0.0,0.0,0.13112878852644946
positive_delta,0.02,2.0,channels,1.0,0.8650925925925926,0.0,0.0,0.2535589162885249
positive_delta,0.02,2.0,mapped_PNs,1.0,0.8614814814814815,0.0,0.0,0.2622575770528989
positive_delta,0.02,4.0,channels,1.0,0.8650925925925926,0.0,0.0,0.5071178325770498
positive_delta,0.02,4.0,mapped_PNs,1.0,0.8614814814814815,0.0,0.0,0.5245151541057979
positive_delta,0.1,1.0,channels,0.9555555555555556,0.7313888888888889,0.0,0.0,0.14314764662797555
positive_delta,0.1,1.0,mapped_PNs,0.9472222222222222,0.7379423868312757,0.0,0.0,0.14700411635707777
positive_delta,0.1,2.0,channels,0.9555555555555556,0.7313888888888889,0.0,0.0,0.2862952932559511
positive_delta,0.1,2.0,mapped_PNs,0.9472222222222222,0.7379423868312757,0.0,0.0,0.29400823271415555
positive_delta,0.1,4.0,channels,0.9555555555555556,0.7313888888888889,0.0,0.0,0.5725905865119022
positive_delta,0.1,4.0,mapped_PNs,0.9472222222222222,0.7379423868312757,0.0,0.0,0.5880164654283111
