graph,kind,variant,gain,0.4,1.0,activity_change
0,empirical,directed_fixed,0.8,3.9928456270634356e-35,3.8301334231786886e-35,1.6271220388474693e-36
0,empirical,directed_fixed,1.2,1.4737449976420128e-15,9.040502822331334e-10,-9.040488084881358e-10
0,empirical,directed_fixed,1.6,0.011289374932064522,0.01067526505359352,0.0006141098784710024
0,empirical,directed_fixed,2.05,0.025701096977603782,0.024736935135812804,0.0009641618417909788
0,empirical,directed_fixed,2.5,0.03823950992564793,0.036132448343591084,0.0021070615820568475
0,empirical,symmetric_fixed,0.8,3.032650721786269e-33,2.2760509410053244e-33,7.565997807809444e-34
0,empirical,symmetric_fixed,1.2,6.301004417959495e-09,5.694294776892307e-09,6.067096410671882e-10
0,empirical,symmetric_fixed,1.6,0.017419155114621995,0.017329638346617326,8.95167680046681e-05
0,empirical,symmetric_fixed,2.05,0.03784833378206667,0.03763352243021322,0.0002148113518534514
0,empirical,symmetric_fixed,2.5,0.05628586376380568,0.05592198175306782,0.0003638820107378579
0,empirical,symmetric_renormalized,0.8,9.154210145419404e-19,2.2760509410053244e-33,9.154210145419381e-19
0,empirical,symmetric_renormalized,1.2,0.009880061789612427,5.694294776892307e-09,0.00988005609531765
0,empirical,symmetric_renormalized,1.6,0.031847218268120564,0.017329638346617326,0.014517579921503238
0,empirical,symmetric_renormalized,2.05,0.05374992423070646,0.03763352243021322,0.016116401800493237
0,empirical,symmetric_renormalized,2.5,0.07728280179674368,0.05592198175306782,0.021360820043675864
1,rewired,directed_fixed,0.8,6.012735903330251e-35,5.946782143521358e-35,6.5953759808893236e-37
1,rewired,directed_fixed,1.2,7.117759212152274e-10,7.037197828383481e-10,8.056138376879258e-12
1,rewired,directed_fixed,1.6,0.010507646174105233,0.010482162474594148,2.548369951108423e-05
1,rewired,directed_fixed,2.05,0.02310419233669336,0.023013122226580356,9.107011011300417e-05
1,rewired,directed_fixed,2.5,0.038625168426542886,0.038411566020642184,0.00021360240590070217
1,rewired,symmetric_fixed,0.8,8.178944700381763e-32,8.13601956287556e-32,4.292513750620284e-34
1,rewired,symmetric_fixed,1.2,0.0011957079277957808,0.0011947355700943794,9.723577014013936e-07
1,rewired,symmetric_fixed,1.6,0.01315698288560289,0.013148998583513595,7.984302089295361e-06
1,rewired,symmetric_fixed,2.05,0.030082743800805722,0.03005763288314927,2.5110917656452625e-05
1,rewired,symmetric_fixed,2.5,0.05208689569217005,0.05204028205460931,4.661363756074122e-05
1,rewired,symmetric_renormalized,0.8,2.4276658722496663e-20,8.13601956287556e-32,2.4276658722415302e-20
1,rewired,symmetric_renormalized,1.2,0.0078032202939080034,0.0011947355700943794,0.006608484723813624
1,rewired,symmetric_renormalized,1.6,0.02342916285674071,0.013148998583513595,0.010280164273227114
1,rewired,symmetric_renormalized,2.05,0.0483941296577114,0.03005763288314927,0.01833649677456213
1,rewired,symmetric_renormalized,2.5,0.0758018818014469,0.05204028205460931,0.023761599746837586
2,rewired,directed_fixed,0.8,5.035462146458571e-35,4.941592014649056e-35,9.387013180951472e-37
2,rewired,directed_fixed,1.2,9.535287131622796e-10,9.372683922998418e-10,1.6260320862437824e-11
2,rewired,directed_fixed,1.6,0.009383399525231182,0.009349189361713637,3.4210163517544787e-05
2,rewired,directed_fixed,2.05,0.0223385268468029,0.022241763572413597,9.676327438930266e-05
2,rewired,directed_fixed,2.5,0.039309585255228416,0.0391068786555958,0.00020270659963261828
2,rewired,symmetric_fixed,0.8,9.303016157927291e-31,9.099443179582033e-31,2.0357297834525813e-32
2,rewired,symmetric_fixed,1.2,0.0021807983242034795,0.0021732121018270684,7.5862223764110864e-06
2,rewired,symmetric_fixed,1.6,0.011894895780148771,0.01187479842349188,2.009735665689169e-05
2,rewired,symmetric_fixed,2.05,0.029855446650410743,0.029818942540562533,3.650410984821009e-05
2,rewired,symmetric_fixed,2.5,0.05064307912903904,0.050576264301035775,6.681482800326155e-05
2,rewired,symmetric_renormalized,0.8,6.572579768627404e-21,9.099443179582033e-31,6.57257976771746e-21
2,rewired,symmetric_renormalized,1.2,0.006816012359671547,0.0021732121018270684,0.004642800257844478
2,rewired,symmetric_renormalized,1.6,0.02201176177345433,0.01187479842349188,0.01013696334996245
2,rewired,symmetric_renormalized,2.05,0.044701738918266364,0.029818942540562533,0.01488279637770383
2,rewired,symmetric_renormalized,2.5,0.0719659088604556,0.050576264301035775,0.02138964455941983
3,rewired,directed_fixed,0.8,4.6657451711319974e-33,4.599600814540948e-33,6.614435659104954e-35
3,rewired,directed_fixed,1.2,5.339216205459639e-09,5.115837063033903e-09,2.2337914242573527e-10
3,rewired,directed_fixed,1.6,0.012163057525826988,0.012131562540606778,3.14949852202092e-05
3,rewired,directed_fixed,2.05,0.02589507204259035,0.02577032468424674,0.0001247473583436097
3,rewired,directed_fixed,2.5,0.043088155612018474,0.04284831365345007,0.0002398419585684028
3,rewired,symmetric_fixed,0.8,4.137034185248249e-27,4.1227351344942986e-27,1.4299050753950352e-29
3,rewired,symmetric_fixed,1.2,0.0034333117183763325,0.0034323946364515977,9.170819247348097e-07
3,rewired,symmetric_fixed,1.6,0.01250083328687624,0.012489363405989946,1.1469880886292791e-05
3,rewired,symmetric_fixed,2.05,0.028285501837148445,0.028240859781109233,4.464205603921245e-05
3,rewired,symmetric_fixed,2.5,0.048951660194713593,0.048872028774766305,7.96314199472889e-05
3,rewired,symmetric_renormalized,0.8,2.5141565715460346e-17,4.1227351344942986e-27,2.514156571133761e-17
3,rewired,symmetric_renormalized,1.2,0.006014287149227788,0.0034323946364515977,0.0025818925127761906
3,rewired,symmetric_renormalized,1.6,0.01729771801086205,0.012489363405989946,0.004808354604872105
3,rewired,symmetric_renormalized,2.05,0.03700023982042799,0.028240859781109233,0.008759380039318754
3,rewired,symmetric_renormalized,2.5,0.06138719573337274,0.048872028774766305,0.012515166958606438
4,rewired,directed_fixed,0.8,6.77952630822695e-35,6.408760357701899e-35,3.7076595052505124e-36
4,rewired,directed_fixed,1.2,8.728227857965797e-10,8.32906632617293e-10,3.991615317928669e-11
4,rewired,directed_fixed,1.6,0.010722086521999331,0.01053452884764667,0.0001875576743526619
4,rewired,directed_fixed,2.05,0.025553110384696265,0.025358784723903044,0.0001943256607932209
4,rewired,directed_fixed,2.5,0.044003892677971855,0.043748394106807705,0.00025549857116415053
4,rewired,symmetric_fixed,0.8,1.3337478246030104e-32,1.30895746375242e-32,2.4790360850590274e-34
4,rewired,symmetric_fixed,1.2,0.00036504139374166794,0.0003649990768457409,4.2316895927044934e-08
4,rewired,symmetric_fixed,1.6,0.01263820763918921,0.012637136341296108,1.0712978931026046e-06
4,rewired,symmetric_fixed,2.05,0.030561024226749355,0.030558131948499462,2.8922782498927435e-06
4,rewired,symmetric_fixed,2.5,0.05308881068797669,0.05308101231688742,7.798371089266787e-06
4,rewired,symmetric_renormalized,0.8,7.496190274443101e-21,1.30895746375242e-32,7.496190274430011e-21
4,rewired,symmetric_renormalized,1.2,0.007952553968354176,0.0003649990768457409,0.007587554891508435
4,rewired,symmetric_renormalized,1.6,0.02453343099002645,0.012637136341296108,0.011896294648730344
4,rewired,symmetric_renormalized,2.05,0.05085038784435364,0.030558131948499462,0.020292255895854178
4,rewired,symmetric_renormalized,2.5,0.07839072281301947,0.05308101231688742,0.025309710496132044
5,rewired,directed_fixed,0.8,2.469480054878091e-35,2.3946397953057906e-35,7.48402595723006e-37
5,rewired,directed_fixed,1.2,6.75976767419787e-10,7.954768554805886e-10,-1.1950008806080165e-10
5,rewired,directed_fixed,1.6,0.009679648256355065,0.009605745480290145,7.390277606491961e-05
5,rewired,directed_fixed,2.05,0.023619415841021882,0.023299617906677138,0.00031979793434474407
5,rewired,directed_fixed,2.5,0.04227042738742188,0.04163108237596723,0.0006393450114546492
5,rewired,symmetric_fixed,0.8,3.4276614868775626e-33,3.37405126673626e-33,5.361022014130267e-35
5,rewired,symmetric_fixed,1.2,6.3510756914332786e-09,6.315854687834751e-09,3.522100359852778e-11
5,rewired,symmetric_fixed,1.6,0.010720322962726864,0.010679759590461673,4.05633722651913e-05
5,rewired,symmetric_fixed,2.05,0.027059197918708186,0.027020238470815285,3.8959447892901455e-05
5,rewired,symmetric_fixed,2.5,0.050371794316206135,0.05031357409148543,5.822022472070504e-05
5,rewired,symmetric_renormalized,0.8,5.794730276346908e-21,3.37405126673626e-33,5.794730276343534e-21
5,rewired,symmetric_renormalized,1.2,0.0071101752377114745,6.315854687834751e-09,0.007110168921856786
5,rewired,symmetric_renormalized,1.6,0.022188416082457724,0.010679759590461673,0.01150865649199605
5,rewired,symmetric_renormalized,2.05,0.04898787023728377,0.027020238470815285,0.021967631766468487
5,rewired,symmetric_renormalized,2.5,0.07928393115382254,0.05031357409148543,0.02897035706233711
6,rewired,directed_fixed,0.8,5.119032898336092e-35,5.05507403486442e-35,6.3958863471671705e-37
6,rewired,directed_fixed,1.2,9.378036658449587e-10,9.276651235580646e-10,1.0138542286894078e-11
6,rewired,directed_fixed,1.6,0.010901859744494851,0.010857622891633495,4.423685286135577e-05
6,rewired,directed_fixed,2.05,0.022712281352821252,0.02253253492083531,0.00017974643198594153
6,rewired,directed_fixed,2.5,0.04002864681473765,0.03954574768022817,0.00048289913450948185
6,rewired,symmetric_fixed,0.8,1.2589002661123154e-32,1.2493449436988842e-32,9.555322413431218e-35
6,rewired,symmetric_fixed,1.2,0.00033170490074198354,0.0003297494266770462,1.9554740649373615e-06
6,rewired,symmetric_fixed,1.6,0.011577470328873237,0.01153544424511804,4.2026083755197785e-05
6,rewired,symmetric_fixed,2.05,0.028338564152601373,0.02823530777758921,0.00010325637501216317
6,rewired,symmetric_fixed,2.5,0.050034412675026334,0.049895750187898366,0.00013866248712796764
6,rewired,symmetric_renormalized,0.8,7.617485189575986e-21,1.2493449436988842e-32,7.617485189563493e-21
6,rewired,symmetric_renormalized,1.2,0.00734059460278572,0.0003297494266770462,0.0070108451761086744
6,rewired,symmetric_renormalized,1.6,0.022545813400953664,0.01153544424511804,0.011010369155835625
6,rewired,symmetric_renormalized,2.05,0.04785119372201251,0.02823530777758921,0.019615885944423303
6,rewired,symmetric_renormalized,2.5,0.07603319595848618,0.049895750187898366,0.02613744577058781
7,rewired,directed_fixed,0.8,3.004137010852683e-35,2.961119897418468e-35,4.3017113434215195e-37
7,rewired,directed_fixed,1.2,9.269042038756565e-10,9.158404469391509e-10,1.1063756936505644e-11
7,rewired,directed_fixed,1.6,0.01157798751115036,0.011566060875959416,1.192663519094389e-05
7,rewired,directed_fixed,2.05,0.02703358324035285,0.02697450259509738,5.908064525547013e-05
7,rewired,directed_fixed,2.5,0.044065644225266085,0.04391104518075821,0.00015459904450787487
7,rewired,symmetric_fixed,0.8,3.468050854945337e-32,3.4534342936859846e-32,1.4616561259352553e-34
7,rewired,symmetric_fixed,1.2,0.0007673263980470496,0.0007671948930529891,1.3150499406045998e-07
7,rewired,symmetric_fixed,1.6,0.014124765161123643,0.014116864725863418,7.900435260225352e-06
7,rewired,symmetric_fixed,2.05,0.033443786776283776,0.03341802130961878,2.576546666499535e-05
7,rewired,symmetric_fixed,2.5,0.05297637568917907,0.052927529097477874,4.884659170119321e-05
7,rewired,symmetric_renormalized,0.8,5.1719031837825307e-17,3.4534342936859846e-32,5.171903183782527e-17
7,rewired,symmetric_renormalized,1.2,0.008463661816433238,0.0007671948930529891,0.007696466923380249
7,rewired,symmetric_renormalized,1.6,0.02685144226151232,0.014116864725863418,0.0127345775356489
7,rewired,symmetric_renormalized,2.05,0.05005426335461116,0.03341802130961878,0.01663624204499238
7,rewired,symmetric_renormalized,2.5,0.07488892043839693,0.052927529097477874,0.021961391340919054
8,rewired,directed_fixed,0.8,9.901616347495056e-35,9.867397065123356e-35,3.421928237170005e-37
8,rewired,directed_fixed,1.2,1.2831570534087462e-09,1.2789250435417573e-09,4.232009866988897e-12
8,rewired,directed_fixed,1.6,0.011682835568273535,0.011662499583973442,2.033598430009262e-05
8,rewired,directed_fixed,2.05,0.02480982811784976,0.024712987153567845,9.684096428191555e-05
8,rewired,directed_fixed,2.5,0.04118353566473451,0.04099073703890286,0.00019279862583165136
8,rewired,symmetric_fixed,0.8,1.3309316006131223e-32,1.327663510631125e-32,3.26808998199718e-35
8,rewired,symmetric_fixed,1.2,0.00027917700174173656,0.00027883699649242544,3.4000524931111775e-07
8,rewired,symmetric_fixed,1.6,0.01298862002983933,0.012979338506902872,9.281522936457898e-06
8,rewired,symmetric_fixed,2.05,0.030205947646719845,0.030192502838772006,1.344480794783845e-05
8,rewired,symmetric_fixed,2.5,0.051694188397789435,0.051677711104665715,1.6477293123720593e-05
8,rewired,symmetric_renormalized,0.8,8.91340874587879e-21,1.327663510631125e-32,8.913408745865513e-21
8,rewired,symmetric_renormalized,1.2,0.008493626065075456,0.00027883699649242544,0.00821478906858303
8,rewired,symmetric_renormalized,1.6,0.024654476012687256,0.012979338506902872,0.011675137505784383
8,rewired,symmetric_renormalized,2.05,0.04958305238863922,0.030192502838772006,0.019390549549867214
8,rewired,symmetric_renormalized,2.5,0.07781685627808464,0.051677711104665715,0.026139145173418928
9,rewired,directed_fixed,0.8,4.052581834703713e-35,3.9024118311946836e-35,1.5017000350902919e-36
9,rewired,directed_fixed,1.2,1.1899903273734567e-09,1.154075151251695e-09,3.591517612176168e-11
9,rewired,directed_fixed,1.6,0.011631739548006599,0.011594299362142478,3.7440185864120665e-05
9,rewired,directed_fixed,2.05,0.025509490607629248,0.025391377760461502,0.00011811284716774575
9,rewired,directed_fixed,2.5,0.04228142184400383,0.042040212296875656,0.00024120954712817527
9,rewired,symmetric_fixed,0.8,5.884784268734289e-33,5.797388049415553e-33,8.739621931873644e-35
9,rewired,symmetric_fixed,1.2,8.667307781125399e-07,8.509562296992984e-07,1.5774548413241562e-08
9,rewired,symmetric_fixed,1.6,0.01180421844790801,0.011789216557036152,1.5001890871857784e-05
9,rewired,symmetric_fixed,2.05,0.02814030719454348,0.028108576485515846,3.173070902763239e-05
9,rewired,symmetric_fixed,2.5,0.051195105717622605,0.05114739840371023,4.770731391237626e-05
9,rewired,symmetric_renormalized,0.8,6.512469314305522e-21,5.797388049415553e-33,6.5124693142997244e-21
9,rewired,symmetric_renormalized,1.2,0.00722399336790713,8.509562296992984e-07,0.007223142411677431
9,rewired,symmetric_renormalized,1.6,0.022820992212450632,0.011789216557036152,0.01103177565541448
9,rewired,symmetric_renormalized,2.05,0.04949402752425717,0.028108576485515846,0.021385451038741322
9,rewired,symmetric_renormalized,2.5,0.0774905302588376,0.05114739840371023,0.026343131855127377
10,rewired,directed_fixed,0.8,6.653122863064581e-35,3.5796950674909997e-35,3.0734277955735815e-35
10,rewired,directed_fixed,1.2,8.914437516840453e-10,7.040628632302076e-10,1.8738088845383768e-10
10,rewired,directed_fixed,1.6,0.012301818465878949,0.012148158952836937,0.00015365951304201209
10,rewired,directed_fixed,2.05,0.02782524197380305,0.027363712190394573,0.0004615297834084757
10,rewired,directed_fixed,2.5,0.04466006203255209,0.04393572278673162,0.0007243392458204725
10,rewired,symmetric_fixed,0.8,1.4201272597502757e-32,1.3361955326957652e-32,8.393172705451054e-34
10,rewired,symmetric_fixed,1.2,0.00043073527388561646,0.00043065941086361614,7.586302200031456e-08
10,rewired,symmetric_fixed,1.6,0.013578208233511647,0.013569711469765582,8.496763746064853e-06
10,rewired,symmetric_fixed,2.05,0.031129308572693012,0.031108406172397508,2.0902400295504803e-05
10,rewired,symmetric_fixed,2.5,0.05140374118946278,0.051381506303141256,2.2234886321526037e-05
10,rewired,symmetric_renormalized,0.8,1.5230531007815122e-22,1.3361955326957652e-32,1.5230531006478926e-22
10,rewired,symmetric_renormalized,1.2,0.0070264626124832,0.00043065941086361614,0.006595803201619584
10,rewired,symmetric_renormalized,1.6,0.023814637284303372,0.013569711469765582,0.01024492581453779
10,rewired,symmetric_renormalized,2.05,0.04650017975972916,0.031108406172397508,0.01539177358733165
10,rewired,symmetric_renormalized,2.5,0.07245833706709863,0.051381506303141256,0.021076830763957374
11,rewired,directed_fixed,0.8,3.0231446928314067e-35,2.9679829429940485e-35,5.516174983735823e-37
11,rewired,directed_fixed,1.2,8.0800582548242e-10,7.892269241354523e-10,1.877890134696775e-11
11,rewired,directed_fixed,1.6,0.01153581794801604,0.011488204901657455,4.761304635858381e-05
11,rewired,directed_fixed,2.05,0.02895757843594859,0.02880327147475725,0.00015430696119134168
11,rewired,directed_fixed,2.5,0.04714393570763468,0.04687209256182111,0.00027184314581357033
11,rewired,symmetric_fixed,0.8,5.00725561393117e-33,4.9781763530309374e-33,2.907926090023229e-35
11,rewired,symmetric_fixed,1.2,8.028642970576526e-08,7.985082095308558e-08,4.3560875267968295e-10
11,rewired,symmetric_fixed,1.6,0.012503405484188905,0.012499803678957052,3.6018052318523286e-06
11,rewired,symmetric_fixed,2.05,0.03143763682686988,0.03142511547171914,1.2521355150743596e-05
11,rewired,symmetric_fixed,2.5,0.05175839574347464,0.0517306289461123,2.7766797362341333e-05
11,rewired,symmetric_renormalized,0.8,6.909606912305612e-21,4.9781763530309374e-33,6.909606912300633e-21
11,rewired,symmetric_renormalized,1.2,0.007996462167208278,7.985082095308558e-08,0.007996382316387324
11,rewired,symmetric_renormalized,1.6,0.026099646476379135,0.012499803678957052,0.013599842797422082
11,rewired,symmetric_renormalized,2.05,0.05043099855801718,0.03142511547171914,0.01900588308629804
11,rewired,symmetric_renormalized,2.5,0.07681160444792885,0.0517306289461123,0.025080975501816552
12,rewired,directed_fixed,0.8,4.003084088466027e-35,3.9341119978403714e-35,6.897209062565572e-37
12,rewired,directed_fixed,1.2,7.98920768478532e-10,7.848806095804606e-10,1.4040158898071424e-11
12,rewired,directed_fixed,1.6,0.012128425294876321,0.012049667279147703,7.875801572861801e-05
12,rewired,directed_fixed,2.05,0.027337745628743818,0.027115505448815254,0.00022224017992856365
12,rewired,directed_fixed,2.5,0.04352315367938677,0.04305802230186652,0.00046513137752025174
12,rewired,symmetric_fixed,0.8,8.388872841340563e-33,8.266900368890867e-33,1.2197247244969521e-34
12,rewired,symmetric_fixed,1.2,4.881434769884751e-05,4.5926405761008744e-05,2.887941937838764e-06
12,rewired,symmetric_fixed,1.6,0.012944292989713491,0.01290620284609991,3.8090143613582136e-05
12,rewired,symmetric_fixed,2.05,0.030548512688968157,0.030456334392590233,9.217829637792399e-05
12,rewired,symmetric_fixed,2.5,0.05167645965147945,0.05150014676660736,0.00017631288487209018
12,rewired,symmetric_renormalized,0.8,5.558675616708697e-13,8.266900368890867e-33,5.558675616708697e-13
12,rewired,symmetric_renormalized,1.2,0.008364331637981665,4.5926405761008744e-05,0.008318405232220657
12,rewired,symmetric_renormalized,1.6,0.025301384691728317,0.01290620284609991,0.012395181845628407
12,rewired,symmetric_renormalized,2.05,0.049775065434700436,0.030456334392590233,0.019318731042110203
12,rewired,symmetric_renormalized,2.5,0.07793031849093657,0.05150014676660736,0.02643017172432921
13,rewired,directed_fixed,0.8,2.570295457696464e-35,2.4793154665199965e-35,9.097999117646767e-37
13,rewired,directed_fixed,1.2,6.996025248736666e-10,6.735368436424614e-10,2.6065681231205177e-11
13,rewired,directed_fixed,1.6,0.010774689680824269,0.010681794993599341,9.289468722492762e-05
13,rewired,directed_fixed,2.05,0.024493002275674844,0.02415663766881493,0.0003363646068599152
13,rewired,directed_fixed,2.5,0.041146562683507755,0.040421307611457014,0.0007252550720507414
13,rewired,symmetric_fixed,0.8,3.9346063129375984e-33,3.833816733313429e-33,1.007895796241694e-34
13,rewired,symmetric_fixed,1.2,5.461282103565213e-08,4.974482790452724e-08,4.867993131124891e-09
13,rewired,symmetric_fixed,1.6,0.011428948101603114,0.01141401577030598,1.493233129713431e-05
13,rewired,symmetric_fixed,2.05,0.027527737124423253,0.027505072828839898,2.2664295583355032e-05
13,rewired,symmetric_fixed,2.5,0.04989320490411467,0.049863030266875843,3.0174637238825075e-05
13,rewired,symmetric_renormalized,0.8,5.32143924822461e-21,3.833816733313429e-33,5.321439248220776e-21
13,rewired,symmetric_renormalized,1.2,0.007320872834646006,4.974482790452724e-08,0.0073208230898181015
13,rewired,symmetric_renormalized,1.6,0.022394271767798936,0.01141401577030598,0.010980255997492956
13,rewired,symmetric_renormalized,2.05,0.04836949799130528,0.027505072828839898,0.02086442516246538
13,rewired,symmetric_renormalized,2.5,0.07735230311819323,0.049863030266875843,0.027489272851317387
14,rewired,directed_fixed,0.8,7.827924571154324e-34,7.662858023070829e-34,1.6506654808349455e-35
14,rewired,directed_fixed,1.2,1.6433677479337243e-09,1.5981766249413433e-09,4.519112299238103e-11
14,rewired,directed_fixed,1.6,0.011187439812818074,0.0111650400167256,2.2399796092474264e-05
14,rewired,directed_fixed,2.05,0.02561067804971428,0.025503490037393804,0.00010718801232047562
14,rewired,directed_fixed,2.5,0.0438020864915735,0.043598672532874416,0.0002034139586990849
14,rewired,symmetric_fixed,0.8,9.822195300825116e-29,9.731793559448264e-29,9.040174137685135e-31
14,rewired,symmetric_fixed,1.2,0.0030218809003098486,0.0030213326370664437,5.482632434048937e-07
14,rewired,symmetric_fixed,1.6,0.01365654298419454,0.013651527302732766,5.0156814617747375e-06
14,rewired,symmetric_fixed,2.05,0.032717582786211896,0.03269651435193499,2.106843427690519e-05
14,rewired,symmetric_fixed,2.5,0.05533350857336683,0.05529191304636165,4.159552700518099e-05
14,rewired,symmetric_renormalized,0.8,8.31654657958127e-21,9.731793559448264e-29,8.316546482263334e-21
14,rewired,symmetric_renormalized,1.2,0.006711882076054375,0.0030213326370664437,0.0036905494389879315
14,rewired,symmetric_renormalized,1.6,0.021331477715274747,0.013651527302732766,0.007679950412541981
14,rewired,symmetric_renormalized,2.05,0.04560592135541111,0.03269651435193499,0.01290940700347612
14,rewired,symmetric_renormalized,2.5,0.07134380880597872,0.05529191304636165,0.016051895759617074
15,rewired,directed_fixed,0.8,4.521975960538521e-35,4.4596822958549075e-35,6.229366468361376e-37
15,rewired,directed_fixed,1.2,7.954156629720261e-10,7.86497533156671e-10,8.918129815355037e-12
15,rewired,directed_fixed,1.6,0.010337581183394003,0.010315663799587045,2.1917383806958207e-05
15,rewired,directed_fixed,2.05,0.025240695550804878,0.025184300079436287,5.6395471368590744e-05
15,rewired,directed_fixed,2.5,0.043768643420130995,0.04364480249652153,0.00012384092360946675
15,rewired,symmetric_fixed,0.8,4.111152959000796e-33,4.086969823160909e-33,2.418313583988735e-35
15,rewired,symmetric_fixed,1.2,1.0830958841921178e-07,1.0821422335354272e-07,9.536506566906389e-11
15,rewired,symmetric_fixed,1.6,0.012384607597615888,0.012375963589624174,8.644007991713554e-06
15,rewired,symmetric_fixed,2.05,0.030449531752512016,0.03042874696150113,2.078479101088812e-05
15,rewired,symmetric_fixed,2.5,0.05318972982030057,0.053151908502717476,3.782131758309215e-05
15,rewired,symmetric_renormalized,0.8,5.459723210008676e-21,4.086969823160909e-33,5.459723210004589e-21
15,rewired,symmetric_renormalized,1.2,0.007960467871512309,1.0821422335354272e-07,0.007960359657288956
15,rewired,symmetric_renormalized,1.6,0.025008133418671846,0.012375963589624174,0.012632169829047671
15,rewired,symmetric_renormalized,2.05,0.05163322648618713,0.03042874696150113,0.021204479524686
15,rewired,symmetric_renormalized,2.5,0.08081098158645167,0.053151908502717476,0.027659073083734192
16,rewired,directed_fixed,0.8,4.7117534758319864e-35,4.573315774458563e-35,1.3843770137342358e-36
16,rewired,directed_fixed,1.2,6.990721094308687e-10,6.785956029419074e-10,2.047650648896125e-11
16,rewired,directed_fixed,1.6,0.010818193585550544,0.010711889942177897,0.00010630364337264712
16,rewired,directed_fixed,2.05,0.026034287154712895,0.025825308704425273,0.00020897845028762171
16,rewired,directed_fixed,2.5,0.04452635960535235,0.04419346926881455,0.0003328903365378
16,rewired,symmetric_fixed,0.8,1.8224058676705756e-33,1.1194132451008169e-33,7.029926225697587e-34
16,rewired,symmetric_fixed,1.2,3.712745276387453e-09,2.9201825399923435e-09,7.925627363951095e-10
16,rewired,symmetric_fixed,1.6,0.01284829237003706,0.012760149270534697,8.814309950236354e-05
16,rewired,symmetric_fixed,2.05,0.03152116206026953,0.03140403165901386,0.0001171304012556676
16,rewired,symmetric_fixed,2.5,0.05297525208531574,0.052828056681686816,0.0001471954036289247
16,rewired,symmetric_renormalized,0.8,8.566093638509655e-21,1.1194132451008169e-33,8.566093638508535e-21
16,rewired,symmetric_renormalized,1.2,0.008566691756752285,2.9201825399923435e-09,0.008566688836569745
16,rewired,symmetric_renormalized,1.6,0.02654315614244912,0.012760149270534697,0.013783006871914423
16,rewired,symmetric_renormalized,2.05,0.05265770088612916,0.03140403165901386,0.021253669227115295
16,rewired,symmetric_renormalized,2.5,0.07858751224536062,0.052828056681686816,0.025759455563673803
17,rewired,directed_fixed,0.8,2.3686396322855664e-34,2.293885213685327e-34,7.475441860023925e-36
17,rewired,directed_fixed,1.2,1.0781587008329584e-09,1.0403420774370085e-09,3.7816623395949905e-11
17,rewired,directed_fixed,1.6,0.011077099339465078,0.010992140254722055,8.49590847430224e-05
17,rewired,directed_fixed,2.05,0.024740854384125724,0.024350762382521873,0.0003900920016038506
17,rewired,directed_fixed,2.5,0.03940170249759335,0.039253036499996716,0.00014866599759663646
17,rewired,symmetric_fixed,0.8,2.5118914710551186e-28,2.478514218195126e-28,3.337725285999249e-30
17,rewired,symmetric_fixed,1.2,0.0032990071068812353,0.0032970729550512523,1.9341518299829247e-06
17,rewired,symmetric_fixed,1.6,0.012858039922057245,0.012852868578155577,5.171343901667555e-06
17,rewired,symmetric_fixed,2.05,0.02837691967730996,0.02836268230009908,1.4237377210877394e-05
17,rewired,symmetric_fixed,2.5,0.04962822180730219,0.049593061086194094,3.5160721108096205e-05
17,rewired,symmetric_renormalized,0.8,4.912550563167429e-19,2.478514218195126e-28,4.912550560688915e-19
17,rewired,symmetric_renormalized,1.2,0.006874638396411864,0.0032970729550512523,0.0035775654413606117
17,rewired,symmetric_renormalized,1.6,0.01862410382268279,0.012852868578155577,0.005771235244527212
17,rewired,symmetric_renormalized,2.05,0.039475144338546694,0.02836268230009908,0.011112462038447613
17,rewired,symmetric_renormalized,2.5,0.06455344629520995,0.049593061086194094,0.01496038520901586
18,rewired,directed_fixed,0.8,4.967760748369689e-35,4.506939372007207e-35,4.60821376362482e-36
18,rewired,directed_fixed,1.2,9.054245144555846e-10,8.783303521939866e-10,2.7094162261598007e-11
18,rewired,directed_fixed,1.6,0.011598612781740077,0.011465661845120314,0.00013295093661976239
18,rewired,directed_fixed,2.05,0.027358955507116412,0.027101419686347397,0.00025753582076901496
18,rewired,directed_fixed,2.5,0.04434490342275952,0.04393624286413475,0.00040866055862476963
18,rewired,symmetric_fixed,0.8,9.89350817003577e-33,8.962682887180866e-33,9.308252828549033e-34
18,rewired,symmetric_fixed,1.2,0.00016819644963400837,8.500994853118654e-05,8.318650110282183e-05
18,rewired,symmetric_fixed,1.6,0.012852708938611268,0.012792438738445287,6.0270200165980434e-05
18,rewired,symmetric_fixed,2.05,0.030960655873580142,0.03084124474774979,0.0001194111258303529
18,rewired,symmetric_fixed,2.5,0.051973294079324155,0.05181614306011066,0.00015715101921349311
18,rewired,symmetric_renormalized,0.8,5.660127658148775e-13,8.962682887180866e-33,5.660127658148775e-13
18,rewired,symmetric_renormalized,1.2,0.008244121314544082,8.500994853118654e-05,0.008159111366012895
18,rewired,symmetric_renormalized,1.6,0.025365048783365887,0.012792438738445287,0.0125726100449206
18,rewired,symmetric_renormalized,2.05,0.050053046042623034,0.03084124474774979,0.019211801294873244
18,rewired,symmetric_renormalized,2.5,0.07615117595202553,0.05181614306011066,0.024335032891914868
19,rewired,directed_fixed,0.8,6.993484485654246e-35,6.933780750473762e-35,5.97037351804843e-37
19,rewired,directed_fixed,1.2,9.456480793369792e-10,9.380594465381633e-10,7.588632798815925e-12
19,rewired,directed_fixed,1.6,0.009764931673003656,0.009720983915293505,4.394775771015061e-05
19,rewired,directed_fixed,2.05,0.02373834367930936,0.02361341396544784,0.0001249297138615213
19,rewired,directed_fixed,2.5,0.04229711036766269,0.04207248018279568,0.00022463018486701403
19,rewired,symmetric_fixed,0.8,2.396255166341045e-32,2.3870894427316914e-32,9.1657236093536e-35
19,rewired,symmetric_fixed,1.2,0.0006642998701487585,0.0006639016277188228,3.9824242993569646e-07
19,rewired,symmetric_fixed,1.6,0.011366793874076776,0.011358839821262073,7.954052814703252e-06
19,rewired,symmetric_fixed,2.05,0.028808959263837322,0.028784977114575526,2.398214926179615e-05
19,rewired,symmetric_fixed,2.5,0.0523394147552256,0.05229439658446395,4.501817076164871e-05
19,rewired,symmetric_renormalized,0.8,6.7621834841865724e-21,2.3870894427316914e-32,6.7621834841627014e-21
19,rewired,symmetric_renormalized,1.2,0.006948907623398521,0.0006639016277188228,0.006285005995679698
19,rewired,symmetric_renormalized,1.6,0.0224076014311045,0.011358839821262073,0.011048761609842426
19,rewired,symmetric_renormalized,2.05,0.04934651510818934,0.028784977114575526,0.020561537993613814
19,rewired,symmetric_renormalized,2.5,0.07757093362431229,0.05229439658446395,0.02527653703984834
20,rewired,directed_fixed,0.8,2.8812740441843894e-34,2.8703049376797526e-34,1.0969106504636806e-36
20,rewired,directed_fixed,1.2,9.554013914426557e-10,9.508932640161114e-10,4.508127426544294e-12
20,rewired,directed_fixed,1.6,0.010934826873814847,0.010907520729218243,2.73061445966033e-05
20,rewired,directed_fixed,2.05,0.02466283139481206,0.024551522886802946,0.00011130850800911488
20,rewired,directed_fixed,2.5,0.042086547103028726,0.04180905156732562,0.0002774955357031095
20,rewired,symmetric_fixed,0.8,5.7082157232657355e-28,5.680477566320469e-28,2.7738156945266466e-30
20,rewired,symmetric_fixed,1.2,0.003477547316180879,0.0034732760476950016,4.27126848587733e-06
20,rewired,symmetric_fixed,1.6,0.012802512977449287,0.012787043040747813,1.5469936701473924e-05
20,rewired,symmetric_fixed,2.05,0.03129480197796077,0.031258649419979995,3.615255798077727e-05
20,rewired,symmetric_fixed,2.5,0.05390271130031478,0.053847839582578834,5.487171773594507e-05
20,rewired,symmetric_renormalized,0.8,1.4294108914256436e-15,5.680477566320469e-28,1.4294108914250756e-15
20,rewired,symmetric_renormalized,1.2,0.006569968461095851,0.0034732760476950016,0.00309669241340085
20,rewired,symmetric_renormalized,1.6,0.019298975192043,0.012787043040747813,0.006511932151295186
20,rewired,symmetric_renormalized,2.05,0.04279720982131856,0.031258649419979995,0.011538560401338563
20,rewired,symmetric_renormalized,2.5,0.06797037573662057,0.053847839582578834,0.014122536154041736
