graph,kind,variant,gaba,gain,mean_activity,max_residual,converged,max_endpoint_distance,steps,normalization_scale
0,empirical,symmetric_renormalized,1.0,0.8,2.2760509410053244e-33,1.9867652019320167e-31,True,6.245150320067952e-31,2000,182.4490185740012
0,empirical,symmetric_renormalized,1.0,1.2,0.0001801180394813004,0.0003194323699038798,False,0.04546171635034802,2000,182.4490185740012
0,empirical,symmetric_renormalized,1.0,1.6,0.01732964216690199,2.696158146742178e-08,False,1.8114858276740025e-07,2000,182.4490185740012
0,empirical,symmetric_renormalized,1.0,2.05,0.03763352243021322,5.551115123125783e-16,True,9.810375185792587e-15,2000,182.4490185740012
0,empirical,symmetric_renormalized,1.0,2.5,0.05592198175306782,5.551115123125783e-16,True,1.788112030672749e-18,2000,182.4490185740012
0,empirical,symmetric_renormalized,0.4,0.8,9.154210145419404e-19,4.4268443078710517e-17,True,9.924031718369041e-17,1650,153.3375613900725
0,empirical,symmetric_renormalized,0.4,1.2,0.009880061789612427,9.917969306938446e-09,True,1.358428686249832e-07,1650,153.3375613900725
0,empirical,symmetric_renormalized,0.4,1.6,0.031847218268120564,5.551115123125783e-16,True,2.4536436990251258e-60,1650,153.3375613900725
0,empirical,symmetric_renormalized,0.4,2.05,0.05374992423070646,5.551115123125783e-16,True,4.235164736271502e-22,1650,153.3375613900725
0,empirical,symmetric_renormalized,0.4,2.5,0.07728280179674368,5.551115123125783e-16,True,2.927447667883061e-51,1650,153.3375613900725
0,empirical,symmetric_fixed,1.0,0.8,2.2760509410053244e-33,1.9867652019320167e-31,True,6.245150320067952e-31,2000,182.4490185740012
0,empirical,symmetric_fixed,1.0,1.2,0.0001801180394813004,0.0003194323699038798,False,0.04546171635034802,2000,182.4490185740012
0,empirical,symmetric_fixed,1.0,1.6,0.01732964216690199,2.696158146742178e-08,False,1.8114858276740025e-07,2000,182.4490185740012
0,empirical,symmetric_fixed,1.0,2.05,0.03763352243021322,5.551115123125783e-16,True,9.810375185792587e-15,2000,182.4490185740012
0,empirical,symmetric_fixed,1.0,2.5,0.05592198175306782,5.551115123125783e-16,True,1.788112030672749e-18,2000,182.4490185740012
0,empirical,symmetric_fixed,0.4,0.8,3.032650721786269e-33,2.361167937504492e-31,True,3.484048948515727e-31,2000,182.4490185740012
0,empirical,symmetric_fixed,0.4,1.2,0.00020842636457890038,0.00033189133212933875,False,0.005727497518698306,2000,182.4490185740012
0,empirical,symmetric_fixed,0.4,1.6,0.017419158867438576,2.650493163836032e-08,False,1.773520908104663e-07,2000,182.4490185740012
0,empirical,symmetric_fixed,0.4,2.05,0.03784833378206667,5.551115123125783e-16,True,1.117151048194642e-14,2000,182.4490185740012
0,empirical,symmetric_fixed,0.4,2.5,0.05628586376380568,5.551115123125783e-16,True,1.0046735184249549e-66,2000,182.4490185740012
0,empirical,directed_fixed,1.0,0.8,3.8301334231786886e-35,3.544141139113206e-33,True,2.10847175139017e-33,2000,176.00106336061276
0,empirical,directed_fixed,1.0,1.2,3.4960364851712357e-07,3.2642645404137052e-06,False,3.7180925458350627e-06,2000,176.00106336061276
0,empirical,directed_fixed,1.0,1.6,0.01067526505359352,2.9553483158958893e-09,True,5.3598720570599835e-09,2000,176.00106336061276
0,empirical,directed_fixed,1.0,2.05,0.024736935135812804,5.551115123125783e-16,True,3.242271923302355e-17,2000,176.00106336061276
0,empirical,directed_fixed,1.0,2.5,0.036132448343591084,5.551115123125783e-16,True,1.0184563564467746e-14,2000,176.00106336061276
0,empirical,directed_fixed,0.4,0.8,3.9928456270634356e-35,3.5757130843492036e-33,True,2.145505338819127e-33,2000,176.00106336061276
0,empirical,directed_fixed,0.4,1.2,3.654070582885008e-07,3.299074618045165e-06,False,3.7709724183987273e-06,2000,176.00106336061276
0,empirical,directed_fixed,0.4,1.6,0.011289374932064522,2.9760047664043054e-09,True,5.397379898206366e-09,2000,176.00106336061276
0,empirical,directed_fixed,0.4,2.05,0.025691794453273617,0.0007552003823083353,False,0.25282009557935187,2000,176.00106336061276
0,empirical,directed_fixed,0.4,2.5,0.03823950992564793,8.577583088253959e-13,True,0.6949970222971875,2000,176.00106336061276
1,rewired,symmetric_renormalized,1.0,0.8,8.13601956287556e-32,6.42302198332688e-30,True,4.3231491814601464e-30,2000,176.17387578198554
1,rewired,symmetric_renormalized,1.0,1.2,0.0011996484232219694,2.0916930051462224e-05,False,0.00012670014969192844,2000,176.17387578198554
1,rewired,symmetric_renormalized,1.0,1.6,0.013148998583513595,3.796907233066804e-12,True,4.6766723355101165e-11,2000,176.17387578198554
1,rewired,symmetric_renormalized,1.0,2.05,0.03005763288314927,5.551115123125783e-16,True,1.392780330932372e-14,2000,176.17387578198554
1,rewired,symmetric_renormalized,1.0,2.5,0.05204028205460931,5.551115123125783e-16,True,1.455099473106235e-14,2000,176.17387578198554
1,rewired,symmetric_renormalized,0.4,0.8,2.4276658722496663e-20,1.153642890763887e-18,True,1.088558380526737e-18,1950,148.87260733003933
1,rewired,symmetric_renormalized,0.4,1.2,0.0078032202939080034,9.306953818732921e-09,True,1.8500916828451483e-07,1950,148.87260733003933
1,rewired,symmetric_renormalized,0.4,1.6,0.02342916285674071,5.551115123125783e-16,True,1.677131233812273e-70,1950,148.87260733003933
1,rewired,symmetric_renormalized,0.4,2.05,0.0483941296577114,5.551115123125783e-16,True,1.4268429852429542e-14,1950,148.87260733003933
1,rewired,symmetric_renormalized,0.4,2.5,0.0758018818014469,5.551115123125783e-16,True,9.960774906488971e-16,1950,148.87260733003933
1,rewired,symmetric_fixed,1.0,0.8,8.13601956287556e-32,6.42302198332688e-30,True,4.3231491814601464e-30,2000,176.17387578198554
1,rewired,symmetric_fixed,1.0,1.2,0.0011996484232219694,2.0916930051462224e-05,False,0.00012670014969192844,2000,176.17387578198554
1,rewired,symmetric_fixed,1.0,1.6,0.013148998583513595,3.796907233066804e-12,True,4.6766723355101165e-11,2000,176.17387578198554
1,rewired,symmetric_fixed,1.0,2.05,0.03005763288314927,5.551115123125783e-16,True,1.392780330932372e-14,2000,176.17387578198554
1,rewired,symmetric_fixed,1.0,2.5,0.05204028205460931,5.551115123125783e-16,True,1.455099473106235e-14,2000,176.17387578198554
1,rewired,symmetric_fixed,0.4,0.8,8.178944700381763e-32,6.44914084934663e-30,True,4.310427602911652e-30,2000,176.17387578198554
1,rewired,symmetric_fixed,0.4,1.2,0.0012006199994866083,2.089899513268989e-05,False,0.00012561456963609583,2000,176.17387578198554
1,rewired,symmetric_fixed,0.4,1.6,0.01315698288560289,3.811895243899244e-12,True,4.657378665738722e-11,2000,176.17387578198554
1,rewired,symmetric_fixed,0.4,2.05,0.030082743800805722,5.551115123125783e-16,True,1.438786341572034e-14,2000,176.17387578198554
1,rewired,symmetric_fixed,0.4,2.5,0.05208689569217005,5.551115123125783e-16,True,1.4575733723467855e-14,2000,176.17387578198554
1,rewired,directed_fixed,1.0,0.8,5.946782143521358e-35,7.330846638971376e-33,True,4.308583849530809e-33,2000,175.99507999732307
1,rewired,directed_fixed,1.0,1.2,6.851153051323517e-07,8.715567680308753e-06,False,5.98390745117217e-05,2000,175.99507999732307
1,rewired,directed_fixed,1.0,1.6,0.010482162474594148,1.0676154404976046e-11,True,1.1593911038245231e-10,2000,175.99507999732307
1,rewired,directed_fixed,1.0,2.05,0.023013122226580356,5.551115123125783e-16,True,1.3974375949691411e-70,2000,175.99507999732307
1,rewired,directed_fixed,1.0,2.5,0.038411566020642184,2.4095011263991495e-09,True,2.2784863530189587e-08,2000,175.99507999732307
1,rewired,directed_fixed,0.4,0.8,6.012735903330251e-35,7.3925907905311e-33,True,4.2851512023242304e-33,2000,175.99507999732307
1,rewired,directed_fixed,0.4,1.2,6.901885022264648e-07,8.752885315438174e-06,False,6.038801969136325e-05,2000,175.99507999732307
1,rewired,directed_fixed,0.4,1.6,0.010507646174105233,1.0685202722626741e-11,True,1.14944815937868e-10,2000,175.99507999732307
1,rewired,directed_fixed,0.4,2.05,0.02310419233669336,5.551115123125783e-16,True,1.3974375949691411e-70,2000,175.99507999732307
1,rewired,directed_fixed,0.4,2.5,0.038625168426542886,2.353955086409343e-09,True,2.2166086094254146e-08,2000,175.99507999732307
2,rewired,symmetric_renormalized,1.0,0.8,9.099443179582033e-31,6.805611984989522e-29,True,5.327922500317451e-29,2000,176.20253967753752
2,rewired,symmetric_renormalized,1.0,1.2,0.0021744280020111273,9.914179456504968e-06,False,3.949664044444565e-05,2000,176.20253967753752
2,rewired,symmetric_renormalized,1.0,1.6,0.011874801974177318,1.1843774090636305e-07,False,1.0412150754985291e-06,2000,176.20253967753752
2,rewired,symmetric_renormalized,1.0,2.05,0.029818942540562533,5.551115123125783e-16,True,1.1969952355046694e-14,2000,176.20253967753752
2,rewired,symmetric_renormalized,1.0,2.5,0.050576264301035775,3.1363800445660672e-15,True,1.6935043673382067e-14,2000,176.20253967753752
2,rewired,symmetric_renormalized,0.4,0.8,6.572579768627404e-21,3.1217598776110225e-19,True,3.5872490587715483e-19,2000,151.82512230563785
2,rewired,symmetric_renormalized,0.4,1.2,0.0068160820019564075,2.473237803099493e-06,False,4.841807956910598e-05,2000,151.82512230563785
2,rewired,symmetric_renormalized,0.4,1.6,0.02201176177345433,5.551115123125783e-16,True,1.3089526126544849e-14,2000,151.82512230563785
2,rewired,symmetric_renormalized,0.4,2.05,0.044701738918266364,5.551115123125783e-16,True,7.744040670640998e-16,2000,151.82512230563785
2,rewired,symmetric_renormalized,0.4,2.5,0.0719659088604556,5.551115123125783e-16,True,9.813077866773595e-18,2000,151.82512230563785
2,rewired,symmetric_fixed,1.0,0.8,9.099443179582033e-31,6.805611984989522e-29,True,5.327922500317451e-29,2000,176.20253967753752
2,rewired,symmetric_fixed,1.0,1.2,0.0021744280020111273,9.914179456504968e-06,False,3.949664044444565e-05,2000,176.20253967753752
2,rewired,symmetric_fixed,1.0,1.6,0.011874801974177318,1.1843774090636305e-07,False,1.0412150754985291e-06,2000,176.20253967753752
2,rewired,symmetric_fixed,1.0,2.05,0.029818942540562533,5.551115123125783e-16,True,1.1969952355046694e-14,2000,176.20253967753752
2,rewired,symmetric_fixed,1.0,2.5,0.050576264301035775,3.1363800445660672e-15,True,1.6935043673382067e-14,2000,176.20253967753752
2,rewired,symmetric_fixed,0.4,0.8,9.303016157927291e-31,6.939791460949806e-29,True,5.317234374673813e-29,2000,176.20253967753752
2,rewired,symmetric_fixed,0.4,1.2,0.002182003742194603,9.834080747256335e-06,False,3.868998035342454e-05,2000,176.20253967753752
2,rewired,symmetric_fixed,0.4,1.6,0.011894899331521266,1.1839602796770432e-07,False,1.0398920271059665e-06,2000,176.20253967753752
2,rewired,symmetric_fixed,0.4,2.05,0.029855446650410743,5.551115123125783e-16,True,1.1480374414598396e-14,2000,176.20253967753752
2,rewired,symmetric_fixed,0.4,2.5,0.05064307912903904,3.1363800445660672e-15,True,1.678661791808946e-14,2000,176.20253967753752
2,rewired,directed_fixed,1.0,0.8,4.941592014649056e-35,4.802271079244293e-33,True,2.7223213036061666e-33,2000,175.99993625013136
2,rewired,directed_fixed,1.0,1.2,6.16634991360297e-07,6.007779277657118e-06,False,1.4712543863375265e-05,2000,175.99993625013136
2,rewired,directed_fixed,1.0,1.6,0.009349190343708867,4.0425404912447505e-08,False,2.6426791521983377e-07,2000,175.99993625013136
2,rewired,directed_fixed,1.0,2.05,0.022241763572413597,5.551115123125783e-16,True,5.421010862427522e-20,2000,175.99993625013136
2,rewired,directed_fixed,1.0,2.5,0.0391068786555958,7.938094626069869e-14,True,7.760858932801586e-13,2000,175.99993625013136
2,rewired,directed_fixed,0.4,0.8,5.035462146458571e-35,4.8907453464339624e-33,True,2.6654458391002036e-33,2000,175.99993625013136
2,rewired,directed_fixed,0.4,1.2,6.244444390015268e-07,6.065764145468287e-06,False,1.4104150955423245e-05,2000,175.99993625013136
2,rewired,directed_fixed,0.4,1.6,0.009383400508732459,4.041417726169394e-08,False,2.6391101470016793e-07,2000,175.99993625013136
2,rewired,directed_fixed,0.4,2.05,0.0223385268468029,5.551115123125783e-16,True,1.3954932048425796e-70,2000,175.99993625013136
2,rewired,directed_fixed,0.4,2.5,0.039309585255228416,7.704947790898586e-14,True,7.451205031228951e-13,2000,175.99993625013136
3,rewired,symmetric_renormalized,1.0,0.8,4.1227351344942986e-27,2.4780767362180098e-25,True,2.7269838154460383e-25,2000,176.17959969057318
3,rewired,symmetric_renormalized,1.0,1.2,0.0034324530992565832,1.3951044890644915e-06,False,1.4382391660823743e-05,2000,176.17959969057318
3,rewired,symmetric_renormalized,1.0,1.6,0.012489363405989946,2.34365304940809e-12,True,2.0138064216295618e-11,2000,176.17959969057318
3,rewired,symmetric_renormalized,1.0,2.05,0.028240859781109233,2.1593837828959295e-14,True,2.6204165306159543e-13,2000,176.17959969057318
3,rewired,symmetric_renormalized,1.0,2.5,0.048872028774766305,1.3788969965844444e-13,True,8.472917141692766e-13,2000,176.17959969057318
3,rewired,symmetric_renormalized,0.4,0.8,2.5141565715460346e-17,1.1008933955215252e-15,True,1.5312639427005523e-15,1600,160.61120218386088
3,rewired,symmetric_renormalized,0.4,1.2,0.006014287149227788,8.973256481609182e-09,True,7.934416512038709e-08,1600,160.61120218386088
3,rewired,symmetric_renormalized,0.4,1.6,0.01729771801086205,1.2136822657993207e-09,True,2.082751192052368e-08,1600,160.61120218386088
3,rewired,symmetric_renormalized,0.4,2.05,0.03700023982042799,1.1934897514720433e-15,True,1.2757637050265709e-14,1600,160.61120218386088
3,rewired,symmetric_renormalized,0.4,2.5,0.06138719573337274,2.502442697505103e-13,True,1.88293181544459e-12,1600,160.61120218386088
3,rewired,symmetric_fixed,1.0,0.8,4.1227351344942986e-27,2.4780767362180098e-25,True,2.7269838154460383e-25,2000,176.17959969057318
3,rewired,symmetric_fixed,1.0,1.2,0.0034324530992565832,1.3951044890644915e-06,False,1.4382391660823743e-05,2000,176.17959969057318
3,rewired,symmetric_fixed,1.0,1.6,0.012489363405989946,2.34365304940809e-12,True,2.0138064216295618e-11,2000,176.17959969057318
3,rewired,symmetric_fixed,1.0,2.05,0.028240859781109233,2.1593837828959295e-14,True,2.6204165306159543e-13,2000,176.17959969057318
3,rewired,symmetric_fixed,1.0,2.5,0.048872028774766305,1.3788969965844444e-13,True,8.472917141692766e-13,2000,176.17959969057318
3,rewired,symmetric_fixed,0.4,0.8,4.137034185248249e-27,2.4869394344163207e-25,True,2.736859107244492e-25,2000,176.17959969057318
3,rewired,symmetric_fixed,0.4,1.2,0.003433370343651017,1.397556103281683e-06,False,1.428095886088765e-05,2000,176.17959969057318
3,rewired,symmetric_fixed,0.4,1.6,0.01250083328687624,2.3618607070119424e-12,True,2.0178674738887175e-11,2000,176.17959969057318
3,rewired,symmetric_fixed,0.4,2.05,0.028285501837148445,2.1760371282653068e-14,True,2.59784652249479e-13,2000,176.17959969057318
3,rewired,symmetric_fixed,0.4,2.5,0.048951660194713593,1.4127587988355117e-13,True,8.606356324050321e-13,2000,176.17959969057318
3,rewired,directed_fixed,1.0,0.8,4.599600814540948e-33,3.8243848786368112e-31,True,3.625433527422681e-31,2000,176.0004599376522
3,rewired,directed_fixed,1.0,1.2,0.0002181318409888372,0.00041521380184385975,False,0.0016299140589041653,2000,176.0004599376522
3,rewired,directed_fixed,1.0,1.6,0.012131562540606778,6.161737786669619e-15,True,3.19648483330403e-14,2000,176.0004599376522
3,rewired,directed_fixed,1.0,2.05,0.02577032468424674,5.551115123125783e-16,True,8.924171710892656e-15,2000,176.0004599376522
3,rewired,directed_fixed,1.0,2.5,0.04284831365345007,6.2103100439969694e-15,True,2.6585611673352835e-14,2000,176.0004599376522
3,rewired,directed_fixed,0.4,0.8,4.6657451711319974e-33,3.8765117298677637e-31,True,3.677965558917312e-31,2000,176.0004599376522
3,rewired,directed_fixed,0.4,1.2,0.00021968557114255855,0.00041630961465454613,False,0.0015933593023187596,2000,176.0004599376522
3,rewired,directed_fixed,0.4,1.6,0.012163057525826988,6.161737786669619e-15,True,3.19882524923028e-14,2000,176.0004599376522
3,rewired,directed_fixed,0.4,2.05,0.02589507204259035,5.551115123125783e-16,True,8.93225173128201e-15,2000,176.0004599376522
3,rewired,directed_fixed,0.4,2.5,0.043088155612018474,6.2276572787567375e-15,True,2.6623649353738635e-14,2000,176.0004599376522
4,rewired,symmetric_renormalized,1.0,0.8,1.30895746375242e-32,1.0262580742911136e-30,True,7.417894549573226e-31,2000,176.2298497148617
4,rewired,symmetric_renormalized,1.0,1.2,0.0006239580450262283,0.00022201335687646595,False,0.0014707406830094445,2000,176.2298497148617
4,rewired,symmetric_renormalized,1.0,1.6,0.012637136341296108,4.3345867173361086e-10,True,3.890798183039497e-09,2000,176.2298497148617
4,rewired,symmetric_renormalized,1.0,2.05,0.030558131948499462,5.425104809830827e-13,True,6.437641196151191e-12,2000,176.2298497148617
4,rewired,symmetric_renormalized,1.0,2.5,0.05308101231688742,5.551115123125783e-16,True,8.07819995220139e-66,2000,176.2298497148617
4,rewired,symmetric_renormalized,0.4,0.8,7.496190274443101e-21,3.4892371766118846e-19,True,3.6158988515260875e-19,2000,147.151058647791
4,rewired,symmetric_renormalized,0.4,1.2,0.007953431142798568,1.9588145057120032e-05,False,0.0010990191899152852,2000,147.151058647791
4,rewired,symmetric_renormalized,0.4,1.6,0.02453343099002645,4.163336342344337e-15,True,2.017760005457357e-14,2000,147.151058647791
4,rewired,symmetric_renormalized,0.4,2.05,0.05085038784435364,5.551115123125783e-16,True,3.2526065174565133e-19,2000,147.151058647791
4,rewired,symmetric_renormalized,0.4,2.5,0.07839072281301947,5.551115123125783e-16,True,1.3707115646938019e-60,2000,147.151058647791
4,rewired,symmetric_fixed,1.0,0.8,1.30895746375242e-32,1.0262580742911136e-30,True,7.417894549573226e-31,2000,176.2298497148617
4,rewired,symmetric_fixed,1.0,1.2,0.0006239580450262283,0.00022201335687646595,False,0.0014707406830094445,2000,176.2298497148617
4,rewired,symmetric_fixed,1.0,1.6,0.012637136341296108,4.3345867173361086e-10,True,3.890798183039497e-09,2000,176.2298497148617
4,rewired,symmetric_fixed,1.0,2.05,0.030558131948499462,5.425104809830827e-13,True,6.437641196151191e-12,2000,176.2298497148617
4,rewired,symmetric_fixed,1.0,2.5,0.05308101231688742,5.551115123125783e-16,True,8.07819995220139e-66,2000,176.2298497148617
4,rewired,symmetric_fixed,0.4,0.8,1.3337478246030104e-32,1.0515138638016276e-30,True,6.847719091776591e-31,2000,176.2298497148617
4,rewired,symmetric_fixed,0.4,1.2,0.0006246748546138558,0.00022313798528268702,False,0.0013332343626667274,2000,176.2298497148617
4,rewired,symmetric_fixed,0.4,1.6,0.01263820763918921,4.354425986452526e-10,True,3.882507703721721e-09,2000,176.2298497148617
4,rewired,symmetric_fixed,0.4,2.05,0.030561024226749355,5.569711358788254e-13,True,6.245457412322101e-12,2000,176.2298497148617
4,rewired,symmetric_fixed,0.4,2.5,0.05308881068797669,5.551115123125783e-16,True,1.0842021724855044e-19,2000,176.2298497148617
4,rewired,directed_fixed,1.0,0.8,6.408760357701899e-35,7.579147722498165e-33,True,5.1097085070242385e-33,2000,176.0002468189987
4,rewired,directed_fixed,1.0,1.2,9.97494021435617e-07,1.0619478000996655e-05,False,3.857553710709592e-05,2000,176.0002468189987
4,rewired,directed_fixed,1.0,1.6,0.01053452884764667,1.503073498998475e-10,True,1.208660838355702e-09,2000,176.0002468189987
4,rewired,directed_fixed,1.0,2.05,0.025358784723903044,5.551115123125783e-16,True,8.089355132538076e-15,2000,176.0002468189987
4,rewired,directed_fixed,1.0,2.5,0.043748394106807705,1.2221181983074203e-09,True,1.3392967366413498e-08,2000,176.0002468189987
4,rewired,directed_fixed,0.4,0.8,6.77952630822695e-35,8.050890143779268e-33,True,4.660581085629715e-33,2000,176.0002468189987
4,rewired,directed_fixed,0.4,1.2,1.039796654345359e-06,1.1070366665871128e-05,False,3.6335096824354446e-05,2000,176.0002468189987
4,rewired,directed_fixed,0.4,1.6,0.010722086521999331,1.403839128277795e-10,True,1.115219165180276e-09,2000,176.0002468189987
4,rewired,directed_fixed,0.4,2.05,0.025553110384696265,5.551115123125783e-16,True,8.540940506154329e-15,2000,176.0002468189987
4,rewired,directed_fixed,0.4,2.5,0.044003892677971855,1.1436555313881769e-09,True,1.2419834026982671e-08,2000,176.0002468189987
5,rewired,symmetric_renormalized,1.0,0.8,3.37405126673626e-33,3.774507554165335e-31,True,3.1991430552553078e-31,2000,176.17790108041504
5,rewired,symmetric_renormalized,1.0,1.2,0.00017319588336887958,0.0003001615446424147,False,0.0008819902833555676,2000,176.17790108041504
5,rewired,symmetric_renormalized,1.0,1.6,0.010679759590461673,9.295907460460384e-09,True,7.151286506965385e-08,2000,176.17790108041504
5,rewired,symmetric_renormalized,1.0,2.05,0.027020238470815285,1.2327514009591312e-11,True,5.476704007459824e-11,2000,176.17790108041504
5,rewired,symmetric_renormalized,1.0,2.5,0.05031357409148543,5.551115123125783e-16,True,6.938893903907228e-18,2000,176.17790108041504
5,rewired,symmetric_renormalized,0.4,0.8,5.794730276346908e-21,3.7170742298718884e-19,True,4.690594545339334e-19,2000,145.94825490119263
5,rewired,symmetric_renormalized,0.4,1.2,0.007110175078373422,4.789307528341169e-07,False,1.1219787596191243e-05,2000,145.94825490119263
5,rewired,symmetric_renormalized,0.4,1.6,0.022188416082457724,2.8102520310824275e-15,True,7.148017754922383e-15,2000,145.94825490119263
5,rewired,symmetric_renormalized,0.4,2.05,0.04898787023728377,5.551115123125783e-16,True,1.9881146231140553e-18,2000,145.94825490119263
5,rewired,symmetric_renormalized,0.4,2.5,0.07928393115382254,5.551115123125783e-16,True,1.5343405348354075e-14,2000,145.94825490119263
5,rewired,symmetric_fixed,1.0,0.8,3.37405126673626e-33,3.774507554165335e-31,True,3.1991430552553078e-31,2000,176.17790108041504
5,rewired,symmetric_fixed,1.0,1.2,0.00017319588336887958,0.0003001615446424147,False,0.0008819902833555676,2000,176.17790108041504
5,rewired,symmetric_fixed,1.0,1.6,0.010679759590461673,9.295907460460384e-09,True,7.151286506965385e-08,2000,176.17790108041504
5,rewired,symmetric_fixed,1.0,2.05,0.027020238470815285,1.2327514009591312e-11,True,5.476704007459824e-11,2000,176.17790108041504
5,rewired,symmetric_fixed,1.0,2.5,0.05031357409148543,5.551115123125783e-16,True,6.938893903907228e-18,2000,176.17790108041504
5,rewired,symmetric_fixed,0.4,0.8,3.4276614868775626e-33,3.8131771110058213e-31,True,3.2129742176184495e-31,2000,176.17790108041504
5,rewired,symmetric_fixed,0.4,1.2,0.00017523502867632524,0.00030047041514384004,False,0.000870838984423694,2000,176.17790108041504
5,rewired,symmetric_fixed,0.4,1.6,0.010720322962726864,9.235144149410957e-09,True,7.067649453246138e-08,2000,176.17790108041504
5,rewired,symmetric_fixed,0.4,2.05,0.027059197918708186,1.2408948868447567e-11,True,5.475124661629706e-11,2000,176.17790108041504
5,rewired,symmetric_fixed,0.4,2.5,0.050371794316206135,5.551115123125783e-16,True,1.734723475976807e-18,2000,176.17790108041504
5,rewired,directed_fixed,1.0,0.8,2.3946397953057906e-35,3.0399622346503958e-33,True,2.5076419784772492e-33,2000,176.00089783987974
5,rewired,directed_fixed,1.0,1.2,2.925026708861934e-07,3.61407342768789e-06,False,8.481146834342119e-06,2000,176.00089783987974
5,rewired,directed_fixed,1.0,1.6,0.009605745480290145,4.890885266228828e-09,True,3.241602311437098e-08,2000,176.00089783987974
5,rewired,directed_fixed,1.0,2.05,0.023299617906677138,5.551115123125783e-16,True,1.2190588925767118e-14,2000,176.00089783987974
5,rewired,directed_fixed,1.0,2.5,0.04163108237596723,2.6478819137309983e-13,True,2.15075755129974e-12,2000,176.00089783987974
5,rewired,directed_fixed,0.4,0.8,2.469480054878091e-35,3.10875837285676e-33,True,2.5342806403905938e-33,2000,176.00089783987974
5,rewired,directed_fixed,0.4,1.2,3.019596311433255e-07,3.693449507035428e-06,False,8.721345227835124e-06,2000,176.00089783987974
5,rewired,directed_fixed,0.4,1.6,0.009679648256355065,4.768869327209657e-09,True,3.1295379503767785e-08,2000,176.00089783987974
5,rewired,directed_fixed,0.4,2.05,0.023619415841021882,5.551115123125783e-16,True,8.984057214998257e-15,2000,176.00089783987974
5,rewired,directed_fixed,0.4,2.5,0.04227042738742188,2.089717288100701e-13,True,1.721839832118567e-12,2000,176.00089783987974
6,rewired,symmetric_renormalized,1.0,0.8,1.2493449436988842e-32,1.1507026869658943e-30,True,9.532731794178975e-31,2000,176.2116789399676
6,rewired,symmetric_renormalized,1.0,1.2,0.0005023869539426842,0.00021289321314109377,False,0.0006247154978341227,2000,176.2116789399676
6,rewired,symmetric_renormalized,1.0,1.6,0.01153544424511804,4.267586284356639e-12,True,4.2704440125757034e-11,2000,176.2116789399676
6,rewired,symmetric_renormalized,1.0,2.05,0.02823530777758921,5.551115123125783e-16,True,1.4068674590809926e-14,2000,176.2116789399676
6,rewired,symmetric_renormalized,1.0,2.5,0.049895750187898366,5.551115123125783e-16,True,8.129274856937354e-66,2000,176.2116789399676
6,rewired,symmetric_renormalized,0.4,0.8,7.617485189575986e-21,4.100317171756006e-19,True,5.00395958196199e-19,2000,147.07187507772568
6,rewired,symmetric_renormalized,0.4,1.2,0.0073427007788362236,3.941327047153609e-05,False,0.002486582799111437,2000,147.07187507772568
6,rewired,symmetric_renormalized,0.4,1.6,0.022545813400953664,7.771561172376096e-16,True,2.376498643872789e-15,2000,147.07187507772568
6,rewired,symmetric_renormalized,0.4,2.05,0.04785119372201251,5.551115123125783e-16,True,2.783152534085235e-66,2000,147.07187507772568
6,rewired,symmetric_renormalized,0.4,2.5,0.07603319595848618,5.551115123125783e-16,True,5.663182782801843e-15,2000,147.07187507772568
6,rewired,symmetric_fixed,1.0,0.8,1.2493449436988842e-32,1.1507026869658943e-30,True,9.532731794178975e-31,2000,176.2116789399676
6,rewired,symmetric_fixed,1.0,1.2,0.0005023869539426842,0.00021289321314109377,False,0.0006247154978341227,2000,176.2116789399676
6,rewired,symmetric_fixed,1.0,1.6,0.01153544424511804,4.267586284356639e-12,True,4.2704440125757034e-11,2000,176.2116789399676
6,rewired,symmetric_fixed,1.0,2.05,0.02823530777758921,5.551115123125783e-16,True,1.4068674590809926e-14,2000,176.2116789399676
6,rewired,symmetric_fixed,1.0,2.5,0.049895750187898366,5.551115123125783e-16,True,8.129274856937354e-66,2000,176.2116789399676
6,rewired,symmetric_fixed,0.4,0.8,1.2589002661123154e-32,1.1569325718252099e-30,True,9.573357573542096e-31,2000,176.2116789399676
6,rewired,symmetric_fixed,0.4,1.2,0.0005038994359914372,0.00021268874884619593,False,0.000618710435386746,2000,176.2116789399676
6,rewired,symmetric_fixed,0.4,1.6,0.011577470328873237,4.304834266832813e-12,True,4.248919598010577e-11,2000,176.2116789399676
6,rewired,symmetric_fixed,0.4,2.05,0.028338564152601373,5.551115123125783e-16,True,1.3380850058941191e-14,2000,176.2116789399676
6,rewired,symmetric_fixed,0.4,2.5,0.050034412675026334,5.551115123125783e-16,True,8.129274856937354e-66,2000,176.2116789399676
6,rewired,directed_fixed,1.0,0.8,5.05507403486442e-35,4.8185331600246174e-33,True,3.6747626890416225e-33,2000,175.99705847819547
6,rewired,directed_fixed,1.0,1.2,7.284157728407411e-07,6.456884429408867e-06,False,2.1407582512014834e-05,2000,175.99705847819547
6,rewired,directed_fixed,1.0,1.6,0.010857622891633495,1.3808398868775384e-14,True,7.289043069781226e-14,2000,175.99705847819547
6,rewired,directed_fixed,1.0,2.05,0.02253253492083531,5.551115123125783e-16,True,1.0882769004715607e-14,2000,175.99705847819547
6,rewired,directed_fixed,1.0,2.5,0.03954574768022817,1.281430517252602e-11,True,1.4766472892535943e-10,2000,175.99705847819547
6,rewired,directed_fixed,0.4,0.8,5.119032898336092e-35,4.856708463473363e-33,True,3.687808871684334e-33,2000,175.99705847819547
6,rewired,directed_fixed,0.4,1.2,7.347416960207043e-07,6.484586196850922e-06,False,2.136425590820899e-05,2000,175.99705847819547
6,rewired,directed_fixed,0.4,1.6,0.010901859744494851,1.4002687898084787e-14,True,7.404462175721738e-14,2000,175.99705847819547
6,rewired,directed_fixed,0.4,2.05,0.022712281352821252,5.551115123125783e-16,True,1.0144124704187997e-14,2000,175.99705847819547
6,rewired,directed_fixed,0.4,2.5,0.04002864681473765,1.1679240907724875e-11,True,1.351210925101527e-10,2000,175.99705847819547
7,rewired,symmetric_renormalized,1.0,0.8,3.4534342936859846e-32,3.555597150173835e-30,True,2.727688532623296e-30,2000,176.17922789856792
7,rewired,symmetric_renormalized,1.0,1.2,0.0007739174409975219,3.37218196443112e-05,False,0.00020084082233657683,2000,176.17922789856792
7,rewired,symmetric_renormalized,1.0,1.6,0.014116864725863418,2.7788906453718454e-09,True,3.123499082946025e-08,2000,176.17922789856792
7,rewired,symmetric_renormalized,1.0,2.05,0.03341802130961878,5.551115123125783e-16,True,1.337500466477622e-15,2000,176.17922789856792
7,rewired,symmetric_renormalized,1.0,2.5,0.052927529097477874,5.551115123125783e-16,True,1.278958733284661e-14,2000,176.17922789856792
7,rewired,symmetric_renormalized,0.4,0.8,5.1719031837825307e-17,3.1785337963146194e-15,True,3.834928262879915e-15,1550,148.41449826433458
7,rewired,symmetric_renormalized,0.4,1.2,0.008463661816433238,9.076894347259667e-09,True,1.2869100748577869e-07,1550,148.41449826433458
7,rewired,symmetric_renormalized,0.4,1.6,0.02685144226151232,5.551115123125783e-16,True,1.1819777097860902e-14,1550,148.41449826433458
7,rewired,symmetric_renormalized,0.4,2.05,0.05005426335461116,5.551115123125783e-16,True,1.2409451844684539e-14,1550,148.41449826433458
7,rewired,symmetric_renormalized,0.4,2.5,0.07488892043839693,5.551115123125783e-16,True,1.171877922722771e-15,1550,148.41449826433458
7,rewired,symmetric_fixed,1.0,0.8,3.4534342936859846e-32,3.555597150173835e-30,True,2.727688532623296e-30,2000,176.17922789856792
7,rewired,symmetric_fixed,1.0,1.2,0.0007739174409975219,3.37218196443112e-05,False,0.00020084082233657683,2000,176.17922789856792
7,rewired,symmetric_fixed,1.0,1.6,0.014116864725863418,2.7788906453718454e-09,True,3.123499082946025e-08,2000,176.17922789856792
7,rewired,symmetric_fixed,1.0,2.05,0.03341802130961878,5.551115123125783e-16,True,1.337500466477622e-15,2000,176.17922789856792
7,rewired,symmetric_fixed,1.0,2.5,0.052927529097477874,5.551115123125783e-16,True,1.278958733284661e-14,2000,176.17922789856792
7,rewired,symmetric_fixed,0.4,0.8,3.468050854945337e-32,3.564194962791375e-30,True,2.6852067447123893e-30,2000,176.17922789856792
7,rewired,symmetric_fixed,0.4,1.2,0.0007740639052283805,3.3769807496003557e-05,False,0.00019368142798829993,2000,176.17922789856792
7,rewired,symmetric_fixed,0.4,1.6,0.014124765161123643,2.7831799920274847e-09,True,3.1186821814971664e-08,2000,176.17922789856792
7,rewired,symmetric_fixed,0.4,2.05,0.033443786776283776,5.551115123125783e-16,True,8.05447706835533e-15,2000,176.17922789856792
7,rewired,symmetric_fixed,0.4,2.5,0.05297637568917907,5.551115123125783e-16,True,1.223730011234521e-14,2000,176.17922789856792
7,rewired,directed_fixed,1.0,0.8,2.961119897418468e-35,3.183289217094585e-33,True,3.236810405945505e-33,2000,175.99771662910945
7,rewired,directed_fixed,1.0,1.2,3.8359960694080195e-07,3.976883379331426e-06,False,1.2626206973662066e-05,2000,175.99771662910945
7,rewired,directed_fixed,1.0,1.6,0.011566060875959416,2.1285097902973282e-09,True,1.954268718151571e-08,2000,175.99771662910945
7,rewired,directed_fixed,1.0,2.05,0.02697450259509738,5.551115123125783e-16,True,1.3216000655885029e-14,2000,175.99771662910945
7,rewired,directed_fixed,1.0,2.5,0.04391104518075821,1.2870733367975618e-09,True,1.8614735900482963e-08,2000,175.99771662910945
7,rewired,directed_fixed,0.4,0.8,3.004137010852683e-35,3.224849327915941e-33,True,3.311569867131472e-33,2000,175.99771662910945
7,rewired,directed_fixed,0.4,1.2,3.874443970123012e-07,4.004593087437056e-06,False,1.283318970583627e-05,2000,175.99771662910945
7,rewired,directed_fixed,0.4,1.6,0.01157798751115036,2.1301884076119215e-09,True,1.944945950818068e-08,2000,175.99771662910945
7,rewired,directed_fixed,0.4,2.05,0.02703358324035285,5.551115123125783e-16,True,1.2707031093104683e-14,2000,175.99771662910945
7,rewired,directed_fixed,0.4,2.5,0.044065644225266085,1.2504607349583807e-09,True,1.789761006648094e-08,2000,175.99771662910945
8,rewired,symmetric_renormalized,1.0,0.8,1.327663510631125e-32,1.1351446405458902e-30,True,9.639257531613933e-31,2000,176.17171599887365
8,rewired,symmetric_renormalized,1.0,1.2,0.0005499359122415182,0.00024532341779620603,False,0.0009557200987681123,2000,176.17171599887365
8,rewired,symmetric_renormalized,1.0,1.6,0.012979342107937894,1.274826408187435e-07,False,1.3938674382833943e-06,2000,176.17171599887365
8,rewired,symmetric_renormalized,1.0,2.05,0.030192502838772006,5.551115123125783e-16,True,4.5148075446464966e-15,2000,176.17171599887365
8,rewired,symmetric_renormalized,1.0,2.5,0.051677711104665715,5.551115123125783e-16,True,8.242779848902558e-66,2000,176.17171599887365
8,rewired,symmetric_renormalized,0.4,0.8,8.91340874587879e-21,4.437458631512614e-19,True,5.492473858680564e-19,2000,146.93039632098203
8,rewired,symmetric_renormalized,0.4,1.2,0.008493626081270213,5.0517851513109946e-08,False,1.038657318426627e-06,2000,146.93039632098203
8,rewired,symmetric_renormalized,0.4,1.6,0.024654476012687256,5.551115123125783e-16,True,1.1451157504430387e-14,2000,146.93039632098203
8,rewired,symmetric_renormalized,0.4,2.05,0.04958305238863922,5.551115123125783e-16,True,1.4008448138083426e-14,2000,146.93039632098203
8,rewired,symmetric_renormalized,0.4,2.5,0.07781685627808464,5.551115123125783e-16,True,1.528972039787561e-60,2000,146.93039632098203
8,rewired,symmetric_fixed,1.0,0.8,1.327663510631125e-32,1.1351446405458902e-30,True,9.639257531613933e-31,2000,176.17171599887365
8,rewired,symmetric_fixed,1.0,1.2,0.0005499359122415182,0.00024532341779620603,False,0.0009557200987681123,2000,176.17171599887365
8,rewired,symmetric_fixed,1.0,1.6,0.012979342107937894,1.274826408187435e-07,False,1.3938674382833943e-06,2000,176.17171599887365
8,rewired,symmetric_fixed,1.0,2.05,0.030192502838772006,5.551115123125783e-16,True,4.5148075446464966e-15,2000,176.17171599887365
8,rewired,symmetric_fixed,1.0,2.5,0.051677711104665715,5.551115123125783e-16,True,8.242779848902558e-66,2000,176.17171599887365
8,rewired,symmetric_fixed,0.4,0.8,1.3309316006131223e-32,1.1371461520887724e-30,True,9.65208695626594e-31,2000,176.17171599887365
8,rewired,symmetric_fixed,0.4,1.2,0.000550288948578985,0.0002453382086069489,False,0.0009513484926075497,2000,176.17171599887365
8,rewired,symmetric_fixed,0.4,1.6,0.012988623639022204,1.2755604951453225e-07,False,1.390943101388857e-06,2000,176.17171599887365
8,rewired,symmetric_fixed,0.4,2.05,0.030205947646719845,5.551115123125783e-16,True,1.3284922484161954e-70,2000,176.17171599887365
8,rewired,symmetric_fixed,0.4,2.5,0.051694188397789435,5.551115123125783e-16,True,8.940560153363745e-19,2000,176.17171599887365
8,rewired,directed_fixed,1.0,0.8,9.867397065123356e-35,8.81078743970422e-33,True,6.042259716759743e-33,2000,176.00016249893355
8,rewired,directed_fixed,1.0,1.2,1.7368350012024032e-06,1.2885380983330627e-05,False,6.110359006673227e-05,2000,176.00016249893355
8,rewired,directed_fixed,1.0,1.6,0.011662500867890993,4.795437761467847e-08,False,3.7483525913650507e-07,2000,176.00016249893355
8,rewired,directed_fixed,1.0,2.05,0.024712987153567845,5.551115123125783e-16,True,1.3954026858824607e-70,2000,176.00016249893355
8,rewired,directed_fixed,1.0,2.5,0.04099073703890286,1.8901008536076347e-10,True,2.1465241588593387e-09,2000,176.00016249893355
8,rewired,directed_fixed,0.4,0.8,9.901616347495056e-35,8.832801032639405e-33,True,6.0517329756885855e-33,2000,176.00016249893355
8,rewired,directed_fixed,0.4,1.2,1.7409082815082945e-06,1.2902160432154343e-05,False,6.118516900283835e-05,2000,176.00016249893355
8,rewired,directed_fixed,0.4,1.6,0.011682836899390966,4.875954197347543e-08,False,3.7908836580897527e-07,2000,176.00016249893355
8,rewired,directed_fixed,0.4,2.05,0.02480982811784976,5.551115123125783e-16,True,1.3954026858824607e-70,2000,176.00016249893355
8,rewired,directed_fixed,0.4,2.5,0.04118353566473451,1.8602178131210678e-10,True,2.1118335639281243e-09,2000,176.00016249893355
9,rewired,symmetric_renormalized,1.0,0.8,5.797388049415553e-33,5.824466632739516e-31,True,4.256636920785421e-31,2000,176.14984221502584
9,rewired,symmetric_renormalized,1.0,1.2,0.00029193331588790055,0.00030446256152348583,False,0.0016799416298960042,2000,176.14984221502584
9,rewired,symmetric_renormalized,1.0,1.6,0.011789216557036152,8.875658541462883e-11,True,8.109844250613428e-10,2000,176.14984221502584
9,rewired,symmetric_renormalized,1.0,2.05,0.028108576485515846,1.0199618927231313e-12,True,1.2865427832669726e-11,2000,176.14984221502584
9,rewired,symmetric_renormalized,1.0,2.5,0.05114739840371023,5.551115123125783e-16,True,1.56449547254993e-14,2000,176.14984221502584
9,rewired,symmetric_renormalized,0.4,0.8,6.512469314305522e-21,3.7903489907985143e-19,True,4.127467930711667e-19,2000,146.37450652515724
9,rewired,symmetric_renormalized,0.4,1.2,0.007224774311609981,1.861318620946517e-05,False,0.0013790680676362863,2000,146.37450652515724
9,rewired,symmetric_renormalized,0.4,1.6,0.022820992212450632,4.5102810375396984e-15,True,2.942750930368216e-14,2000,146.37450652515724
9,rewired,symmetric_renormalized,0.4,2.05,0.04949402752425717,5.551115123125783e-16,True,1.5684923745629854e-14,2000,146.37450652515724
9,rewired,symmetric_renormalized,0.4,2.5,0.0774905302588376,5.551115123125783e-16,True,1.42946898690131e-14,2000,146.37450652515724
9,rewired,symmetric_fixed,1.0,0.8,5.797388049415553e-33,5.824466632739516e-31,True,4.256636920785421e-31,2000,176.14984221502584
9,rewired,symmetric_fixed,1.0,1.2,0.00029193331588790055,0.00030446256152348583,False,0.0016799416298960042,2000,176.14984221502584
9,rewired,symmetric_fixed,1.0,1.6,0.011789216557036152,8.875658541462883e-11,True,8.109844250613428e-10,2000,176.14984221502584
9,rewired,symmetric_fixed,1.0,2.05,0.028108576485515846,1.0199618927231313e-12,True,1.2865427832669726e-11,2000,176.14984221502584
9,rewired,symmetric_fixed,1.0,2.5,0.05114739840371023,5.551115123125783e-16,True,1.56449547254993e-14,2000,176.14984221502584
9,rewired,symmetric_fixed,0.4,0.8,5.884784268734289e-33,5.893703449714984e-31,True,4.3287138449921315e-31,2000,176.14984221502584
9,rewired,symmetric_fixed,0.4,1.2,0.0002928098091112201,0.00030454161040861794,False,0.0016538693593311172,2000,176.14984221502584
9,rewired,symmetric_fixed,0.4,1.6,0.01180421844790801,8.882763968820484e-11,True,8.073234822396878e-10,2000,176.14984221502584
9,rewired,symmetric_fixed,0.4,2.05,0.02814030719454348,1.0374756609365932e-12,True,1.300668556420071e-11,2000,176.14984221502584
9,rewired,symmetric_fixed,0.4,2.5,0.051195105717622605,5.551115123125783e-16,True,1.4824628575691532e-14,2000,176.14984221502584
9,rewired,directed_fixed,1.0,0.8,3.9024118311946836e-35,3.2768877447304955e-33,True,3.586034943938388e-33,2000,175.9879349200073
9,rewired,directed_fixed,1.0,1.2,5.787633735944958e-07,4.562685412566779e-06,False,1.9076507513190244e-05,2000,175.9879349200073
9,rewired,directed_fixed,1.0,1.6,0.011594299362142478,2.1406515449129415e-11,True,4.460818173231807e-10,2000,175.9879349200073
9,rewired,directed_fixed,1.0,2.05,0.025391377760461502,5.551115123125783e-16,True,8.673617379884035e-19,2000,175.9879349200073
9,rewired,directed_fixed,1.0,2.5,0.042040212296875656,6.532394625224924e-10,True,6.586398753990931e-09,2000,175.9879349200073
9,rewired,directed_fixed,0.4,0.8,4.052581834703713e-35,3.3789255007590236e-33,True,3.704974010479944e-33,2000,175.9879349200073
9,rewired,directed_fixed,0.4,1.2,5.92732215444523e-07,4.630272312670583e-06,False,1.8623863101204813e-05,2000,175.9879349200073
9,rewired,directed_fixed,0.4,1.6,0.011631739548006599,2.1415258455448338e-11,True,4.3968877903242104e-10,2000,175.9879349200073
9,rewired,directed_fixed,0.4,2.05,0.025509490607629248,5.551115123125783e-16,True,1.400303524861266e-70,2000,175.9879349200073
9,rewired,directed_fixed,0.4,2.5,0.04228142184400383,6.198763446985112e-10,True,6.226119214628794e-09,2000,175.9879349200073
10,rewired,symmetric_renormalized,1.0,0.8,1.3361955326957652e-32,1.2837464536574322e-30,True,1.5611919675423823e-30,2000,176.15597035529834
10,rewired,symmetric_renormalized,1.0,1.2,0.0005713476458592914,0.00019983888907292024,False,0.0009123233638137741,2000,176.15597035529834
10,rewired,symmetric_renormalized,1.0,1.6,0.013569711469765582,1.329492071988625e-14,True,1.6453407770083539e-13,2000,176.15597035529834
10,rewired,symmetric_renormalized,1.0,2.05,0.031108406172397508,9.86932757740533e-13,True,8.485172554123566e-12,2000,176.15597035529834
10,rewired,symmetric_renormalized,1.0,2.5,0.051381506303141256,5.551115123125783e-16,True,1.3167755552800044e-14,2000,176.15597035529834
10,rewired,symmetric_renormalized,0.4,0.8,1.5230531007815122e-22,9.208697871658584e-21,True,1.2089926852929838e-20,2000,150.7777470055571
10,rewired,symmetric_renormalized,0.4,1.2,0.007026580979945192,3.191476947925209e-06,False,7.491115662477073e-05,2000,150.7777470055571
10,rewired,symmetric_renormalized,0.4,1.6,0.023814637284303372,5.551115123125783e-16,True,1.5601846651629928e-72,2000,150.7777470055571
10,rewired,symmetric_renormalized,0.4,2.05,0.04650017975972916,5.551115123125783e-16,True,1.3538982112347556e-14,2000,150.7777470055571
10,rewired,symmetric_renormalized,0.4,2.5,0.07245833706709863,5.551115123125783e-16,True,2.8609792490763984e-17,2000,150.7777470055571
10,rewired,symmetric_fixed,1.0,0.8,1.3361955326957652e-32,1.2837464536574322e-30,True,1.5611919675423823e-30,2000,176.15597035529834
10,rewired,symmetric_fixed,1.0,1.2,0.0005713476458592914,0.00019983888907292024,False,0.0009123233638137741,2000,176.15597035529834
10,rewired,symmetric_fixed,1.0,1.6,0.013569711469765582,1.329492071988625e-14,True,1.6453407770083539e-13,2000,176.15597035529834
10,rewired,symmetric_fixed,1.0,2.05,0.031108406172397508,9.86932757740533e-13,True,8.485172554123566e-12,2000,176.15597035529834
10,rewired,symmetric_fixed,1.0,2.5,0.051381506303141256,5.551115123125783e-16,True,1.3167755552800044e-14,2000,176.15597035529834
10,rewired,symmetric_fixed,0.4,0.8,1.4201272597502757e-32,1.3320760095301585e-30,True,1.2615489883003255e-30,2000,176.15597035529834
10,rewired,symmetric_fixed,0.4,1.2,0.0005721390183077479,0.00020019954599161116,False,0.000635126815128639,2000,176.15597035529834
10,rewired,symmetric_fixed,0.4,1.6,0.013578208233511647,1.3461454173580023e-14,True,1.621569474257067e-13,2000,176.15597035529834
10,rewired,symmetric_fixed,0.4,2.05,0.031129308572693012,1.0107192860431269e-12,True,8.201863594539926e-12,2000,176.15597035529834
10,rewired,symmetric_fixed,0.4,2.5,0.05140374118946278,5.551115123125783e-16,True,1.3683140869920873e-14,2000,176.15597035529834
10,rewired,directed_fixed,1.0,0.8,3.5796950674909997e-35,4.563433584276374e-33,True,7.773511291531547e-33,2000,175.9921922949158
10,rewired,directed_fixed,1.0,1.2,6.044771408549076e-07,7.297979530549305e-06,False,8.005538537807067e-05,2000,175.9921922949158
10,rewired,directed_fixed,1.0,1.6,0.012148158952836937,5.4012350148013866e-14,True,5.86944919659212e-13,2000,175.9921922949158
10,rewired,directed_fixed,1.0,2.05,0.027363712190394573,5.551115123125783e-16,True,1.0199830639589572e-14,2000,175.9921922949158
10,rewired,directed_fixed,1.0,2.5,0.04393572278673162,6.168676680573526e-15,True,2.6991941808947533e-14,2000,175.9921922949158
10,rewired,directed_fixed,0.4,0.8,6.653122863064581e-35,7.740162921589667e-33,True,8.298055572972661e-33,2000,175.9921922949158
10,rewired,directed_fixed,0.4,1.2,1.1692826641793162e-06,1.1793221014997875e-05,False,4.424028756665538e-05,2000,175.9921922949158
10,rewired,directed_fixed,0.4,1.6,0.012301818465878949,2.425837308805967e-14,True,2.405962368073332e-13,2000,175.9921922949158
10,rewired,directed_fixed,0.4,2.05,0.02782524197380305,5.551115123125783e-16,True,9.913531192909001e-15,2000,175.9921922949158
10,rewired,directed_fixed,0.4,2.5,0.04466006203255209,6.1825544683813405e-15,True,2.6918720887873823e-14,2000,175.9921922949158
11,rewired,symmetric_renormalized,1.0,0.8,4.9781763530309374e-33,4.80746465291664e-31,True,3.874428648570461e-31,2000,176.17070849055224
11,rewired,symmetric_renormalized,1.0,1.2,0.00025021279557826514,0.0003153075707530151,False,0.0008441193059475426,2000,176.17070849055224
11,rewired,symmetric_renormalized,1.0,1.6,0.012499806042338015,6.094887256002934e-08,False,4.055893419014055e-07,2000,176.17070849055224
11,rewired,symmetric_renormalized,1.0,2.05,0.03142511547171914,4.496403249731884e-15,True,4.970336053004299e-14,2000,176.17070849055224
11,rewired,symmetric_renormalized,1.0,2.5,0.0517306289461123,5.551115123125783e-16,True,3.0665868333667484e-19,2000,176.17070849055224
11,rewired,symmetric_renormalized,0.4,0.8,6.909606912305612e-21,3.8781423340804106e-19,True,4.713327757047317e-19,2000,146.1623843728287
11,rewired,symmetric_renormalized,0.4,1.2,0.007996462353179981,8.793682457208796e-08,False,2.005304949209251e-06,2000,146.1623843728287
11,rewired,symmetric_renormalized,0.4,1.6,0.026099646476379135,9.43689570931383e-16,True,3.99181673180648e-15,2000,146.1623843728287
11,rewired,symmetric_renormalized,0.4,2.05,0.05043099855801718,5.551115123125783e-16,True,4.044828997154592e-66,2000,146.1623843728287
11,rewired,symmetric_renormalized,0.4,2.5,0.07681160444792885,5.551115123125783e-16,True,1.4240227053582895e-14,2000,146.1623843728287
11,rewired,symmetric_fixed,1.0,0.8,4.9781763530309374e-33,4.80746465291664e-31,True,3.874428648570461e-31,2000,176.17070849055224
11,rewired,symmetric_fixed,1.0,1.2,0.00025021279557826514,0.0003153075707530151,False,0.0008441193059475426,2000,176.17070849055224
11,rewired,symmetric_fixed,1.0,1.6,0.012499806042338015,6.094887256002934e-08,False,4.055893419014055e-07,2000,176.17070849055224
11,rewired,symmetric_fixed,1.0,2.05,0.03142511547171914,4.496403249731884e-15,True,4.970336053004299e-14,2000,176.17070849055224
11,rewired,symmetric_fixed,1.0,2.5,0.0517306289461123,5.551115123125783e-16,True,3.0665868333667484e-19,2000,176.17070849055224
11,rewired,symmetric_fixed,0.4,0.8,5.00725561393117e-33,4.83336217306284e-31,True,3.9088506945894163e-31,2000,176.17070849055224
11,rewired,symmetric_fixed,0.4,1.2,0.0002504984717415029,0.000315434428027582,False,0.0008478854147060341,2000,176.17070849055224
11,rewired,symmetric_fixed,0.4,1.6,0.012503407865559459,6.121907827894013e-08,False,4.053097526353051e-07,2000,176.17070849055224
11,rewired,symmetric_fixed,0.4,2.05,0.03143763682686988,4.274358644806853e-15,True,4.9072557416965204e-14,2000,176.17070849055224
11,rewired,symmetric_fixed,0.4,2.5,0.05175839574347464,5.551115123125783e-16,True,8.245662479541869e-66,2000,176.17070849055224
11,rewired,directed_fixed,1.0,0.8,2.9679829429940485e-35,3.5623888630333345e-33,True,2.5456580685882895e-33,2000,176.00071483918381
11,rewired,directed_fixed,1.0,1.2,3.710180572658337e-07,4.591053840591772e-06,False,2.1048064011935203e-05,2000,176.00071483918381
11,rewired,directed_fixed,1.0,1.6,0.011488206025038835,2.941552230961708e-08,False,1.908241246466449e-07,2000,176.00071483918381
11,rewired,directed_fixed,1.0,2.05,0.02880327147475725,5.551115123125783e-16,True,1.3951817279537062e-70,2000,176.00071483918381
11,rewired,directed_fixed,1.0,2.5,0.04687209256182111,4.711508960753008e-15,True,2.2322939155643633e-14,2000,176.00071483918381
11,rewired,directed_fixed,0.4,0.8,3.0231446928314067e-35,3.6040115293752915e-33,True,2.5687863229693557e-33,2000,176.00071483918381
11,rewired,directed_fixed,0.4,1.2,3.7731582209996665e-07,4.6336983178112855e-06,False,2.1226894208683103e-05,2000,176.00071483918381
11,rewired,directed_fixed,0.4,1.6,0.01153581906962096,2.9192618350437627e-08,False,1.8738598471082304e-07,2000,176.00071483918381
11,rewired,directed_fixed,0.4,2.05,0.02895757843594859,5.551115123125783e-16,True,1.3951817279537062e-70,2000,176.00071483918381
11,rewired,directed_fixed,0.4,2.5,0.04714393570763468,4.718447854656915e-15,True,2.212923172529239e-14,2000,176.00071483918381
12,rewired,symmetric_renormalized,1.0,0.8,8.266900368890867e-33,8.785062299417009e-31,True,6.2836009786354e-31,2000,176.18007610115345
12,rewired,symmetric_renormalized,1.0,1.2,0.0003757963751199824,0.00026572422847701005,False,0.0012573291252603593,2000,176.18007610115345
12,rewired,symmetric_renormalized,1.0,1.6,0.012906205968140981,1.1080111173011886e-07,False,9.404586524202588e-07,2000,176.18007610115345
12,rewired,symmetric_renormalized,1.0,2.05,0.030456334392590233,2.615963001773025e-13,True,2.156271003937488e-12,2000,176.18007610115345
12,rewired,symmetric_renormalized,1.0,2.5,0.05150014676660736,5.551115123125783e-16,True,1.4310933384668596e-14,2000,176.18007610115345
12,rewired,symmetric_renormalized,0.4,0.8,5.558675616708697e-13,3.362076612351321e-11,True,3.464552847241885e-11,1100,146.70799658503813
12,rewired,symmetric_renormalized,0.4,1.2,0.008364331637981665,6.311524178292949e-09,True,2.425595524875983e-08,1100,146.70799658503813
12,rewired,symmetric_renormalized,0.4,1.6,0.025301384691728317,1.7680824165866582e-09,True,7.76566604672526e-09,1100,146.70799658503813
12,rewired,symmetric_renormalized,0.4,2.05,0.049775065434700436,5.312594808515314e-11,True,2.75769441166419e-10,1100,146.70799658503813
12,rewired,symmetric_renormalized,0.4,2.5,0.07793031849093657,5.551115123125783e-16,True,1.4838940508753467e-14,1100,146.70799658503813
12,rewired,symmetric_fixed,1.0,0.8,8.266900368890867e-33,8.785062299417009e-31,True,6.2836009786354e-31,2000,176.18007610115345
12,rewired,symmetric_fixed,1.0,1.2,0.0003757963751199824,0.00026572422847701005,False,0.0012573291252603593,2000,176.18007610115345
12,rewired,symmetric_fixed,1.0,1.6,0.012906205968140981,1.1080111173011886e-07,False,9.404586524202588e-07,2000,176.18007610115345
12,rewired,symmetric_fixed,1.0,2.05,0.030456334392590233,2.615963001773025e-13,True,2.156271003937488e-12,2000,176.18007610115345
12,rewired,symmetric_fixed,1.0,2.5,0.05150014676660736,5.551115123125783e-16,True,1.4310933384668596e-14,2000,176.18007610115345
12,rewired,symmetric_fixed,0.4,0.8,8.388872841340563e-33,8.875696641654492e-31,True,6.270744337620763e-31,2000,176.18007610115345
12,rewired,symmetric_fixed,0.4,1.2,0.0003784435163583299,0.0002650633661577251,False,0.0012517427369126196,2000,176.18007610115345
12,rewired,symmetric_fixed,0.4,1.6,0.012944296090369335,1.100161501066399e-07,False,9.317915658470941e-07,2000,176.18007610115345
12,rewired,symmetric_fixed,0.4,2.05,0.030548512688968157,2.6267876762631204e-13,True,2.1544478020509203e-12,2000,176.18007610115345
12,rewired,symmetric_fixed,0.4,2.5,0.05167645965147945,5.551115123125783e-16,True,1.45869583625585e-14,2000,176.18007610115345
12,rewired,directed_fixed,1.0,0.8,3.9341119978403714e-35,4.6977552825519874e-33,True,3.7719842690541354e-33,2000,176.00191926108576
12,rewired,directed_fixed,1.0,1.2,5.470368341386608e-07,5.7843816410190776e-06,False,2.6404693409093185e-05,2000,176.00191926108576
12,rewired,directed_fixed,1.0,1.6,0.0120496680736748,3.059202337285516e-08,False,2.4665138631141463e-07,2000,176.00191926108576
12,rewired,directed_fixed,1.0,2.05,0.027115505448815254,5.551115123125783e-16,True,6.930895587211681e-15,2000,176.00191926108576
12,rewired,directed_fixed,1.0,2.5,0.04305802230186652,6.078471059822732e-15,True,2.7519476272745113e-14,2000,176.00191926108576
12,rewired,directed_fixed,0.4,0.8,4.003084088466027e-35,4.7465239927914945e-33,True,3.7546362515329484e-33,2000,176.00191926108576
12,rewired,directed_fixed,0.4,1.2,5.545881235693212e-07,5.826200452607917e-06,False,2.6440783438326184e-05,2000,176.00191926108576
12,rewired,directed_fixed,0.4,1.6,0.012128426088206547,3.05055293248202e-08,False,2.4521569365587674e-07,2000,176.00191926108576
12,rewired,directed_fixed,0.4,2.05,0.027337745628743818,5.551115123125783e-16,True,8.581488451656568e-15,2000,176.00191926108576
12,rewired,directed_fixed,0.4,2.5,0.04352315367938677,6.078471059822732e-15,True,2.7554739008458632e-14,2000,176.00191926108576
13,rewired,symmetric_renormalized,1.0,0.8,3.833816733313429e-33,4.494281337693113e-31,True,4.343854098695259e-31,2000,176.1706146135316
13,rewired,symmetric_renormalized,1.0,1.2,0.0002033817150357866,0.00029777363259807926,False,0.001198785454601043,2000,176.1706146135316
13,rewired,symmetric_renormalized,1.0,1.6,0.01141401577030598,1.8731960427231797e-12,True,1.6910375970799756e-11,2000,176.1706146135316
13,rewired,symmetric_renormalized,1.0,2.05,0.027505072828839898,4.632128014492309e-13,True,2.8696587387805663e-12,2000,176.1706146135316
13,rewired,symmetric_renormalized,1.0,2.5,0.049863030266875843,5.551115123125783e-16,True,1.6589842357779358e-14,2000,176.1706146135316
13,rewired,symmetric_renormalized,0.4,0.8,5.32143924822461e-21,3.597880018384749e-19,True,5.309554308470212e-19,2000,146.17661957718752
13,rewired,symmetric_renormalized,0.4,1.2,0.007320872983617101,2.8832126272582137e-07,False,6.998809688391002e-06,2000,146.17661957718752
13,rewired,symmetric_renormalized,0.4,1.6,0.022394271767798936,6.106226635438361e-16,True,2.0404119374481214e-15,2000,146.17661957718752
13,rewired,symmetric_renormalized,0.4,2.05,0.04836949799130528,5.551115123125783e-16,True,1.4835147875340078e-14,2000,146.17661957718752
13,rewired,symmetric_renormalized,0.4,2.5,0.07735230311819323,5.551115123125783e-16,True,1.4326048819775792e-14,2000,146.17661957718752
13,rewired,symmetric_fixed,1.0,0.8,3.833816733313429e-33,4.494281337693113e-31,True,4.343854098695259e-31,2000,176.1706146135316
13,rewired,symmetric_fixed,1.0,1.2,0.0002033817150357866,0.00029777363259807926,False,0.001198785454601043,2000,176.1706146135316
13,rewired,symmetric_fixed,1.0,1.6,0.01141401577030598,1.8731960427231797e-12,True,1.6910375970799756e-11,2000,176.1706146135316
13,rewired,symmetric_fixed,1.0,2.05,0.027505072828839898,4.632128014492309e-13,True,2.8696587387805663e-12,2000,176.1706146135316
13,rewired,symmetric_fixed,1.0,2.5,0.049863030266875843,5.551115123125783e-16,True,1.6589842357779358e-14,2000,176.1706146135316
13,rewired,symmetric_fixed,0.4,0.8,3.9346063129375984e-33,4.607706687253211e-31,True,4.5131715884986184e-31,2000,176.1706146135316
13,rewired,symmetric_fixed,0.4,1.2,0.00020523536273019637,0.0002979309530020263,False,0.0010576427463800467,2000,176.1706146135316
13,rewired,symmetric_fixed,0.4,1.6,0.011428948101603114,1.8889889652484726e-12,True,1.6869338663553787e-11,2000,176.1706146135316
13,rewired,symmetric_fixed,0.4,2.05,0.027527737124423253,4.693745392359006e-13,True,2.777698356477999e-12,2000,176.1706146135316
13,rewired,symmetric_fixed,0.4,2.5,0.04989320490411467,5.551115123125783e-16,True,1.532625130100881e-14,2000,176.1706146135316
13,rewired,directed_fixed,1.0,0.8,2.4793154665199965e-35,3.272283109993883e-33,True,3.1812058893075285e-33,2000,176.00038909327563
13,rewired,directed_fixed,1.0,1.2,3.3354072211187027e-07,4.082158302721713e-06,False,1.2418151915384097e-05,2000,176.00038909327563
13,rewired,directed_fixed,1.0,1.6,0.010681794993599341,3.6387559632089506e-13,True,2.9278069286610635e-12,2000,176.00038909327563
13,rewired,directed_fixed,1.0,2.05,0.02415663766881493,5.551115123125783e-16,True,1.2147076534775179e-14,2000,176.00038909327563
13,rewired,directed_fixed,1.0,2.5,0.040421307611457014,2.7856061901587736e-10,True,2.8757310907278135e-09,2000,176.00038909327563
13,rewired,directed_fixed,0.4,0.8,2.570295457696464e-35,3.337661834768323e-33,True,3.1709725888876845e-33,2000,176.00038909327563
13,rewired,directed_fixed,0.4,1.2,3.4336755841504717e-07,4.138298770258757e-06,False,1.1998152579607331e-05,2000,176.00038909327563
13,rewired,directed_fixed,0.4,1.6,0.010774689680824269,3.490263633665336e-13,True,2.83071286355798e-12,2000,176.00038909327563
13,rewired,directed_fixed,0.4,2.05,0.024493002275674844,5.551115123125783e-16,True,1.1705433003195032e-14,2000,176.00038909327563
13,rewired,directed_fixed,0.4,2.5,0.041146562683507755,1.6740323016684044e-10,True,1.7553601683176587e-09,2000,176.00038909327563
14,rewired,symmetric_renormalized,1.0,0.8,9.731793559448264e-29,5.986812519676609e-27,True,4.77637460934423e-27,2000,176.2907595225818
14,rewired,symmetric_renormalized,1.0,1.2,0.0030213945278285367,1.5427042681266656e-06,False,1.5561897456105564e-05,2000,176.2907595225818
14,rewired,symmetric_renormalized,1.0,1.6,0.013651527302732766,4.629852057291828e-12,True,5.3467625235976e-11,2000,176.2907595225818
14,rewired,symmetric_renormalized,1.0,2.05,0.03269651435193499,5.551115123125783e-16,True,1.3588605406091244e-14,2000,176.2907595225818
14,rewired,symmetric_renormalized,1.0,2.5,0.05529191304636165,5.551115123125783e-16,True,3.469446951953614e-18,2000,176.2907595225818
14,rewired,symmetric_renormalized,0.4,0.8,8.31654657958127e-21,3.483544428230356e-19,True,3.892569803029756e-19,2000,156.626826357195
14,rewired,symmetric_renormalized,0.4,1.2,0.00671188945803324,2.340153632471309e-07,False,2.884539361404203e-06,2000,156.626826357195
14,rewired,symmetric_renormalized,0.4,1.6,0.021331477715274747,5.551115123125783e-16,True,1.2097809329803336e-14,2000,156.626826357195
14,rewired,symmetric_renormalized,0.4,2.05,0.04560592135541111,5.551115123125783e-16,True,7.097881054908833e-68,2000,156.626826357195
14,rewired,symmetric_renormalized,0.4,2.5,0.07134380880597872,5.551115123125783e-16,True,1.734723475976807e-18,2000,156.626826357195
14,rewired,symmetric_fixed,1.0,0.8,9.731793559448264e-29,5.986812519676609e-27,True,4.77637460934423e-27,2000,176.2907595225818
14,rewired,symmetric_fixed,1.0,1.2,0.0030213945278285367,1.5427042681266656e-06,False,1.5561897456105564e-05,2000,176.2907595225818
14,rewired,symmetric_fixed,1.0,1.6,0.013651527302732766,4.629852057291828e-12,True,5.3467625235976e-11,2000,176.2907595225818
14,rewired,symmetric_fixed,1.0,2.05,0.03269651435193499,5.551115123125783e-16,True,1.3588605406091244e-14,2000,176.2907595225818
14,rewired,symmetric_fixed,1.0,2.5,0.05529191304636165,5.551115123125783e-16,True,3.469446951953614e-18,2000,176.2907595225818
14,rewired,symmetric_fixed,0.4,0.8,9.822195300825116e-29,6.02955727582702e-27,True,4.811858914316117e-27,2000,176.2907595225818
14,rewired,symmetric_fixed,0.4,1.2,0.003021942863842583,1.5438250815062726e-06,False,1.556168104191682e-05,2000,176.2907595225818
14,rewired,symmetric_fixed,0.4,1.6,0.01365654298419454,4.7215009679746345e-12,True,5.201088467495464e-11,2000,176.2907595225818
14,rewired,symmetric_fixed,0.4,2.05,0.032717582786211896,5.551115123125783e-16,True,1.3154949284460686e-14,2000,176.2907595225818
14,rewired,symmetric_fixed,0.4,2.5,0.05533350857336683,5.551115123125783e-16,True,7.909396012702858e-66,2000,176.2907595225818
14,rewired,directed_fixed,1.0,0.8,7.662858023070829e-34,8.118922967986242e-32,True,5.150181718746105e-32,2000,176.00012449076374
14,rewired,directed_fixed,1.0,1.2,1.4862818536607544e-05,8.963608997432891e-05,False,0.00017151171517963283,2000,176.00012449076374
14,rewired,directed_fixed,1.0,1.6,0.0111650400167256,1.2356152212511518e-10,True,1.104175716684147e-09,2000,176.00012449076374
14,rewired,directed_fixed,1.0,2.05,0.025503490037393804,5.551115123125783e-16,True,1.3954178919896388e-70,2000,176.00012449076374
14,rewired,directed_fixed,1.0,2.5,0.043598672532874416,5.43315392675936e-15,True,2.978812143976672e-14,2000,176.00012449076374
14,rewired,directed_fixed,0.4,0.8,7.827924571154324e-34,8.263841669694208e-32,True,5.1376607479486e-32,2000,176.00012449076374
14,rewired,directed_fixed,0.4,1.2,1.5020639999460912e-05,9.021640201670482e-05,False,0.00016743359244536776,2000,176.00012449076374
14,rewired,directed_fixed,0.4,1.6,0.011187439812818074,1.23350246683529e-10,True,1.075354278162898e-09,2000,176.00012449076374
14,rewired,directed_fixed,0.4,2.05,0.02561067804971428,5.551115123125783e-16,True,1.3954178919896388e-70,2000,176.00012449076374
14,rewired,directed_fixed,0.4,2.5,0.0438020864915735,5.419276138951545e-15,True,2.970446896055845e-14,2000,176.00012449076374
15,rewired,symmetric_renormalized,1.0,0.8,4.086969823160909e-33,4.811335719078173e-31,True,3.880587658282299e-31,2000,176.17554963058
15,rewired,symmetric_renormalized,1.0,1.2,0.0002128364975525393,0.0002957304941186012,False,0.0010493265454513802,2000,176.17554963058
15,rewired,symmetric_renormalized,1.0,1.6,0.012375964794910212,3.5267184811393903e-08,False,3.340392244261925e-07,2000,176.17554963058
15,rewired,symmetric_renormalized,1.0,2.05,0.03042874696150113,5.551115123125783e-16,True,1.0695488292837123e-14,2000,176.17554963058
15,rewired,symmetric_renormalized,1.0,2.5,0.053151908502717476,5.551115123125783e-16,True,1.5608924703836487e-14,2000,176.17554963058
15,rewired,symmetric_renormalized,0.4,0.8,5.459723210008676e-21,3.7027167054103255e-19,True,4.40516408903068e-19,2000,146.2049048074993
15,rewired,symmetric_renormalized,0.4,1.2,0.007961334033742636,2.4404221411894467e-05,False,0.0020038350866610033,2000,146.2049048074993
15,rewired,symmetric_renormalized,0.4,1.6,0.025008133418671846,5.551115123125783e-16,True,1.2656979252778738e-14,2000,146.2049048074993
15,rewired,symmetric_renormalized,0.4,2.05,0.05163322648618713,5.551115123125783e-16,True,1.5508995450191836e-14,2000,146.2049048074993
15,rewired,symmetric_renormalized,0.4,2.5,0.08081098158645167,5.551115123125783e-16,True,9.69739903612216e-19,2000,146.2049048074993
15,rewired,symmetric_fixed,1.0,0.8,4.086969823160909e-33,4.811335719078173e-31,True,3.880587658282299e-31,2000,176.17554963058
15,rewired,symmetric_fixed,1.0,1.2,0.0002128364975525393,0.0002957304941186012,False,0.0010493265454513802,2000,176.17554963058
15,rewired,symmetric_fixed,1.0,1.6,0.012375964794910212,3.5267184811393903e-08,False,3.340392244261925e-07,2000,176.17554963058
15,rewired,symmetric_fixed,1.0,2.05,0.03042874696150113,5.551115123125783e-16,True,1.0695488292837123e-14,2000,176.17554963058
15,rewired,symmetric_fixed,1.0,2.5,0.053151908502717476,5.551115123125783e-16,True,1.5608924703836487e-14,2000,176.17554963058
15,rewired,symmetric_fixed,0.4,0.8,4.111152959000796e-33,4.833652768107496e-31,True,3.872870774919493e-31,2000,176.17554963058
15,rewired,symmetric_fixed,0.4,1.2,0.00021296968616247856,0.00029581529920212624,False,0.0010356742239175797,2000,176.17554963058
15,rewired,symmetric_fixed,0.4,1.6,0.01238460881384259,3.54405022273685e-08,False,3.282741700590867e-07,2000,176.17554963058
15,rewired,symmetric_fixed,0.4,2.05,0.030449531752512016,5.551115123125783e-16,True,1.352071699977779e-14,2000,176.17554963058
15,rewired,symmetric_fixed,0.4,2.5,0.05318972982030057,5.551115123125783e-16,True,1.564715877168254e-14,2000,176.17554963058
15,rewired,directed_fixed,1.0,0.8,4.4596822958549075e-35,5.734800737641091e-33,True,5.3003957927881045e-33,2000,176.00127897330685
15,rewired,directed_fixed,1.0,1.2,7.448619343900596e-07,8.127144591408886e-06,False,2.4500249036585125e-05,2000,176.00127897330685
15,rewired,directed_fixed,1.0,1.6,0.010315664882331427,3.347579406037804e-08,False,2.0790188140282917e-07,2000,176.00127897330685
15,rewired,directed_fixed,1.0,2.05,0.025184300079436287,5.551115123125783e-16,True,1.3949560895394879e-70,2000,176.00127897330685
15,rewired,directed_fixed,1.0,2.5,0.04364480249652153,1.864222665126647e-11,True,2.487503096446027e-10,2000,176.00127897330685
15,rewired,directed_fixed,0.4,0.8,4.521975960538521e-35,5.793493795700207e-33,True,5.3003900677512094e-33,2000,176.00127897330685
15,rewired,directed_fixed,0.4,1.2,7.514399582707859e-07,8.169898561316997e-06,False,2.4041763868818245e-05,2000,176.00127897330685
15,rewired,directed_fixed,0.4,1.6,0.010337582261265969,3.328366229155e-08,False,2.0588133137967452e-07,2000,176.00127897330685
15,rewired,directed_fixed,0.4,2.05,0.025240695550804878,5.551115123125783e-16,True,6.776263578034403e-21,2000,176.00127897330685
15,rewired,directed_fixed,0.4,2.5,0.043768643420130995,1.8426538073157417e-11,True,2.446518696866795e-10,2000,176.00127897330685
16,rewired,symmetric_renormalized,1.0,0.8,1.1194132451008169e-33,9.252735904294903e-32,True,7.827009150406966e-32,2000,177.70120988775892
16,rewired,symmetric_renormalized,1.0,1.2,4.731896620525114e-05,0.0001575305930255587,False,0.0005734835833937072,2000,177.70120988775892
16,rewired,symmetric_renormalized,1.0,1.6,0.012760149270534697,1.889488565609554e-12,True,1.3146033393756724e-11,2000,177.70120988775892
16,rewired,symmetric_renormalized,1.0,2.05,0.03140403165901386,6.6058269965196814e-15,True,8.497171181947573e-14,2000,177.70120988775892
16,rewired,symmetric_renormalized,1.0,2.5,0.052828056681686816,5.551115123125783e-16,True,1.0842021724855044e-19,2000,177.70120988775892
16,rewired,symmetric_renormalized,0.4,0.8,8.566093638509655e-21,4.132967044874212e-19,True,5.348806314072027e-19,2000,146.11642923517763
16,rewired,symmetric_renormalized,0.4,1.2,0.00856673004164426,3.6879627565988837e-06,False,0.00015422837163701314,2000,146.11642923517763
16,rewired,symmetric_renormalized,0.4,1.6,0.02654315614244912,8.45712389008213e-14,True,9.914861922500167e-13,2000,146.11642923517763
16,rewired,symmetric_renormalized,0.4,2.05,0.05265770088612916,5.551115123125783e-16,True,4.9065389333867974e-18,2000,146.11642923517763
16,rewired,symmetric_renormalized,0.4,2.5,0.07858751224536062,5.551115123125783e-16,True,1.4139159419448408e-14,2000,146.11642923517763
16,rewired,symmetric_fixed,1.0,0.8,1.1194132451008169e-33,9.252735904294903e-32,True,7.827009150406966e-32,2000,177.70120988775892
16,rewired,symmetric_fixed,1.0,1.2,4.731896620525114e-05,0.0001575305930255587,False,0.0005734835833937072,2000,177.70120988775892
16,rewired,symmetric_fixed,1.0,1.6,0.012760149270534697,1.889488565609554e-12,True,1.3146033393756724e-11,2000,177.70120988775892
16,rewired,symmetric_fixed,1.0,2.05,0.03140403165901386,6.6058269965196814e-15,True,8.497171181947573e-14,2000,177.70120988775892
16,rewired,symmetric_fixed,1.0,2.5,0.052828056681686816,5.551115123125783e-16,True,1.0842021724855044e-19,2000,177.70120988775892
16,rewired,symmetric_fixed,0.4,0.8,1.8224058676705756e-33,1.5492251173016215e-31,True,1.3336751966871343e-31,2000,177.70120988775892
16,rewired,symmetric_fixed,0.4,1.2,8.560383863954915e-05,0.00022868692742527771,False,0.0008438274216972693,2000,177.70120988775892
16,rewired,symmetric_fixed,0.4,1.6,0.01284829237003706,1.811772953885793e-12,True,1.2211981673781124e-11,2000,177.70120988775892
16,rewired,symmetric_fixed,0.4,2.05,0.03152116206026953,6.217248937900877e-15,True,8.091517635280835e-14,2000,177.70120988775892
16,rewired,symmetric_fixed,0.4,2.5,0.05297525208531574,5.551115123125783e-16,True,1.734723475976807e-18,2000,177.70120988775892
16,rewired,directed_fixed,1.0,0.8,4.573315774458563e-35,5.790497544721625e-33,True,3.569130678428886e-33,2000,176.00129420016825
16,rewired,directed_fixed,1.0,1.2,6.006885124308423e-07,7.684073138665225e-06,False,4.290884939820993e-05,2000,176.00129420016825
16,rewired,directed_fixed,1.0,1.6,0.010711889942177897,2.680016986111866e-09,True,2.3393013892025313e-08,2000,176.00129420016825
16,rewired,directed_fixed,1.0,2.05,0.025825308704425273,5.551115123125783e-16,True,1.2842705350755308e-14,2000,176.00129420016825
16,rewired,directed_fixed,1.0,2.5,0.04419346926881455,5.495603971894525e-15,True,2.8406293315251683e-14,2000,176.00129420016825
16,rewired,directed_fixed,0.4,0.8,4.7117534758319864e-35,5.814436125392415e-33,True,3.597907798397183e-33,2000,176.00129420016825
16,rewired,directed_fixed,0.4,1.2,6.179754223765403e-07,7.702903757872659e-06,False,4.3425411062783176e-05,2000,176.00129420016825
16,rewired,directed_fixed,0.4,1.6,0.010818193585550544,2.6886533832648496e-09,True,2.286209753700965e-08,2000,176.00129420016825
16,rewired,directed_fixed,0.4,2.05,0.026034287154712895,5.551115123125783e-16,True,1.3043809507689868e-14,2000,176.00129420016825
16,rewired,directed_fixed,0.4,2.5,0.04452635960535235,5.502542865798432e-15,True,2.8220743158042843e-14,2000,176.00129420016825
17,rewired,symmetric_renormalized,1.0,0.8,2.478514218195126e-28,1.552016984315748e-26,True,1.393667113888111e-26,2000,176.184757317368
17,rewired,symmetric_renormalized,1.0,1.2,0.00329710386246142,6.977606206298725e-07,False,8.672604200802369e-06,2000,176.184757317368
17,rewired,symmetric_renormalized,1.0,1.6,0.012852868578155577,4.203225267840338e-10,True,3.0291391588601097e-09,2000,176.184757317368
17,rewired,symmetric_renormalized,1.0,2.05,0.02836268230009908,5.551115123125783e-16,True,1.2545324215715977e-14,2000,176.184757317368
17,rewired,symmetric_renormalized,1.0,2.5,0.049593061086194094,5.551115123125783e-16,True,1.532918828795074e-14,2000,176.184757317368
17,rewired,symmetric_renormalized,0.4,0.8,4.912550563167429e-19,2.1153107681439096e-17,True,2.426651501685425e-17,1800,157.49695701332982
17,rewired,symmetric_renormalized,0.4,1.2,0.006874638396411864,6.933804447273317e-09,True,8.786158267146618e-08,1800,157.49695701332982
17,rewired,symmetric_renormalized,0.4,1.6,0.01862410382268279,3.4210967392311886e-11,True,4.858160801552064e-10,1800,157.49695701332982
17,rewired,symmetric_renormalized,0.4,2.05,0.039475144338546694,5.551115123125783e-16,True,1.3299801994033765e-14,1800,157.49695701332982
17,rewired,symmetric_renormalized,0.4,2.5,0.06455344629520995,5.551115123125783e-16,True,1.3791304254730276e-14,1800,157.49695701332982
17,rewired,symmetric_fixed,1.0,0.8,2.478514218195126e-28,1.552016984315748e-26,True,1.393667113888111e-26,2000,176.184757317368
17,rewired,symmetric_fixed,1.0,1.2,0.00329710386246142,6.977606206298725e-07,False,8.672604200802369e-06,2000,176.184757317368
17,rewired,symmetric_fixed,1.0,1.6,0.012852868578155577,4.203225267840338e-10,True,3.0291391588601097e-09,2000,176.184757317368
17,rewired,symmetric_fixed,1.0,2.05,0.02836268230009908,5.551115123125783e-16,True,1.2545324215715977e-14,2000,176.184757317368
17,rewired,symmetric_fixed,1.0,2.5,0.049593061086194094,5.551115123125783e-16,True,1.532918828795074e-14,2000,176.184757317368
17,rewired,symmetric_fixed,0.4,0.8,2.5118914710551186e-28,1.569283652851822e-26,True,1.385735955643586e-26,2000,176.184757317368
17,rewired,symmetric_fixed,0.4,1.2,0.0032990381211816895,6.995617281430055e-07,False,8.666425387786007e-06,2000,176.184757317368
17,rewired,symmetric_fixed,0.4,1.6,0.012858039922057245,4.212692139571317e-10,True,3.0071982179665945e-09,2000,176.184757317368
17,rewired,symmetric_fixed,0.4,2.05,0.02837691967730996,5.551115123125783e-16,True,1.2650673632427909e-14,2000,176.184757317368
17,rewired,symmetric_fixed,0.4,2.5,0.04962822180730219,5.551115123125783e-16,True,1.5060376710847588e-14,2000,176.184757317368
17,rewired,directed_fixed,1.0,0.8,2.293885213685327e-34,2.425504794933672e-32,True,1.493569970610158e-32,2000,175.98005321980082
17,rewired,directed_fixed,1.0,1.2,2.8142644846428207e-06,2.4647590380402263e-05,False,7.116269107722373e-05,2000,175.98005321980082
17,rewired,directed_fixed,1.0,1.6,0.010992140254722055,2.915442054440831e-10,True,2.9777204513725582e-09,2000,175.98005321980082
17,rewired,directed_fixed,1.0,2.05,0.024350762382521873,5.551115123125783e-16,True,3.692957520609488e-15,2000,175.98005321980082
17,rewired,directed_fixed,1.0,2.5,0.039253036499996716,5.554584570077736e-15,True,3.3746894788594004e-14,2000,175.98005321980082
17,rewired,directed_fixed,0.4,0.8,2.3686396322855664e-34,2.4930005571879583e-32,True,1.4721007413617984e-32,2000,175.98005321980082
17,rewired,directed_fixed,0.4,1.2,2.866807415881578e-06,2.4956990148008746e-05,False,7.2872891020854e-05,2000,175.98005321980082
17,rewired,directed_fixed,0.4,1.6,0.011077099339465078,2.8668645235541135e-10,True,2.8834500154454642e-09,2000,175.98005321980082
17,rewired,directed_fixed,0.4,2.05,0.024740854384125724,5.551115123125783e-16,True,7.576156013286212e-15,2000,175.98005321980082
17,rewired,directed_fixed,0.4,2.5,0.03940170249759335,5.693362448155881e-15,True,3.0007452900611516e-14,2000,175.98005321980082
18,rewired,symmetric_renormalized,1.0,0.8,8.962682887180866e-33,9.221138049873162e-31,True,7.158017406887656e-31,2000,176.1651210882314
18,rewired,symmetric_renormalized,1.0,1.2,0.00039973738751957486,0.0002572694934413061,False,0.0012604123380969322,2000,176.1651210882314
18,rewired,symmetric_renormalized,1.0,1.6,0.012792441331912516,8.548940386154946e-08,False,8.183392947019468e-07,2000,176.1651210882314
18,rewired,symmetric_renormalized,1.0,2.05,0.03084124474774979,3.874262022307562e-12,True,3.061875447215676e-11,2000,176.1651210882314
18,rewired,symmetric_renormalized,1.0,2.5,0.05181614306011066,5.551115123125783e-16,True,2.7755575615628914e-17,2000,176.1651210882314
18,rewired,symmetric_renormalized,0.4,0.8,5.660127658148775e-13,3.304168131941673e-11,True,3.72081428254249e-11,1100,146.85660959565564
18,rewired,symmetric_renormalized,0.4,1.2,0.008244121314544082,7.206923113844965e-09,True,5.155362674618127e-08,1100,146.85660959565564
18,rewired,symmetric_renormalized,0.4,1.6,0.025365048783365887,1.9531739420264316e-09,True,8.122466894565092e-09,1100,146.85660959565564
18,rewired,symmetric_renormalized,0.4,2.05,0.050053046042623034,7.644995747568828e-13,True,1.9126988307960233e-12,1100,146.85660959565564
18,rewired,symmetric_renormalized,0.4,2.5,0.07615117595202553,5.551115123125783e-16,True,1.3969000851377026e-14,1100,146.85660959565564
18,rewired,symmetric_fixed,1.0,0.8,8.962682887180866e-33,9.221138049873162e-31,True,7.158017406887656e-31,2000,176.1651210882314
18,rewired,symmetric_fixed,1.0,1.2,0.00039973738751957486,0.0002572694934413061,False,0.0012604123380969322,2000,176.1651210882314
18,rewired,symmetric_fixed,1.0,1.6,0.012792441331912516,8.548940386154946e-08,False,8.183392947019468e-07,2000,176.1651210882314
18,rewired,symmetric_fixed,1.0,2.05,0.03084124474774979,3.874262022307562e-12,True,3.061875447215676e-11,2000,176.1651210882314
18,rewired,symmetric_fixed,1.0,2.5,0.05181614306011066,5.551115123125783e-16,True,2.7755575615628914e-17,2000,176.1651210882314
18,rewired,symmetric_fixed,0.4,0.8,9.89350817003577e-33,1.0129109447570636e-30,True,7.880476618884569e-31,2000,176.1651210882314
18,rewired,symmetric_fixed,0.4,1.2,0.0004286137797545939,0.00024201853478407476,False,0.001178207916988151,2000,176.1651210882314
18,rewired,symmetric_fixed,0.4,1.6,0.012852711229553473,7.625459114146693e-08,False,7.255008485215195e-07,2000,176.1651210882314
18,rewired,symmetric_fixed,0.4,2.05,0.030960655873580142,3.829964123625018e-12,True,3.015349591412739e-11,2000,176.1651210882314
18,rewired,symmetric_fixed,0.4,2.5,0.051973294079324155,5.551115123125783e-16,True,2.7863784897804254e-17,2000,176.1651210882314
18,rewired,directed_fixed,1.0,0.8,4.506939372007207e-35,5.104659792940442e-33,True,3.7276519822364134e-33,2000,176.00009310491956
18,rewired,directed_fixed,1.0,1.2,6.001410772015602e-07,6.2245025261908665e-06,False,2.6666913932120506e-05,2000,176.00009310491956
18,rewired,directed_fixed,1.0,1.6,0.011465662407372207,1.9818934798854215e-08,False,1.480510471362446e-07,2000,176.00009310491956
18,rewired,directed_fixed,1.0,2.05,0.027101419686347397,5.551115123125783e-16,True,2.710505431213761e-20,2000,176.00009310491956
18,rewired,directed_fixed,1.0,2.5,0.04393624286413475,2.2048335379665218e-11,True,3.233538886065972e-10,2000,176.00009310491956
18,rewired,directed_fixed,0.4,0.8,4.967760748369689e-35,5.570107457871684e-33,True,4.069930794345694e-33,2000,176.00009310491956
18,rewired,directed_fixed,0.4,1.2,6.79445623891175e-07,6.864596503509382e-06,False,2.9397372632547028e-05,2000,176.00009310491956
18,rewired,directed_fixed,0.4,1.6,0.011598613173690502,1.3976530544024257e-08,False,1.0495686037329151e-07,2000,176.00009310491956
18,rewired,directed_fixed,0.4,2.05,0.027358955507116412,5.551115123125783e-16,True,1.3954304488016687e-70,2000,176.00009310491956
18,rewired,directed_fixed,0.4,2.5,0.04434490342275952,2.0335483297273527e-11,True,2.9921283214237223e-10,2000,176.00009310491956
19,rewired,symmetric_renormalized,1.0,0.8,2.3870894427316914e-32,2.2852842521467234e-30,True,1.3589441859518958e-30,2000,176.24993344557257
19,rewired,symmetric_renormalized,1.0,1.2,0.0006902799455268537,8.464429656326877e-05,False,0.00031345371875124146,2000,176.24993344557257
19,rewired,symmetric_renormalized,1.0,1.6,0.011358839821262073,1.807274746523646e-09,True,2.1585404460869774e-08,2000,176.24993344557257
19,rewired,symmetric_renormalized,1.0,2.05,0.028784977114575526,5.622752263789721e-12,True,4.493386431807331e-11,2000,176.24993344557257
19,rewired,symmetric_renormalized,1.0,2.5,0.05229439658446395,5.551115123125783e-16,True,1.0842021724855044e-19,2000,176.24993344557257
19,rewired,symmetric_renormalized,0.4,0.8,6.7621834841865724e-21,3.8404639278539174e-19,True,3.3181011820079684e-19,2000,147.9163211970964
19,rewired,symmetric_renormalized,0.4,1.2,0.00694973120609078,1.789729778836624e-05,False,0.0007091709506783469,2000,147.9163211970964
19,rewired,symmetric_renormalized,0.4,1.6,0.0224076014311045,5.967448757360216e-16,True,2.6470314501322704e-15,2000,147.9163211970964
19,rewired,symmetric_renormalized,0.4,2.05,0.04934651510818934,5.551115123125783e-16,True,1.951563910473908e-18,2000,147.9163211970964
19,rewired,symmetric_renormalized,0.4,2.5,0.07757093362431229,5.551115123125783e-16,True,1.5509166326330385e-14,2000,147.9163211970964
19,rewired,symmetric_fixed,1.0,0.8,2.3870894427316914e-32,2.2852842521467234e-30,True,1.3589441859518958e-30,2000,176.24993344557257
19,rewired,symmetric_fixed,1.0,1.2,0.0006902799455268537,8.464429656326877e-05,False,0.00031345371875124146,2000,176.24993344557257
19,rewired,symmetric_fixed,1.0,1.6,0.011358839821262073,1.807274746523646e-09,True,2.1585404460869774e-08,2000,176.24993344557257
19,rewired,symmetric_fixed,1.0,2.05,0.028784977114575526,5.622752263789721e-12,True,4.493386431807331e-11,2000,176.24993344557257
19,rewired,symmetric_fixed,1.0,2.5,0.05229439658446395,5.551115123125783e-16,True,1.0842021724855044e-19,2000,176.24993344557257
19,rewired,symmetric_fixed,0.4,0.8,2.396255166341045e-32,2.292964575119231e-30,True,1.3613140984928614e-30,2000,176.24993344557257
19,rewired,symmetric_fixed,0.4,1.2,0.0006907051830129866,8.467342728721294e-05,False,0.0003102054912261527,2000,176.24993344557257
19,rewired,symmetric_fixed,0.4,1.6,0.011366793874076776,1.8131129930765155e-09,True,2.115950731628503e-08,2000,176.24993344557257
19,rewired,symmetric_fixed,0.4,2.05,0.028808959263837322,5.6331050934943505e-12,True,4.44448865312817e-11,2000,176.24993344557257
19,rewired,symmetric_fixed,0.4,2.5,0.0523394147552256,5.551115123125783e-16,True,1.788112030672749e-18,2000,176.24993344557257
19,rewired,directed_fixed,1.0,0.8,6.933780750473762e-35,7.24926764055509e-33,True,4.296591141928319e-33,2000,175.97925927914284
19,rewired,directed_fixed,1.0,1.2,1.0949403192590143e-06,1.0040330084842169e-05,False,2.451438510902381e-05,2000,175.97925927914284
19,rewired,directed_fixed,1.0,1.6,0.009720983915293505,2.420772915456837e-09,True,2.3325221700203005e-08,2000,175.97925927914284
19,rewired,directed_fixed,1.0,2.05,0.02361341396544784,5.551115123125783e-16,True,2.168404344971009e-19,2000,175.97925927914284
19,rewired,directed_fixed,1.0,2.5,0.04207248018279568,3.2807090377673376e-14,True,2.637924432773495e-13,2000,175.97925927914284
19,rewired,directed_fixed,0.4,0.8,6.993484485654246e-35,7.302039454898446e-33,True,4.3109463411609236e-33,2000,175.97925927914284
19,rewired,directed_fixed,0.4,1.2,1.1011767823684902e-06,1.0075612759247166e-05,False,2.434050963233693e-05,2000,175.97925927914284
19,rewired,directed_fixed,0.4,1.6,0.009764931673003656,2.251922481821822e-09,True,2.112510139491805e-08,2000,175.97925927914284
19,rewired,directed_fixed,0.4,2.05,0.02373834367930936,5.551115123125783e-16,True,1.734723475976807e-18,2000,175.97925927914284
19,rewired,directed_fixed,0.4,2.5,0.04229711036766269,3.164135620181696e-14,True,2.544362194275033e-13,2000,175.97925927914284
20,rewired,symmetric_renormalized,1.0,0.8,5.680477566320469e-28,3.4530856620832934e-26,True,3.266927078932344e-26,2000,176.20903021941263
20,rewired,symmetric_renormalized,1.0,1.2,0.0034732760476950016,2.4085483607549918e-11,True,1.6885991053470535e-10,2000,176.20903021941263
20,rewired,symmetric_renormalized,1.0,1.6,0.012787043255543275,1.522264317377342e-08,False,1.1659345358266693e-07,2000,176.20903021941263
20,rewired,symmetric_renormalized,1.0,2.05,0.031258649419979995,7.271960811294775e-15,True,1.0058344078364732e-13,2000,176.20903021941263
20,rewired,symmetric_renormalized,1.0,2.5,0.053847839582578834,5.551115123125783e-16,True,8.136747740334636e-66,2000,176.20903021941263
20,rewired,symmetric_renormalized,0.4,0.8,1.4294108914256436e-15,6.093191303521591e-14,True,7.818319305785713e-14,1400,158.51819169150787
20,rewired,symmetric_renormalized,0.4,1.2,0.006569968461095851,8.132948869921108e-09,True,1.265798995008496e-07,1400,158.51819169150787
20,rewired,symmetric_renormalized,0.4,1.6,0.019298975192043,1.4236334333617151e-11,True,1.4413358138365375e-10,1400,158.51819169150787
20,rewired,symmetric_renormalized,0.4,2.05,0.04279720982131856,2.9976021664879227e-15,True,1.6129511235368304e-14,1400,158.51819169150787
20,rewired,symmetric_renormalized,0.4,2.5,0.06797037573662057,5.551115123125783e-16,True,1.3552527156068805e-20,1400,158.51819169150787
20,rewired,symmetric_fixed,1.0,0.8,5.680477566320469e-28,3.4530856620832934e-26,True,3.266927078932344e-26,2000,176.20903021941263
20,rewired,symmetric_fixed,1.0,1.2,0.0034732760476950016,2.4085483607549918e-11,True,1.6885991053470535e-10,2000,176.20903021941263
20,rewired,symmetric_fixed,1.0,1.6,0.012787043255543275,1.522264317377342e-08,False,1.1659345358266693e-07,2000,176.20903021941263
20,rewired,symmetric_fixed,1.0,2.05,0.031258649419979995,7.271960811294775e-15,True,1.0058344078364732e-13,2000,176.20903021941263
20,rewired,symmetric_fixed,1.0,2.5,0.053847839582578834,5.551115123125783e-16,True,8.136747740334636e-66,2000,176.20903021941263
20,rewired,symmetric_fixed,0.4,0.8,5.7082157232657355e-28,3.464095945536064e-26,True,3.2621619688137145e-26,2000,176.20903021941263
20,rewired,symmetric_fixed,0.4,1.2,0.003477547316180879,2.422700928761401e-11,True,1.6836594096177398e-10,2000,176.20903021941263
20,rewired,symmetric_fixed,0.4,1.6,0.012802513195185855,1.5358462390757666e-08,False,1.1675019972489869e-07,2000,176.20903021941263
20,rewired,symmetric_fixed,0.4,2.05,0.03129480197796077,6.38378239159465e-15,True,9.423360736486574e-14,2000,176.20903021941263
20,rewired,symmetric_fixed,0.4,2.5,0.05390271130031478,5.551115123125783e-16,True,8.136747740334636e-66,2000,176.20903021941263
20,rewired,directed_fixed,1.0,0.8,2.8703049376797526e-34,3.8381148762630165e-32,True,4.907342806019972e-32,2000,176.00206509208587
20,rewired,directed_fixed,1.0,1.2,4.820747340680516e-06,4.852318604910079e-05,False,0.000592393994285009,2000,176.00206509208587
20,rewired,directed_fixed,1.0,1.6,0.010907521419287674,2.6029305918995327e-08,False,1.8455210771437304e-07,2000,176.00206509208587
20,rewired,directed_fixed,1.0,2.05,0.024551522886802946,5.551115123125783e-16,True,4.3422263169012155e-18,2000,176.00206509208587
20,rewired,directed_fixed,1.0,2.5,0.04180905156732562,1.522837411727096e-12,True,1.9304339820404256e-11,2000,176.00206509208587
20,rewired,directed_fixed,0.4,0.8,2.8812740441843894e-34,3.847573122994158e-32,True,4.914470670796249e-32,2000,176.00206509208587
20,rewired,directed_fixed,0.4,1.2,4.834052538235912e-06,4.859455446375562e-05,False,0.0005924476064793738,2000,176.00206509208587
20,rewired,directed_fixed,0.4,1.6,0.01093482755400116,2.5413916290850658e-08,False,1.7924931543020025e-07,2000,176.00206509208587
20,rewired,directed_fixed,0.4,2.05,0.02466283139481206,5.551115123125783e-16,True,3.1369011784648043e-16,2000,176.00206509208587
20,rewired,directed_fixed,0.4,2.5,0.042086547103028726,1.4271361870044075e-12,True,1.799821332933542e-11,2000,176.00206509208587
