side,seed,circuit,pns_with_input,theta,leak_learned,leak_control,specific,noise_FA,strength_rho,input_cv,max_participation,participation_gini,eval_active
right,-1,partial,46,0.3101794983170943,0.034876712328767115,0.0006301369863013699,0.034246575342465745,0.052,0.5902581948093586,0.8240803365397745,73,0.5117485236745621,0.09373035970345059
left,-1,partial,49,0.3793570151306988,0.03712328767123288,0.00010958904109589041,0.03701369863013699,0.054,0.6013594165674672,0.8355948878814033,72,0.49773399223745074,0.09661171051036489
right,280001,imputed_full,138,0.6431542080188758,0.021424657534246577,0.0009863013698630139,0.020438356164383564,0.034,0.45558248887909353,0.6463519839802381,70,0.5089081053416831,0.10600115934954389
right,280002,imputed_full,138,0.6574522315043163,0.022575342465753424,0.0003013698630136986,0.022273972602739726,0.042,0.49262650381313183,0.6463519839802381,73,0.5188930048649487,0.09743417640418586
right,280003,imputed_full,138,0.6460263349942729,0.025479452054794523,0.0015068493150684934,0.02397260273972603,0.054,0.46621269771350826,0.6463519839802381,73,0.49816236535162167,0.1031393965280532
right,280004,imputed_full,138,0.6505904428218502,0.023835616438356164,0.0007671232876712328,0.023068493150684932,0.04,0.45031564007364877,0.6463519839802381,72,0.5102117048845037,0.10024712450803917
right,280005,imputed_full,138,0.6656065716062747,0.04438356164383562,0.0030958904109589045,0.041287671232876716,0.086,0.40612372289777304,0.6463519839802381,73,0.5078066905694515,0.09909997864356103
right,280006,imputed_full,138,0.6278108773331204,0.0216986301369863,0.0005753424657534248,0.021123287671232876,0.048,0.536281136497119,0.6463519839802381,73,0.5141919887206294,0.1019434359459377
right,280007,imputed_full,138,0.653018984978757,0.017753424657534246,8.219178082191781e-05,0.01767123287671233,0.032,0.5022370231431221,0.6463519839802381,73,0.510840871589671,0.10030204106538121
right,280008,imputed_full,138,0.6049513014274914,0.01545205479452055,0.0013698630136986301,0.01408219178082192,0.04,0.4418473476557771,0.6463519839802381,73,0.5105655012746148,0.10372517313970162
right,280009,imputed_full,138,0.6535671396011882,0.0172054794520548,0.0006849315068493151,0.016520547945205483,0.046,0.46309032959832996,0.6463519839802381,73,0.499497937363596,0.10492113372181713
right,280010,imputed_full,138,0.6961219792053756,0.03753424657534247,0.0008493150684931507,0.036684931506849316,0.08,0.45359303943356116,0.6463519839802381,73,0.5110227340870911,0.09770265735119138
right,280011,imputed_full,138,0.6635615988546424,0.023726027397260274,0.0014794520547945207,0.02224657534246575,0.056,0.4825573307056669,0.6463519839802381,73,0.5140114232094048,0.10299295237514111
right,280012,imputed_full,138,0.6717258437308157,0.03761643835616439,0.0019178082191780824,0.035698630136986306,0.064,0.42207543528976954,0.6463519839802381,73,0.5136367140573371,0.10598285383042988
right,280013,imputed_full,138,0.6984554632366587,0.022164383561643835,0.002136986301369863,0.02002739726027397,0.048,0.3115665974448072,0.6463519839802381,72,0.5015165403724909,0.10330414620007933
right,280014,imputed_full,138,0.6261953670589429,0.016520547945205483,0.0007945205479452057,0.015726027397260277,0.042,0.4410235522966645,0.6463519839802381,73,0.4995558522279901,0.1018152973121396
right,280015,imputed_full,138,0.6566053573386312,0.012109589041095893,0.0004657534246575343,0.011643835616438359,0.026,0.4811696738709287,0.6463519839802381,73,0.5090257235127275,0.09905726576562833
right,280016,imputed_full,138,0.6465001379231672,0.02567123287671233,0.001123287671232877,0.024547945205479454,0.064,0.4969814784451544,0.6463519839802381,73,0.5065196312517493,0.10072306800500351
right,280017,imputed_full,138,0.6418190818350334,0.01586301369863014,0.000547945205479452,0.015315068493150686,0.036,0.41814519053250215,0.6463519839802381,72,0.5164695123613534,0.10622082557891205
right,280018,imputed_full,138,0.66779933256495,0.017534246575342465,0.0011232876712328767,0.01641095890410959,0.044,0.4192840824618793,0.6463519839802381,73,0.5124748138820286,0.09918540439942643
right,280019,imputed_full,138,0.644047969043201,0.03775342465753425,0.00263013698630137,0.03512328767123288,0.072,0.38860485869806005,0.6463519839802381,72,0.49522119161569017,0.1090886902401074
right,280020,imputed_full,138,0.7067040187652325,0.022328767123287675,0.0008767123287671233,0.02145205479452055,0.046,0.3807393035488836,0.6463519839802381,73,0.4957575783344955,0.10177868627391158
left,280001,imputed_full,133,0.6899932999776626,0.024000000000000004,0.001726027397260274,0.02227397260273973,0.048,0.49289014450777996,0.6798804840605718,73,0.5045399138270023,0.10036368044611468
left,280002,imputed_full,133,0.6958350590875418,0.02575342465753425,0.0007397260273972603,0.02501369863013699,0.044,0.5391416896059985,0.6798804840605718,73,0.49989286373957076,0.10202448781670506
left,280003,imputed_full,133,0.6979160838184965,0.028876712328767123,0.0013424657534246577,0.027534246575342466,0.058,0.5759076204704935,0.6798804840605718,73,0.4970323280883395,0.10204873317977936
left,280004,imputed_full,133,0.7266309026786848,0.02715068493150685,0.0009041095890410959,0.02624657534246575,0.052,0.4970175888850495,0.6798804840605718,73,0.49891296652290884,0.10052127530609771
left,280005,imputed_full,133,0.6859038232458636,0.039178082191780816,0.0016986301369863014,0.03747945205479451,0.074,0.4676051424590897,0.6798804840605718,73,0.5045557035831345,0.10115165474602981
left,280006,imputed_full,133,0.7266667022116052,0.024246575342465753,0.0012602739726027398,0.022986301369863012,0.044,0.5239003935419402,0.6798804840605718,73,0.5044990464670999,0.09929688447084495
left,280007,imputed_full,133,0.7308880534613059,0.02986301369863014,0.0009041095890410959,0.028958904109589043,0.052,0.49509500759756003,0.6798804840605718,73,0.5063317553569463,0.10340041217117227
left,280008,imputed_full,133,0.6796807083103915,0.035945205479452055,0.0017534246575342466,0.03419178082191781,0.068,0.5159678530046512,0.6798804840605718,73,0.4894593875449087,0.10191538368287065
left,280009,imputed_full,133,0.7344636254194299,0.022602739726027395,0.0026027397260273972,0.019999999999999997,0.048,0.44022161954921296,0.6798804840605718,73,0.4958650106765236,0.10663716814159292
left,280010,imputed_full,133,0.7379338526179937,0.028575342465753422,0.0018082191780821918,0.02676712328767123,0.068,0.468353145367521,0.6798804840605718,72,0.5005474475960031,0.10268517396048006
left,280011,imputed_full,133,0.750275098759805,0.029671232876712327,0.0008767123287671233,0.028794520547945204,0.038,0.4672129970402312,0.6798804840605718,73,0.48347720226718005,0.10718875015153352
left,280012,imputed_full,133,0.6916305313148472,0.020767123287671233,0.0007397260273972604,0.02002739726027397,0.032,0.50984538071241,0.6798804840605718,73,0.500823696119212,0.1032246332888835
left,280013,imputed_full,133,0.746565204588342,0.01991780821917808,0.0022191780821917808,0.0176986301369863,0.044,0.4124573818941806,0.6798804840605718,73,0.48745811520469273,0.10204873317977936
left,280014,imputed_full,133,0.7347172959497508,0.03128767123287671,0.0019726027397260278,0.02931506849315068,0.05,0.437287420088097,0.6798804840605718,72,0.4969322297776095,0.09937568190083647
left,280015,imputed_full,133,0.6977188443955291,0.026630136986301373,0.00041095890410958907,0.026219178082191784,0.044,0.5772473079107161,0.6798804840605718,73,0.5057969842308948,0.09896957206934173
left,280016,imputed_full,133,0.6826392176767198,0.025315068493150687,0.0008493150684931507,0.024465753424657535,0.052,0.5453402160095104,0.6798804840605718,73,0.5018566009996231,0.10298824099890896
left,280017,imputed_full,133,0.6839692726468178,0.03136986301369863,0.0017534246575342466,0.029616438356164385,0.054,0.49663944027351464,0.6798804840605718,73,0.4942346658594433,0.10660686143775003
left,280018,imputed_full,133,0.7595854299379684,0.04235616438356164,0.0013972602739726028,0.04095890410958904,0.06,0.4577344455694346,0.6798804840605718,73,0.50297485106613,0.09594496302582131
left,280019,imputed_full,133,0.734572687539981,0.026383561643835617,0.0023835616438356165,0.024,0.046,0.42635304976155464,0.6798804840605718,73,0.4874339278687928,0.10450963753182203
left,280020,imputed_full,133,0.817482232988735,0.030465753424657536,0.0030136986301369864,0.02745205479452055,0.062,0.39874329518885937,0.6798804840605718,73,0.4785004515544714,0.10035155776457752
